gene_id	gRNA_group	pair_type
CDKN2B	safe.harbor_pre_01_gene	negative_control
CDKN2B-AS1	safe.harbor_pre_01_gene	negative_control
p16.dialup	safe.harbor_pre_01_gene	negative_control
MTAP	safe.harbor_pre_01_gene	negative_control
DMRTA1	safe.harbor_pre_01_gene	negative_control
IFNB1	safe.harbor_pre_01_gene	negative_control
IFNE	safe.harbor_pre_01_gene	negative_control
IFNWP19	safe.harbor_pre_01_gene	negative_control
p14.dialup	safe.harbor_pre_01_gene	negative_control
CDKN2B	safe.harbor_pre_02_gene	negative_control
CDKN2B-AS1	safe.harbor_pre_02_gene	negative_control
p16.dialup	safe.harbor_pre_02_gene	negative_control
MTAP	safe.harbor_pre_02_gene	negative_control
DMRTA1	safe.harbor_pre_02_gene	negative_control
IFNB1	safe.harbor_pre_02_gene	negative_control
IFNE	safe.harbor_pre_02_gene	negative_control
IFNWP19	safe.harbor_pre_02_gene	negative_control
p14.dialup	safe.harbor_pre_02_gene	negative_control
CDKN2B	safe.harbor_pre_03_gene	negative_control
CDKN2B-AS1	safe.harbor_pre_03_gene	negative_control
p16.dialup	safe.harbor_pre_03_gene	negative_control
MTAP	safe.harbor_pre_03_gene	negative_control
DMRTA1	safe.harbor_pre_03_gene	negative_control
IFNB1	safe.harbor_pre_03_gene	negative_control
IFNE	safe.harbor_pre_03_gene	negative_control
IFNWP19	safe.harbor_pre_03_gene	negative_control
p14.dialup	safe.harbor_pre_03_gene	negative_control
CDKN2B	safe.harbor_pre_04_gene	negative_control
CDKN2B-AS1	safe.harbor_pre_04_gene	negative_control
p16.dialup	safe.harbor_pre_04_gene	negative_control
MTAP	safe.harbor_pre_04_gene	negative_control
DMRTA1	safe.harbor_pre_04_gene	negative_control
IFNB1	safe.harbor_pre_04_gene	negative_control
IFNE	safe.harbor_pre_04_gene	negative_control
IFNWP19	safe.harbor_pre_04_gene	negative_control
p14.dialup	safe.harbor_pre_04_gene	negative_control
CDKN2B	safe.harbor_pre_05_gene	negative_control
CDKN2B-AS1	safe.harbor_pre_05_gene	negative_control
p16.dialup	safe.harbor_pre_05_gene	negative_control
MTAP	safe.harbor_pre_05_gene	negative_control
DMRTA1	safe.harbor_pre_05_gene	negative_control
IFNB1	safe.harbor_pre_05_gene	negative_control
IFNE	safe.harbor_pre_05_gene	negative_control
IFNWP19	safe.harbor_pre_05_gene	negative_control
p14.dialup	safe.harbor_pre_05_gene	negative_control
CDKN2B	safe.harbor_pre_06_gene	negative_control
CDKN2B-AS1	safe.harbor_pre_06_gene	negative_control
p16.dialup	safe.harbor_pre_06_gene	negative_control
MTAP	safe.harbor_pre_06_gene	negative_control
DMRTA1	safe.harbor_pre_06_gene	negative_control
IFNB1	safe.harbor_pre_06_gene	negative_control
IFNE	safe.harbor_pre_06_gene	negative_control
IFNWP19	safe.harbor_pre_06_gene	negative_control
p14.dialup	safe.harbor_pre_06_gene	negative_control
CDKN2B	safe.harbor_pre_07_gene	negative_control
CDKN2B-AS1	safe.harbor_pre_07_gene	negative_control
p16.dialup	safe.harbor_pre_07_gene	negative_control
MTAP	safe.harbor_pre_07_gene	negative_control
DMRTA1	safe.harbor_pre_07_gene	negative_control
IFNB1	safe.harbor_pre_07_gene	negative_control
IFNE	safe.harbor_pre_07_gene	negative_control
IFNWP19	safe.harbor_pre_07_gene	negative_control
p14.dialup	safe.harbor_pre_07_gene	negative_control
CDKN2B	safe.harbor_pre_08_gene	negative_control
CDKN2B-AS1	safe.harbor_pre_08_gene	negative_control
p16.dialup	safe.harbor_pre_08_gene	negative_control
MTAP	safe.harbor_pre_08_gene	negative_control
DMRTA1	safe.harbor_pre_08_gene	negative_control
IFNB1	safe.harbor_pre_08_gene	negative_control
IFNE	safe.harbor_pre_08_gene	negative_control
IFNWP19	safe.harbor_pre_08_gene	negative_control
p14.dialup	safe.harbor_pre_08_gene	negative_control
CDKN2B	safe.harbor_pre_09_gene	negative_control
CDKN2B-AS1	safe.harbor_pre_09_gene	negative_control
p16.dialup	safe.harbor_pre_09_gene	negative_control
MTAP	safe.harbor_pre_09_gene	negative_control
DMRTA1	safe.harbor_pre_09_gene	negative_control
IFNB1	safe.harbor_pre_09_gene	negative_control
IFNE	safe.harbor_pre_09_gene	negative_control
IFNWP19	safe.harbor_pre_09_gene	negative_control
p14.dialup	safe.harbor_pre_09_gene	negative_control
CDKN2B	safe.harbor_pre_10_gene	negative_control
CDKN2B-AS1	safe.harbor_pre_10_gene	negative_control
p16.dialup	safe.harbor_pre_10_gene	negative_control
MTAP	safe.harbor_pre_10_gene	negative_control
DMRTA1	safe.harbor_pre_10_gene	negative_control
IFNB1	safe.harbor_pre_10_gene	negative_control
IFNE	safe.harbor_pre_10_gene	negative_control
IFNWP19	safe.harbor_pre_10_gene	negative_control
p14.dialup	safe.harbor_pre_10_gene	negative_control
CDKN2B	safe.harbor_pre_11_gene	negative_control
CDKN2B-AS1	safe.harbor_pre_11_gene	negative_control
p16.dialup	safe.harbor_pre_11_gene	negative_control
MTAP	safe.harbor_pre_11_gene	negative_control
DMRTA1	safe.harbor_pre_11_gene	negative_control
IFNB1	safe.harbor_pre_11_gene	negative_control
IFNE	safe.harbor_pre_11_gene	negative_control
IFNWP19	safe.harbor_pre_11_gene	negative_control
p14.dialup	safe.harbor_pre_11_gene	negative_control
CDKN2B	safe.harbor_pre_12_gene	negative_control
CDKN2B-AS1	safe.harbor_pre_12_gene	negative_control
p16.dialup	safe.harbor_pre_12_gene	negative_control
MTAP	safe.harbor_pre_12_gene	negative_control
DMRTA1	safe.harbor_pre_12_gene	negative_control
IFNB1	safe.harbor_pre_12_gene	negative_control
IFNE	safe.harbor_pre_12_gene	negative_control
IFNWP19	safe.harbor_pre_12_gene	negative_control
p14.dialup	safe.harbor_pre_12_gene	negative_control
CDKN2B	safe.harbor_pre_13_gene	negative_control
CDKN2B-AS1	safe.harbor_pre_13_gene	negative_control
p16.dialup	safe.harbor_pre_13_gene	negative_control
MTAP	safe.harbor_pre_13_gene	negative_control
DMRTA1	safe.harbor_pre_13_gene	negative_control
IFNB1	safe.harbor_pre_13_gene	negative_control
IFNE	safe.harbor_pre_13_gene	negative_control
IFNWP19	safe.harbor_pre_13_gene	negative_control
p14.dialup	safe.harbor_pre_13_gene	negative_control
CDKN2B	safe.harbor_pre_14_gene	negative_control
CDKN2B-AS1	safe.harbor_pre_14_gene	negative_control
p16.dialup	safe.harbor_pre_14_gene	negative_control
MTAP	safe.harbor_pre_14_gene	negative_control
DMRTA1	safe.harbor_pre_14_gene	negative_control
IFNB1	safe.harbor_pre_14_gene	negative_control
IFNE	safe.harbor_pre_14_gene	negative_control
IFNWP19	safe.harbor_pre_14_gene	negative_control
p14.dialup	safe.harbor_pre_14_gene	negative_control
CDKN2B	safe.harbor_pre_15_gene	negative_control
CDKN2B-AS1	safe.harbor_pre_15_gene	negative_control
p16.dialup	safe.harbor_pre_15_gene	negative_control
MTAP	safe.harbor_pre_15_gene	negative_control
DMRTA1	safe.harbor_pre_15_gene	negative_control
IFNB1	safe.harbor_pre_15_gene	negative_control
IFNE	safe.harbor_pre_15_gene	negative_control
IFNWP19	safe.harbor_pre_15_gene	negative_control
p14.dialup	safe.harbor_pre_15_gene	negative_control
CDKN2B	safe.harbor_pre_16_gene	negative_control
CDKN2B-AS1	safe.harbor_pre_16_gene	negative_control
p16.dialup	safe.harbor_pre_16_gene	negative_control
MTAP	safe.harbor_pre_16_gene	negative_control
DMRTA1	safe.harbor_pre_16_gene	negative_control
IFNB1	safe.harbor_pre_16_gene	negative_control
IFNE	safe.harbor_pre_16_gene	negative_control
IFNWP19	safe.harbor_pre_16_gene	negative_control
p14.dialup	safe.harbor_pre_16_gene	negative_control
CDKN2B	safe.harbor_pre_17_gene	negative_control
CDKN2B-AS1	safe.harbor_pre_17_gene	negative_control
p16.dialup	safe.harbor_pre_17_gene	negative_control
MTAP	safe.harbor_pre_17_gene	negative_control
DMRTA1	safe.harbor_pre_17_gene	negative_control
IFNB1	safe.harbor_pre_17_gene	negative_control
IFNE	safe.harbor_pre_17_gene	negative_control
IFNWP19	safe.harbor_pre_17_gene	negative_control
p14.dialup	safe.harbor_pre_17_gene	negative_control
CDKN2B	safe.harbor_pre_18_gene	negative_control
CDKN2B-AS1	safe.harbor_pre_18_gene	negative_control
p16.dialup	safe.harbor_pre_18_gene	negative_control
MTAP	safe.harbor_pre_18_gene	negative_control
DMRTA1	safe.harbor_pre_18_gene	negative_control
IFNB1	safe.harbor_pre_18_gene	negative_control
IFNE	safe.harbor_pre_18_gene	negative_control
IFNWP19	safe.harbor_pre_18_gene	negative_control
p14.dialup	safe.harbor_pre_18_gene	negative_control
CDKN2B	safe.harbor_pre_19_gene	negative_control
CDKN2B-AS1	safe.harbor_pre_19_gene	negative_control
p16.dialup	safe.harbor_pre_19_gene	negative_control
MTAP	safe.harbor_pre_19_gene	negative_control
DMRTA1	safe.harbor_pre_19_gene	negative_control
IFNB1	safe.harbor_pre_19_gene	negative_control
IFNE	safe.harbor_pre_19_gene	negative_control
IFNWP19	safe.harbor_pre_19_gene	negative_control
p14.dialup	safe.harbor_pre_19_gene	negative_control
CDKN2B	safe.harbor_pre_20_gene	negative_control
CDKN2B-AS1	safe.harbor_pre_20_gene	negative_control
p16.dialup	safe.harbor_pre_20_gene	negative_control
MTAP	safe.harbor_pre_20_gene	negative_control
DMRTA1	safe.harbor_pre_20_gene	negative_control
IFNB1	safe.harbor_pre_20_gene	negative_control
IFNE	safe.harbor_pre_20_gene	negative_control
IFNWP19	safe.harbor_pre_20_gene	negative_control
p14.dialup	safe.harbor_pre_20_gene	negative_control
CDKN2B	safe.harbor_pre_21_gene	negative_control
CDKN2B-AS1	safe.harbor_pre_21_gene	negative_control
p16.dialup	safe.harbor_pre_21_gene	negative_control
MTAP	safe.harbor_pre_21_gene	negative_control
DMRTA1	safe.harbor_pre_21_gene	negative_control
IFNB1	safe.harbor_pre_21_gene	negative_control
IFNE	safe.harbor_pre_21_gene	negative_control
IFNWP19	safe.harbor_pre_21_gene	negative_control
p14.dialup	safe.harbor_pre_21_gene	negative_control
CDKN2B	safe.harbor_pre_22_gene	negative_control
CDKN2B-AS1	safe.harbor_pre_22_gene	negative_control
p16.dialup	safe.harbor_pre_22_gene	negative_control
MTAP	safe.harbor_pre_22_gene	negative_control
DMRTA1	safe.harbor_pre_22_gene	negative_control
IFNB1	safe.harbor_pre_22_gene	negative_control
IFNE	safe.harbor_pre_22_gene	negative_control
IFNWP19	safe.harbor_pre_22_gene	negative_control
p14.dialup	safe.harbor_pre_22_gene	negative_control
CDKN2B	safe.harbor_pre_23_gene	negative_control
CDKN2B-AS1	safe.harbor_pre_23_gene	negative_control
p16.dialup	safe.harbor_pre_23_gene	negative_control
MTAP	safe.harbor_pre_23_gene	negative_control
DMRTA1	safe.harbor_pre_23_gene	negative_control
IFNB1	safe.harbor_pre_23_gene	negative_control
IFNE	safe.harbor_pre_23_gene	negative_control
IFNWP19	safe.harbor_pre_23_gene	negative_control
p14.dialup	safe.harbor_pre_23_gene	negative_control
CDKN2B	safe.harbor_pre_24_gene	negative_control
CDKN2B-AS1	safe.harbor_pre_24_gene	negative_control
p16.dialup	safe.harbor_pre_24_gene	negative_control
MTAP	safe.harbor_pre_24_gene	negative_control
DMRTA1	safe.harbor_pre_24_gene	negative_control
IFNB1	safe.harbor_pre_24_gene	negative_control
IFNE	safe.harbor_pre_24_gene	negative_control
IFNWP19	safe.harbor_pre_24_gene	negative_control
p14.dialup	safe.harbor_pre_24_gene	negative_control
CDKN2B	safe.harbor_pre_25_gene	negative_control
CDKN2B-AS1	safe.harbor_pre_25_gene	negative_control
p16.dialup	safe.harbor_pre_25_gene	negative_control
MTAP	safe.harbor_pre_25_gene	negative_control
DMRTA1	safe.harbor_pre_25_gene	negative_control
IFNB1	safe.harbor_pre_25_gene	negative_control
IFNE	safe.harbor_pre_25_gene	negative_control
IFNWP19	safe.harbor_pre_25_gene	negative_control
p14.dialup	safe.harbor_pre_25_gene	negative_control
CDKN2B	safe.harbor_pre_26_gene	negative_control
CDKN2B-AS1	safe.harbor_pre_26_gene	negative_control
p16.dialup	safe.harbor_pre_26_gene	negative_control
MTAP	safe.harbor_pre_26_gene	negative_control
DMRTA1	safe.harbor_pre_26_gene	negative_control
IFNB1	safe.harbor_pre_26_gene	negative_control
IFNE	safe.harbor_pre_26_gene	negative_control
IFNWP19	safe.harbor_pre_26_gene	negative_control
p14.dialup	safe.harbor_pre_26_gene	negative_control
CDKN2B	safe.harbor_pre_27_gene	negative_control
CDKN2B-AS1	safe.harbor_pre_27_gene	negative_control
p16.dialup	safe.harbor_pre_27_gene	negative_control
MTAP	safe.harbor_pre_27_gene	negative_control
DMRTA1	safe.harbor_pre_27_gene	negative_control
IFNB1	safe.harbor_pre_27_gene	negative_control
IFNE	safe.harbor_pre_27_gene	negative_control
IFNWP19	safe.harbor_pre_27_gene	negative_control
p14.dialup	safe.harbor_pre_27_gene	negative_control
CDKN2B	safe.harbor_pre_28_gene	negative_control
CDKN2B-AS1	safe.harbor_pre_28_gene	negative_control
p16.dialup	safe.harbor_pre_28_gene	negative_control
MTAP	safe.harbor_pre_28_gene	negative_control
DMRTA1	safe.harbor_pre_28_gene	negative_control
IFNB1	safe.harbor_pre_28_gene	negative_control
IFNE	safe.harbor_pre_28_gene	negative_control
IFNWP19	safe.harbor_pre_28_gene	negative_control
p14.dialup	safe.harbor_pre_28_gene	negative_control
CDKN2B	safe.harbor_pre_29_gene	negative_control
CDKN2B-AS1	safe.harbor_pre_29_gene	negative_control
p16.dialup	safe.harbor_pre_29_gene	negative_control
MTAP	safe.harbor_pre_29_gene	negative_control
DMRTA1	safe.harbor_pre_29_gene	negative_control
IFNB1	safe.harbor_pre_29_gene	negative_control
IFNE	safe.harbor_pre_29_gene	negative_control
IFNWP19	safe.harbor_pre_29_gene	negative_control
p14.dialup	safe.harbor_pre_29_gene	negative_control
CDKN2B	safe.harbor_pre_30_gene	negative_control
CDKN2B-AS1	safe.harbor_pre_30_gene	negative_control
p16.dialup	safe.harbor_pre_30_gene	negative_control
MTAP	safe.harbor_pre_30_gene	negative_control
DMRTA1	safe.harbor_pre_30_gene	negative_control
IFNB1	safe.harbor_pre_30_gene	negative_control
IFNE	safe.harbor_pre_30_gene	negative_control
IFNWP19	safe.harbor_pre_30_gene	negative_control
p14.dialup	safe.harbor_pre_30_gene	negative_control
CDKN2B	safe.harbor_pre_31_gene	negative_control
CDKN2B-AS1	safe.harbor_pre_31_gene	negative_control
p16.dialup	safe.harbor_pre_31_gene	negative_control
MTAP	safe.harbor_pre_31_gene	negative_control
DMRTA1	safe.harbor_pre_31_gene	negative_control
IFNB1	safe.harbor_pre_31_gene	negative_control
IFNE	safe.harbor_pre_31_gene	negative_control
IFNWP19	safe.harbor_pre_31_gene	negative_control
p14.dialup	safe.harbor_pre_31_gene	negative_control
CDKN2B	safe.harbor_pre_32_gene	negative_control
CDKN2B-AS1	safe.harbor_pre_32_gene	negative_control
p16.dialup	safe.harbor_pre_32_gene	negative_control
MTAP	safe.harbor_pre_32_gene	negative_control
DMRTA1	safe.harbor_pre_32_gene	negative_control
IFNB1	safe.harbor_pre_32_gene	negative_control
IFNE	safe.harbor_pre_32_gene	negative_control
IFNWP19	safe.harbor_pre_32_gene	negative_control
p14.dialup	safe.harbor_pre_32_gene	negative_control
CDKN2B	safe.harbor_pre_33_gene	negative_control
CDKN2B-AS1	safe.harbor_pre_33_gene	negative_control
p16.dialup	safe.harbor_pre_33_gene	negative_control
MTAP	safe.harbor_pre_33_gene	negative_control
DMRTA1	safe.harbor_pre_33_gene	negative_control
IFNB1	safe.harbor_pre_33_gene	negative_control
IFNE	safe.harbor_pre_33_gene	negative_control
IFNWP19	safe.harbor_pre_33_gene	negative_control
p14.dialup	safe.harbor_pre_33_gene	negative_control
CDKN2B	safe.harbor_pre_34_gene	negative_control
CDKN2B-AS1	safe.harbor_pre_34_gene	negative_control
p16.dialup	safe.harbor_pre_34_gene	negative_control
MTAP	safe.harbor_pre_34_gene	negative_control
DMRTA1	safe.harbor_pre_34_gene	negative_control
IFNB1	safe.harbor_pre_34_gene	negative_control
IFNE	safe.harbor_pre_34_gene	negative_control
IFNWP19	safe.harbor_pre_34_gene	negative_control
p14.dialup	safe.harbor_pre_34_gene	negative_control
CDKN2B	safe.harbor_pre_35_gene	negative_control
CDKN2B-AS1	safe.harbor_pre_35_gene	negative_control
p16.dialup	safe.harbor_pre_35_gene	negative_control
MTAP	safe.harbor_pre_35_gene	negative_control
DMRTA1	safe.harbor_pre_35_gene	negative_control
IFNB1	safe.harbor_pre_35_gene	negative_control
IFNE	safe.harbor_pre_35_gene	negative_control
IFNWP19	safe.harbor_pre_35_gene	negative_control
p14.dialup	safe.harbor_pre_35_gene	negative_control
CDKN2B	safe.harbor_pre_36_gene	negative_control
CDKN2B-AS1	safe.harbor_pre_36_gene	negative_control
p16.dialup	safe.harbor_pre_36_gene	negative_control
MTAP	safe.harbor_pre_36_gene	negative_control
DMRTA1	safe.harbor_pre_36_gene	negative_control
IFNB1	safe.harbor_pre_36_gene	negative_control
IFNE	safe.harbor_pre_36_gene	negative_control
IFNWP19	safe.harbor_pre_36_gene	negative_control
p14.dialup	safe.harbor_pre_36_gene	negative_control
CDKN2B	safe.harbor_pre_37_gene	negative_control
CDKN2B-AS1	safe.harbor_pre_37_gene	negative_control
p16.dialup	safe.harbor_pre_37_gene	negative_control
MTAP	safe.harbor_pre_37_gene	negative_control
DMRTA1	safe.harbor_pre_37_gene	negative_control
IFNB1	safe.harbor_pre_37_gene	negative_control
IFNE	safe.harbor_pre_37_gene	negative_control
IFNWP19	safe.harbor_pre_37_gene	negative_control
p14.dialup	safe.harbor_pre_37_gene	negative_control
CDKN2B	safe.harbor_pre_38_gene	negative_control
CDKN2B-AS1	safe.harbor_pre_38_gene	negative_control
p16.dialup	safe.harbor_pre_38_gene	negative_control
MTAP	safe.harbor_pre_38_gene	negative_control
DMRTA1	safe.harbor_pre_38_gene	negative_control
IFNB1	safe.harbor_pre_38_gene	negative_control
IFNE	safe.harbor_pre_38_gene	negative_control
IFNWP19	safe.harbor_pre_38_gene	negative_control
p14.dialup	safe.harbor_pre_38_gene	negative_control
CDKN2B	safe.harbor_pre_39_gene	negative_control
CDKN2B-AS1	safe.harbor_pre_39_gene	negative_control
p16.dialup	safe.harbor_pre_39_gene	negative_control
MTAP	safe.harbor_pre_39_gene	negative_control
DMRTA1	safe.harbor_pre_39_gene	negative_control
IFNB1	safe.harbor_pre_39_gene	negative_control
IFNE	safe.harbor_pre_39_gene	negative_control
IFNWP19	safe.harbor_pre_39_gene	negative_control
p14.dialup	safe.harbor_pre_39_gene	negative_control
CDKN2B	safe.harbor_pre_40_gene	negative_control
CDKN2B-AS1	safe.harbor_pre_40_gene	negative_control
p16.dialup	safe.harbor_pre_40_gene	negative_control
MTAP	safe.harbor_pre_40_gene	negative_control
DMRTA1	safe.harbor_pre_40_gene	negative_control
IFNB1	safe.harbor_pre_40_gene	negative_control
IFNE	safe.harbor_pre_40_gene	negative_control
IFNWP19	safe.harbor_pre_40_gene	negative_control
p14.dialup	safe.harbor_pre_40_gene	negative_control
CDKN2B	safe.harbor_pre_41_gene	negative_control
CDKN2B-AS1	safe.harbor_pre_41_gene	negative_control
p16.dialup	safe.harbor_pre_41_gene	negative_control
MTAP	safe.harbor_pre_41_gene	negative_control
DMRTA1	safe.harbor_pre_41_gene	negative_control
IFNB1	safe.harbor_pre_41_gene	negative_control
IFNE	safe.harbor_pre_41_gene	negative_control
IFNWP19	safe.harbor_pre_41_gene	negative_control
p14.dialup	safe.harbor_pre_41_gene	negative_control
CDKN2B	safe.harbor_pre_42_gene	negative_control
CDKN2B-AS1	safe.harbor_pre_42_gene	negative_control
p16.dialup	safe.harbor_pre_42_gene	negative_control
MTAP	safe.harbor_pre_42_gene	negative_control
DMRTA1	safe.harbor_pre_42_gene	negative_control
IFNB1	safe.harbor_pre_42_gene	negative_control
IFNE	safe.harbor_pre_42_gene	negative_control
IFNWP19	safe.harbor_pre_42_gene	negative_control
p14.dialup	safe.harbor_pre_42_gene	negative_control
CDKN2B	safe.harbor_pre_43_gene	negative_control
CDKN2B-AS1	safe.harbor_pre_43_gene	negative_control
p16.dialup	safe.harbor_pre_43_gene	negative_control
MTAP	safe.harbor_pre_43_gene	negative_control
DMRTA1	safe.harbor_pre_43_gene	negative_control
IFNB1	safe.harbor_pre_43_gene	negative_control
IFNE	safe.harbor_pre_43_gene	negative_control
IFNWP19	safe.harbor_pre_43_gene	negative_control
p14.dialup	safe.harbor_pre_43_gene	negative_control
CDKN2B	safe.harbor_pre_44_gene	negative_control
CDKN2B-AS1	safe.harbor_pre_44_gene	negative_control
p16.dialup	safe.harbor_pre_44_gene	negative_control
MTAP	safe.harbor_pre_44_gene	negative_control
DMRTA1	safe.harbor_pre_44_gene	negative_control
IFNB1	safe.harbor_pre_44_gene	negative_control
IFNE	safe.harbor_pre_44_gene	negative_control
IFNWP19	safe.harbor_pre_44_gene	negative_control
p14.dialup	safe.harbor_pre_44_gene	negative_control
CDKN2B	safe.harbor_pre_45_gene	negative_control
CDKN2B-AS1	safe.harbor_pre_45_gene	negative_control
p16.dialup	safe.harbor_pre_45_gene	negative_control
MTAP	safe.harbor_pre_45_gene	negative_control
DMRTA1	safe.harbor_pre_45_gene	negative_control
IFNB1	safe.harbor_pre_45_gene	negative_control
IFNE	safe.harbor_pre_45_gene	negative_control
IFNWP19	safe.harbor_pre_45_gene	negative_control
p14.dialup	safe.harbor_pre_45_gene	negative_control
CDKN2B	safe.harbor_pre_46_gene	negative_control
CDKN2B-AS1	safe.harbor_pre_46_gene	negative_control
p16.dialup	safe.harbor_pre_46_gene	negative_control
MTAP	safe.harbor_pre_46_gene	negative_control
DMRTA1	safe.harbor_pre_46_gene	negative_control
IFNB1	safe.harbor_pre_46_gene	negative_control
IFNE	safe.harbor_pre_46_gene	negative_control
IFNWP19	safe.harbor_pre_46_gene	negative_control
p14.dialup	safe.harbor_pre_46_gene	negative_control
CDKN2B	safe.harbor_pre_47_gene	negative_control
CDKN2B-AS1	safe.harbor_pre_47_gene	negative_control
p16.dialup	safe.harbor_pre_47_gene	negative_control
MTAP	safe.harbor_pre_47_gene	negative_control
DMRTA1	safe.harbor_pre_47_gene	negative_control
IFNB1	safe.harbor_pre_47_gene	negative_control
IFNE	safe.harbor_pre_47_gene	negative_control
IFNWP19	safe.harbor_pre_47_gene	negative_control
p14.dialup	safe.harbor_pre_47_gene	negative_control
CDKN2B	safe.harbor_pre_48_gene	negative_control
CDKN2B-AS1	safe.harbor_pre_48_gene	negative_control
p16.dialup	safe.harbor_pre_48_gene	negative_control
MTAP	safe.harbor_pre_48_gene	negative_control
DMRTA1	safe.harbor_pre_48_gene	negative_control
IFNB1	safe.harbor_pre_48_gene	negative_control
IFNE	safe.harbor_pre_48_gene	negative_control
IFNWP19	safe.harbor_pre_48_gene	negative_control
p14.dialup	safe.harbor_pre_48_gene	negative_control
CDKN2B	safe.harbor_pre_49_gene	negative_control
CDKN2B-AS1	safe.harbor_pre_49_gene	negative_control
p16.dialup	safe.harbor_pre_49_gene	negative_control
MTAP	safe.harbor_pre_49_gene	negative_control
DMRTA1	safe.harbor_pre_49_gene	negative_control
IFNB1	safe.harbor_pre_49_gene	negative_control
IFNE	safe.harbor_pre_49_gene	negative_control
IFNWP19	safe.harbor_pre_49_gene	negative_control
p14.dialup	safe.harbor_pre_49_gene	negative_control
CDKN2B	safe.harbor_pre_50_gene	negative_control
CDKN2B-AS1	safe.harbor_pre_50_gene	negative_control
p16.dialup	safe.harbor_pre_50_gene	negative_control
MTAP	safe.harbor_pre_50_gene	negative_control
DMRTA1	safe.harbor_pre_50_gene	negative_control
IFNB1	safe.harbor_pre_50_gene	negative_control
IFNE	safe.harbor_pre_50_gene	negative_control
IFNWP19	safe.harbor_pre_50_gene	negative_control
p14.dialup	safe.harbor_pre_50_gene	negative_control
CDKN2B	safe.harbor_pre_51_gene	negative_control
CDKN2B-AS1	safe.harbor_pre_51_gene	negative_control
p16.dialup	safe.harbor_pre_51_gene	negative_control
MTAP	safe.harbor_pre_51_gene	negative_control
DMRTA1	safe.harbor_pre_51_gene	negative_control
IFNB1	safe.harbor_pre_51_gene	negative_control
IFNE	safe.harbor_pre_51_gene	negative_control
IFNWP19	safe.harbor_pre_51_gene	negative_control
p14.dialup	safe.harbor_pre_51_gene	negative_control
CDKN2B	safe.harbor_pre_52_gene	negative_control
CDKN2B-AS1	safe.harbor_pre_52_gene	negative_control
p16.dialup	safe.harbor_pre_52_gene	negative_control
MTAP	safe.harbor_pre_52_gene	negative_control
DMRTA1	safe.harbor_pre_52_gene	negative_control
IFNB1	safe.harbor_pre_52_gene	negative_control
IFNE	safe.harbor_pre_52_gene	negative_control
IFNWP19	safe.harbor_pre_52_gene	negative_control
p14.dialup	safe.harbor_pre_52_gene	negative_control
CDKN2B	safe.harbor_pre_53_gene	negative_control
CDKN2B-AS1	safe.harbor_pre_53_gene	negative_control
p16.dialup	safe.harbor_pre_53_gene	negative_control
MTAP	safe.harbor_pre_53_gene	negative_control
DMRTA1	safe.harbor_pre_53_gene	negative_control
IFNB1	safe.harbor_pre_53_gene	negative_control
IFNE	safe.harbor_pre_53_gene	negative_control
IFNWP19	safe.harbor_pre_53_gene	negative_control
p14.dialup	safe.harbor_pre_53_gene	negative_control
CDKN2B	safe.harbor_pre_54_gene	negative_control
CDKN2B-AS1	safe.harbor_pre_54_gene	negative_control
p16.dialup	safe.harbor_pre_54_gene	negative_control
MTAP	safe.harbor_pre_54_gene	negative_control
DMRTA1	safe.harbor_pre_54_gene	negative_control
IFNB1	safe.harbor_pre_54_gene	negative_control
IFNE	safe.harbor_pre_54_gene	negative_control
IFNWP19	safe.harbor_pre_54_gene	negative_control
p14.dialup	safe.harbor_pre_54_gene	negative_control
CDKN2B	safe.harbor_pre_55_gene	negative_control
CDKN2B-AS1	safe.harbor_pre_55_gene	negative_control
p16.dialup	safe.harbor_pre_55_gene	negative_control
MTAP	safe.harbor_pre_55_gene	negative_control
DMRTA1	safe.harbor_pre_55_gene	negative_control
IFNB1	safe.harbor_pre_55_gene	negative_control
IFNE	safe.harbor_pre_55_gene	negative_control
IFNWP19	safe.harbor_pre_55_gene	negative_control
p14.dialup	safe.harbor_pre_55_gene	negative_control
CDKN2B	safe.harbor_pre_56_gene	negative_control
CDKN2B-AS1	safe.harbor_pre_56_gene	negative_control
p16.dialup	safe.harbor_pre_56_gene	negative_control
MTAP	safe.harbor_pre_56_gene	negative_control
DMRTA1	safe.harbor_pre_56_gene	negative_control
IFNB1	safe.harbor_pre_56_gene	negative_control
IFNE	safe.harbor_pre_56_gene	negative_control
IFNWP19	safe.harbor_pre_56_gene	negative_control
p14.dialup	safe.harbor_pre_56_gene	negative_control
CDKN2B	safe.harbor_pre_57_gene	negative_control
CDKN2B-AS1	safe.harbor_pre_57_gene	negative_control
p16.dialup	safe.harbor_pre_57_gene	negative_control
MTAP	safe.harbor_pre_57_gene	negative_control
DMRTA1	safe.harbor_pre_57_gene	negative_control
IFNB1	safe.harbor_pre_57_gene	negative_control
IFNE	safe.harbor_pre_57_gene	negative_control
IFNWP19	safe.harbor_pre_57_gene	negative_control
p14.dialup	safe.harbor_pre_57_gene	negative_control
CDKN2B	safe.harbor_pre_58_gene	negative_control
CDKN2B-AS1	safe.harbor_pre_58_gene	negative_control
p16.dialup	safe.harbor_pre_58_gene	negative_control
MTAP	safe.harbor_pre_58_gene	negative_control
DMRTA1	safe.harbor_pre_58_gene	negative_control
IFNB1	safe.harbor_pre_58_gene	negative_control
IFNE	safe.harbor_pre_58_gene	negative_control
IFNWP19	safe.harbor_pre_58_gene	negative_control
p14.dialup	safe.harbor_pre_58_gene	negative_control
CDKN2B	safe.harbor_pre_59_gene	negative_control
CDKN2B-AS1	safe.harbor_pre_59_gene	negative_control
p16.dialup	safe.harbor_pre_59_gene	negative_control
MTAP	safe.harbor_pre_59_gene	negative_control
DMRTA1	safe.harbor_pre_59_gene	negative_control
IFNB1	safe.harbor_pre_59_gene	negative_control
IFNE	safe.harbor_pre_59_gene	negative_control
IFNWP19	safe.harbor_pre_59_gene	negative_control
p14.dialup	safe.harbor_pre_59_gene	negative_control
CDKN2B	safe.harbor_pre_60_gene	negative_control
CDKN2B-AS1	safe.harbor_pre_60_gene	negative_control
p16.dialup	safe.harbor_pre_60_gene	negative_control
MTAP	safe.harbor_pre_60_gene	negative_control
DMRTA1	safe.harbor_pre_60_gene	negative_control
IFNB1	safe.harbor_pre_60_gene	negative_control
IFNE	safe.harbor_pre_60_gene	negative_control
IFNWP19	safe.harbor_pre_60_gene	negative_control
p14.dialup	safe.harbor_pre_60_gene	negative_control
CDKN2B	safe.harbor_pre_61_gene	negative_control
CDKN2B-AS1	safe.harbor_pre_61_gene	negative_control
p16.dialup	safe.harbor_pre_61_gene	negative_control
MTAP	safe.harbor_pre_61_gene	negative_control
DMRTA1	safe.harbor_pre_61_gene	negative_control
IFNB1	safe.harbor_pre_61_gene	negative_control
IFNE	safe.harbor_pre_61_gene	negative_control
IFNWP19	safe.harbor_pre_61_gene	negative_control
p14.dialup	safe.harbor_pre_61_gene	negative_control
CDKN2B	safe.harbor_pre_62_gene	negative_control
CDKN2B-AS1	safe.harbor_pre_62_gene	negative_control
p16.dialup	safe.harbor_pre_62_gene	negative_control
MTAP	safe.harbor_pre_62_gene	negative_control
DMRTA1	safe.harbor_pre_62_gene	negative_control
IFNB1	safe.harbor_pre_62_gene	negative_control
IFNE	safe.harbor_pre_62_gene	negative_control
IFNWP19	safe.harbor_pre_62_gene	negative_control
p14.dialup	safe.harbor_pre_62_gene	negative_control
CDKN2B	safe.harbor_pre_63_gene	negative_control
CDKN2B-AS1	safe.harbor_pre_63_gene	negative_control
p16.dialup	safe.harbor_pre_63_gene	negative_control
MTAP	safe.harbor_pre_63_gene	negative_control
DMRTA1	safe.harbor_pre_63_gene	negative_control
IFNB1	safe.harbor_pre_63_gene	negative_control
IFNE	safe.harbor_pre_63_gene	negative_control
IFNWP19	safe.harbor_pre_63_gene	negative_control
p14.dialup	safe.harbor_pre_63_gene	negative_control
CDKN2B	safe.harbor_pre_64_gene	negative_control
CDKN2B-AS1	safe.harbor_pre_64_gene	negative_control
p16.dialup	safe.harbor_pre_64_gene	negative_control
MTAP	safe.harbor_pre_64_gene	negative_control
DMRTA1	safe.harbor_pre_64_gene	negative_control
IFNB1	safe.harbor_pre_64_gene	negative_control
IFNE	safe.harbor_pre_64_gene	negative_control
IFNWP19	safe.harbor_pre_64_gene	negative_control
p14.dialup	safe.harbor_pre_64_gene	negative_control
CDKN2B	safe.harbor_pre_65_gene	negative_control
CDKN2B-AS1	safe.harbor_pre_65_gene	negative_control
p16.dialup	safe.harbor_pre_65_gene	negative_control
MTAP	safe.harbor_pre_65_gene	negative_control
DMRTA1	safe.harbor_pre_65_gene	negative_control
IFNB1	safe.harbor_pre_65_gene	negative_control
IFNE	safe.harbor_pre_65_gene	negative_control
IFNWP19	safe.harbor_pre_65_gene	negative_control
p14.dialup	safe.harbor_pre_65_gene	negative_control
CDKN2B	safe.harbor_pre_66_gene	negative_control
CDKN2B-AS1	safe.harbor_pre_66_gene	negative_control
p16.dialup	safe.harbor_pre_66_gene	negative_control
MTAP	safe.harbor_pre_66_gene	negative_control
DMRTA1	safe.harbor_pre_66_gene	negative_control
IFNB1	safe.harbor_pre_66_gene	negative_control
IFNE	safe.harbor_pre_66_gene	negative_control
IFNWP19	safe.harbor_pre_66_gene	negative_control
p14.dialup	safe.harbor_pre_66_gene	negative_control
CDKN2B	safe.harbor_pre_67_gene	negative_control
CDKN2B-AS1	safe.harbor_pre_67_gene	negative_control
p16.dialup	safe.harbor_pre_67_gene	negative_control
MTAP	safe.harbor_pre_67_gene	negative_control
DMRTA1	safe.harbor_pre_67_gene	negative_control
IFNB1	safe.harbor_pre_67_gene	negative_control
IFNE	safe.harbor_pre_67_gene	negative_control
IFNWP19	safe.harbor_pre_67_gene	negative_control
p14.dialup	safe.harbor_pre_67_gene	negative_control
CDKN2B	safe.harbor_pre_68_gene	negative_control
CDKN2B-AS1	safe.harbor_pre_68_gene	negative_control
p16.dialup	safe.harbor_pre_68_gene	negative_control
MTAP	safe.harbor_pre_68_gene	negative_control
DMRTA1	safe.harbor_pre_68_gene	negative_control
IFNB1	safe.harbor_pre_68_gene	negative_control
IFNE	safe.harbor_pre_68_gene	negative_control
IFNWP19	safe.harbor_pre_68_gene	negative_control
p14.dialup	safe.harbor_pre_68_gene	negative_control
CDKN2B	safe.harbor_pre_69_gene	negative_control
CDKN2B-AS1	safe.harbor_pre_69_gene	negative_control
p16.dialup	safe.harbor_pre_69_gene	negative_control
MTAP	safe.harbor_pre_69_gene	negative_control
DMRTA1	safe.harbor_pre_69_gene	negative_control
IFNB1	safe.harbor_pre_69_gene	negative_control
IFNE	safe.harbor_pre_69_gene	negative_control
IFNWP19	safe.harbor_pre_69_gene	negative_control
p14.dialup	safe.harbor_pre_69_gene	negative_control
CDKN2B	safe.harbor_pre_70_gene	negative_control
CDKN2B-AS1	safe.harbor_pre_70_gene	negative_control
p16.dialup	safe.harbor_pre_70_gene	negative_control
MTAP	safe.harbor_pre_70_gene	negative_control
DMRTA1	safe.harbor_pre_70_gene	negative_control
IFNB1	safe.harbor_pre_70_gene	negative_control
IFNE	safe.harbor_pre_70_gene	negative_control
IFNWP19	safe.harbor_pre_70_gene	negative_control
p14.dialup	safe.harbor_pre_70_gene	negative_control
CDKN2B	safe.harbor_pre_71_gene	negative_control
CDKN2B-AS1	safe.harbor_pre_71_gene	negative_control
p16.dialup	safe.harbor_pre_71_gene	negative_control
MTAP	safe.harbor_pre_71_gene	negative_control
DMRTA1	safe.harbor_pre_71_gene	negative_control
IFNB1	safe.harbor_pre_71_gene	negative_control
IFNE	safe.harbor_pre_71_gene	negative_control
IFNWP19	safe.harbor_pre_71_gene	negative_control
p14.dialup	safe.harbor_pre_71_gene	negative_control
CDKN2B	safe.harbor_pre_72_gene	negative_control
CDKN2B-AS1	safe.harbor_pre_72_gene	negative_control
p16.dialup	safe.harbor_pre_72_gene	negative_control
MTAP	safe.harbor_pre_72_gene	negative_control
DMRTA1	safe.harbor_pre_72_gene	negative_control
IFNB1	safe.harbor_pre_72_gene	negative_control
IFNE	safe.harbor_pre_72_gene	negative_control
IFNWP19	safe.harbor_pre_72_gene	negative_control
p14.dialup	safe.harbor_pre_72_gene	negative_control
CDKN2B	safe.harbor_pre_73_gene	negative_control
CDKN2B-AS1	safe.harbor_pre_73_gene	negative_control
p16.dialup	safe.harbor_pre_73_gene	negative_control
MTAP	safe.harbor_pre_73_gene	negative_control
DMRTA1	safe.harbor_pre_73_gene	negative_control
IFNB1	safe.harbor_pre_73_gene	negative_control
IFNE	safe.harbor_pre_73_gene	negative_control
IFNWP19	safe.harbor_pre_73_gene	negative_control
p14.dialup	safe.harbor_pre_73_gene	negative_control
CDKN2B	safe.harbor_pre_74_gene	negative_control
CDKN2B-AS1	safe.harbor_pre_74_gene	negative_control
p16.dialup	safe.harbor_pre_74_gene	negative_control
MTAP	safe.harbor_pre_74_gene	negative_control
DMRTA1	safe.harbor_pre_74_gene	negative_control
IFNB1	safe.harbor_pre_74_gene	negative_control
IFNE	safe.harbor_pre_74_gene	negative_control
IFNWP19	safe.harbor_pre_74_gene	negative_control
p14.dialup	safe.harbor_pre_74_gene	negative_control
CDKN2B	safe.harbor_pre_75_gene	negative_control
CDKN2B-AS1	safe.harbor_pre_75_gene	negative_control
p16.dialup	safe.harbor_pre_75_gene	negative_control
MTAP	safe.harbor_pre_75_gene	negative_control
DMRTA1	safe.harbor_pre_75_gene	negative_control
IFNB1	safe.harbor_pre_75_gene	negative_control
IFNE	safe.harbor_pre_75_gene	negative_control
IFNWP19	safe.harbor_pre_75_gene	negative_control
p14.dialup	safe.harbor_pre_75_gene	negative_control
CDKN2B	safe.harbor_pre_76_gene	negative_control
CDKN2B-AS1	safe.harbor_pre_76_gene	negative_control
p16.dialup	safe.harbor_pre_76_gene	negative_control
MTAP	safe.harbor_pre_76_gene	negative_control
DMRTA1	safe.harbor_pre_76_gene	negative_control
IFNB1	safe.harbor_pre_76_gene	negative_control
IFNE	safe.harbor_pre_76_gene	negative_control
IFNWP19	safe.harbor_pre_76_gene	negative_control
p14.dialup	safe.harbor_pre_76_gene	negative_control
CDKN2B	safe.harbor_pre_77_gene	negative_control
CDKN2B-AS1	safe.harbor_pre_77_gene	negative_control
p16.dialup	safe.harbor_pre_77_gene	negative_control
MTAP	safe.harbor_pre_77_gene	negative_control
DMRTA1	safe.harbor_pre_77_gene	negative_control
IFNB1	safe.harbor_pre_77_gene	negative_control
IFNE	safe.harbor_pre_77_gene	negative_control
IFNWP19	safe.harbor_pre_77_gene	negative_control
p14.dialup	safe.harbor_pre_77_gene	negative_control
CDKN2B	safe.harbor_pre_78_gene	negative_control
CDKN2B-AS1	safe.harbor_pre_78_gene	negative_control
p16.dialup	safe.harbor_pre_78_gene	negative_control
MTAP	safe.harbor_pre_78_gene	negative_control
DMRTA1	safe.harbor_pre_78_gene	negative_control
IFNB1	safe.harbor_pre_78_gene	negative_control
IFNE	safe.harbor_pre_78_gene	negative_control
IFNWP19	safe.harbor_pre_78_gene	negative_control
p14.dialup	safe.harbor_pre_78_gene	negative_control
CDKN2B	safe.harbor_pre_79_gene	negative_control
CDKN2B-AS1	safe.harbor_pre_79_gene	negative_control
p16.dialup	safe.harbor_pre_79_gene	negative_control
MTAP	safe.harbor_pre_79_gene	negative_control
DMRTA1	safe.harbor_pre_79_gene	negative_control
IFNB1	safe.harbor_pre_79_gene	negative_control
IFNE	safe.harbor_pre_79_gene	negative_control
IFNWP19	safe.harbor_pre_79_gene	negative_control
p14.dialup	safe.harbor_pre_79_gene	negative_control
CDKN2B	safe.harbor_pre_80_gene	negative_control
CDKN2B-AS1	safe.harbor_pre_80_gene	negative_control
p16.dialup	safe.harbor_pre_80_gene	negative_control
MTAP	safe.harbor_pre_80_gene	negative_control
DMRTA1	safe.harbor_pre_80_gene	negative_control
IFNB1	safe.harbor_pre_80_gene	negative_control
IFNE	safe.harbor_pre_80_gene	negative_control
IFNWP19	safe.harbor_pre_80_gene	negative_control
p14.dialup	safe.harbor_pre_80_gene	negative_control
CDKN2B	safe.harbor_pre_81_gene	negative_control
CDKN2B-AS1	safe.harbor_pre_81_gene	negative_control
p16.dialup	safe.harbor_pre_81_gene	negative_control
MTAP	safe.harbor_pre_81_gene	negative_control
DMRTA1	safe.harbor_pre_81_gene	negative_control
IFNB1	safe.harbor_pre_81_gene	negative_control
IFNE	safe.harbor_pre_81_gene	negative_control
IFNWP19	safe.harbor_pre_81_gene	negative_control
p14.dialup	safe.harbor_pre_81_gene	negative_control
CDKN2B	safe.harbor_pre_82_gene	negative_control
CDKN2B-AS1	safe.harbor_pre_82_gene	negative_control
p16.dialup	safe.harbor_pre_82_gene	negative_control
MTAP	safe.harbor_pre_82_gene	negative_control
DMRTA1	safe.harbor_pre_82_gene	negative_control
IFNB1	safe.harbor_pre_82_gene	negative_control
IFNE	safe.harbor_pre_82_gene	negative_control
IFNWP19	safe.harbor_pre_82_gene	negative_control
p14.dialup	safe.harbor_pre_82_gene	negative_control
CDKN2B	safe.harbor_pre_83_gene	negative_control
CDKN2B-AS1	safe.harbor_pre_83_gene	negative_control
p16.dialup	safe.harbor_pre_83_gene	negative_control
MTAP	safe.harbor_pre_83_gene	negative_control
DMRTA1	safe.harbor_pre_83_gene	negative_control
IFNB1	safe.harbor_pre_83_gene	negative_control
IFNE	safe.harbor_pre_83_gene	negative_control
IFNWP19	safe.harbor_pre_83_gene	negative_control
p14.dialup	safe.harbor_pre_83_gene	negative_control
CDKN2B	sgRNA_21883622.21884011_21883721_gene	candidate
CDKN2B-AS1	sgRNA_21883622.21884011_21883721_gene	candidate
p16.dialup	sgRNA_21883622.21884011_21883721_gene	candidate
MTAP	sgRNA_21883622.21884011_21883721_gene	candidate
DMRTA1	sgRNA_21883622.21884011_21883721_gene	candidate
IFNB1	sgRNA_21883622.21884011_21883721_gene	candidate
IFNE	sgRNA_21883622.21884011_21883721_gene	candidate
IFNWP19	sgRNA_21883622.21884011_21883721_gene	candidate
p14.dialup	sgRNA_21883622.21884011_21883721_gene	candidate
CDKN2B	sgRNA_21883622.21884011_21883723_gene	candidate
CDKN2B-AS1	sgRNA_21883622.21884011_21883723_gene	candidate
p16.dialup	sgRNA_21883622.21884011_21883723_gene	candidate
MTAP	sgRNA_21883622.21884011_21883723_gene	candidate
DMRTA1	sgRNA_21883622.21884011_21883723_gene	candidate
IFNB1	sgRNA_21883622.21884011_21883723_gene	candidate
IFNE	sgRNA_21883622.21884011_21883723_gene	candidate
IFNWP19	sgRNA_21883622.21884011_21883723_gene	candidate
p14.dialup	sgRNA_21883622.21884011_21883723_gene	candidate
CDKN2B	sgRNA_21883622.21884011_21883762_gene	candidate
CDKN2B-AS1	sgRNA_21883622.21884011_21883762_gene	candidate
p16.dialup	sgRNA_21883622.21884011_21883762_gene	candidate
MTAP	sgRNA_21883622.21884011_21883762_gene	candidate
DMRTA1	sgRNA_21883622.21884011_21883762_gene	candidate
IFNB1	sgRNA_21883622.21884011_21883762_gene	candidate
IFNE	sgRNA_21883622.21884011_21883762_gene	candidate
IFNWP19	sgRNA_21883622.21884011_21883762_gene	candidate
p14.dialup	sgRNA_21883622.21884011_21883762_gene	candidate
CDKN2B	sgRNA_21889623.21890192_21889832_gene	candidate
CDKN2B-AS1	sgRNA_21889623.21890192_21889832_gene	candidate
p16.dialup	sgRNA_21889623.21890192_21889832_gene	candidate
MTAP	sgRNA_21889623.21890192_21889832_gene	candidate
DMRTA1	sgRNA_21889623.21890192_21889832_gene	candidate
IFNB1	sgRNA_21889623.21890192_21889832_gene	candidate
IFNE	sgRNA_21889623.21890192_21889832_gene	candidate
IFNWP19	sgRNA_21889623.21890192_21889832_gene	candidate
p14.dialup	sgRNA_21889623.21890192_21889832_gene	candidate
CDKN2B	sgRNA_21889623.21890192_21889961_gene	candidate
CDKN2B-AS1	sgRNA_21889623.21890192_21889961_gene	candidate
p16.dialup	sgRNA_21889623.21890192_21889961_gene	candidate
MTAP	sgRNA_21889623.21890192_21889961_gene	candidate
DMRTA1	sgRNA_21889623.21890192_21889961_gene	candidate
IFNB1	sgRNA_21889623.21890192_21889961_gene	candidate
IFNE	sgRNA_21889623.21890192_21889961_gene	candidate
IFNWP19	sgRNA_21889623.21890192_21889961_gene	candidate
p14.dialup	sgRNA_21889623.21890192_21889961_gene	candidate
CDKN2B	sgRNA_21889623.21890192_21890153_gene	candidate
CDKN2B-AS1	sgRNA_21889623.21890192_21890153_gene	candidate
p16.dialup	sgRNA_21889623.21890192_21890153_gene	candidate
MTAP	sgRNA_21889623.21890192_21890153_gene	candidate
DMRTA1	sgRNA_21889623.21890192_21890153_gene	candidate
IFNB1	sgRNA_21889623.21890192_21890153_gene	candidate
IFNE	sgRNA_21889623.21890192_21890153_gene	candidate
IFNWP19	sgRNA_21889623.21890192_21890153_gene	candidate
p14.dialup	sgRNA_21889623.21890192_21890153_gene	candidate
CDKN2B	sgRNA_21889623.21890192_21890193_gene	candidate
CDKN2B-AS1	sgRNA_21889623.21890192_21890193_gene	candidate
p16.dialup	sgRNA_21889623.21890192_21890193_gene	candidate
MTAP	sgRNA_21889623.21890192_21890193_gene	candidate
DMRTA1	sgRNA_21889623.21890192_21890193_gene	candidate
IFNB1	sgRNA_21889623.21890192_21890193_gene	candidate
IFNE	sgRNA_21889623.21890192_21890193_gene	candidate
IFNWP19	sgRNA_21889623.21890192_21890193_gene	candidate
p14.dialup	sgRNA_21889623.21890192_21890193_gene	candidate
CDKN2B	sgRNA_21902048.21902508_21902168_gene	candidate
CDKN2B-AS1	sgRNA_21902048.21902508_21902168_gene	candidate
p16.dialup	sgRNA_21902048.21902508_21902168_gene	candidate
MTAP	sgRNA_21902048.21902508_21902168_gene	candidate
DMRTA1	sgRNA_21902048.21902508_21902168_gene	candidate
IFNB1	sgRNA_21902048.21902508_21902168_gene	candidate
IFNE	sgRNA_21902048.21902508_21902168_gene	candidate
IFNWP19	sgRNA_21902048.21902508_21902168_gene	candidate
p14.dialup	sgRNA_21902048.21902508_21902168_gene	candidate
CDKN2B	sgRNA_21902048.21902508_21902257_gene	candidate
CDKN2B-AS1	sgRNA_21902048.21902508_21902257_gene	candidate
p16.dialup	sgRNA_21902048.21902508_21902257_gene	candidate
MTAP	sgRNA_21902048.21902508_21902257_gene	candidate
DMRTA1	sgRNA_21902048.21902508_21902257_gene	candidate
IFNB1	sgRNA_21902048.21902508_21902257_gene	candidate
IFNE	sgRNA_21902048.21902508_21902257_gene	candidate
IFNWP19	sgRNA_21902048.21902508_21902257_gene	candidate
p14.dialup	sgRNA_21902048.21902508_21902257_gene	candidate
CDKN2B	sgRNA_21902048.21902508_21902285_gene	candidate
CDKN2B-AS1	sgRNA_21902048.21902508_21902285_gene	candidate
p16.dialup	sgRNA_21902048.21902508_21902285_gene	candidate
MTAP	sgRNA_21902048.21902508_21902285_gene	candidate
DMRTA1	sgRNA_21902048.21902508_21902285_gene	candidate
IFNB1	sgRNA_21902048.21902508_21902285_gene	candidate
IFNE	sgRNA_21902048.21902508_21902285_gene	candidate
IFNWP19	sgRNA_21902048.21902508_21902285_gene	candidate
p14.dialup	sgRNA_21902048.21902508_21902285_gene	candidate
CDKN2B	sgRNA_21902048.21902508_21902315_gene	candidate
CDKN2B-AS1	sgRNA_21902048.21902508_21902315_gene	candidate
p16.dialup	sgRNA_21902048.21902508_21902315_gene	candidate
MTAP	sgRNA_21902048.21902508_21902315_gene	candidate
DMRTA1	sgRNA_21902048.21902508_21902315_gene	candidate
IFNB1	sgRNA_21902048.21902508_21902315_gene	candidate
IFNE	sgRNA_21902048.21902508_21902315_gene	candidate
IFNWP19	sgRNA_21902048.21902508_21902315_gene	candidate
p14.dialup	sgRNA_21902048.21902508_21902315_gene	candidate
CDKN2B	sgRNA_21903297.21903761_21903554_gene	candidate
CDKN2B-AS1	sgRNA_21903297.21903761_21903554_gene	candidate
p16.dialup	sgRNA_21903297.21903761_21903554_gene	candidate
MTAP	sgRNA_21903297.21903761_21903554_gene	candidate
DMRTA1	sgRNA_21903297.21903761_21903554_gene	candidate
IFNB1	sgRNA_21903297.21903761_21903554_gene	candidate
IFNE	sgRNA_21903297.21903761_21903554_gene	candidate
IFNWP19	sgRNA_21903297.21903761_21903554_gene	candidate
p14.dialup	sgRNA_21903297.21903761_21903554_gene	candidate
CDKN2B	sgRNA_21903297.21903761_21903560_gene	candidate
CDKN2B-AS1	sgRNA_21903297.21903761_21903560_gene	candidate
p16.dialup	sgRNA_21903297.21903761_21903560_gene	candidate
MTAP	sgRNA_21903297.21903761_21903560_gene	candidate
DMRTA1	sgRNA_21903297.21903761_21903560_gene	candidate
IFNB1	sgRNA_21903297.21903761_21903560_gene	candidate
IFNE	sgRNA_21903297.21903761_21903560_gene	candidate
IFNWP19	sgRNA_21903297.21903761_21903560_gene	candidate
p14.dialup	sgRNA_21903297.21903761_21903560_gene	candidate
CDKN2B	sgRNA_21903297.21903761_21903697_gene	candidate
CDKN2B-AS1	sgRNA_21903297.21903761_21903697_gene	candidate
p16.dialup	sgRNA_21903297.21903761_21903697_gene	candidate
MTAP	sgRNA_21903297.21903761_21903697_gene	candidate
DMRTA1	sgRNA_21903297.21903761_21903697_gene	candidate
IFNB1	sgRNA_21903297.21903761_21903697_gene	candidate
IFNE	sgRNA_21903297.21903761_21903697_gene	candidate
IFNWP19	sgRNA_21903297.21903761_21903697_gene	candidate
p14.dialup	sgRNA_21903297.21903761_21903697_gene	candidate
CDKN2B	sgRNA_21904489.21904691_21904503_gene	candidate
CDKN2B-AS1	sgRNA_21904489.21904691_21904503_gene	candidate
p16.dialup	sgRNA_21904489.21904691_21904503_gene	candidate
MTAP	sgRNA_21904489.21904691_21904503_gene	candidate
DMRTA1	sgRNA_21904489.21904691_21904503_gene	candidate
IFNB1	sgRNA_21904489.21904691_21904503_gene	candidate
IFNE	sgRNA_21904489.21904691_21904503_gene	candidate
IFNWP19	sgRNA_21904489.21904691_21904503_gene	candidate
p14.dialup	sgRNA_21904489.21904691_21904503_gene	candidate
CDKN2B	sgRNA_21904489.21904691_21904563_gene	candidate
CDKN2B-AS1	sgRNA_21904489.21904691_21904563_gene	candidate
p16.dialup	sgRNA_21904489.21904691_21904563_gene	candidate
MTAP	sgRNA_21904489.21904691_21904563_gene	candidate
DMRTA1	sgRNA_21904489.21904691_21904563_gene	candidate
IFNB1	sgRNA_21904489.21904691_21904563_gene	candidate
IFNE	sgRNA_21904489.21904691_21904563_gene	candidate
IFNWP19	sgRNA_21904489.21904691_21904563_gene	candidate
p14.dialup	sgRNA_21904489.21904691_21904563_gene	candidate
CDKN2B	sgRNA_21904489.21904691_21904565_gene	candidate
CDKN2B-AS1	sgRNA_21904489.21904691_21904565_gene	candidate
p16.dialup	sgRNA_21904489.21904691_21904565_gene	candidate
MTAP	sgRNA_21904489.21904691_21904565_gene	candidate
DMRTA1	sgRNA_21904489.21904691_21904565_gene	candidate
IFNB1	sgRNA_21904489.21904691_21904565_gene	candidate
IFNE	sgRNA_21904489.21904691_21904565_gene	candidate
IFNWP19	sgRNA_21904489.21904691_21904565_gene	candidate
p14.dialup	sgRNA_21904489.21904691_21904565_gene	candidate
CDKN2B	sgRNA_21904489.21904691_21904577_gene	candidate
CDKN2B-AS1	sgRNA_21904489.21904691_21904577_gene	candidate
p16.dialup	sgRNA_21904489.21904691_21904577_gene	candidate
MTAP	sgRNA_21904489.21904691_21904577_gene	candidate
DMRTA1	sgRNA_21904489.21904691_21904577_gene	candidate
IFNB1	sgRNA_21904489.21904691_21904577_gene	candidate
IFNE	sgRNA_21904489.21904691_21904577_gene	candidate
IFNWP19	sgRNA_21904489.21904691_21904577_gene	candidate
p14.dialup	sgRNA_21904489.21904691_21904577_gene	candidate
CDKN2B	sgRNA_21904827.21905164_21904867_gene	candidate
CDKN2B-AS1	sgRNA_21904827.21905164_21904867_gene	candidate
p16.dialup	sgRNA_21904827.21905164_21904867_gene	candidate
MTAP	sgRNA_21904827.21905164_21904867_gene	candidate
DMRTA1	sgRNA_21904827.21905164_21904867_gene	candidate
IFNB1	sgRNA_21904827.21905164_21904867_gene	candidate
IFNE	sgRNA_21904827.21905164_21904867_gene	candidate
IFNWP19	sgRNA_21904827.21905164_21904867_gene	candidate
p14.dialup	sgRNA_21904827.21905164_21904867_gene	candidate
CDKN2B	sgRNA_21904827.21905164_21904918_gene	candidate
CDKN2B-AS1	sgRNA_21904827.21905164_21904918_gene	candidate
p16.dialup	sgRNA_21904827.21905164_21904918_gene	candidate
MTAP	sgRNA_21904827.21905164_21904918_gene	candidate
DMRTA1	sgRNA_21904827.21905164_21904918_gene	candidate
IFNB1	sgRNA_21904827.21905164_21904918_gene	candidate
IFNE	sgRNA_21904827.21905164_21904918_gene	candidate
IFNWP19	sgRNA_21904827.21905164_21904918_gene	candidate
p14.dialup	sgRNA_21904827.21905164_21904918_gene	candidate
CDKN2B	sgRNA_21904827.21905164_21904976_gene	candidate
CDKN2B-AS1	sgRNA_21904827.21905164_21904976_gene	candidate
p16.dialup	sgRNA_21904827.21905164_21904976_gene	candidate
MTAP	sgRNA_21904827.21905164_21904976_gene	candidate
DMRTA1	sgRNA_21904827.21905164_21904976_gene	candidate
IFNB1	sgRNA_21904827.21905164_21904976_gene	candidate
IFNE	sgRNA_21904827.21905164_21904976_gene	candidate
IFNWP19	sgRNA_21904827.21905164_21904976_gene	candidate
p14.dialup	sgRNA_21904827.21905164_21904976_gene	candidate
CDKN2B	sgRNA_21904827.21905164_21905008_gene	candidate
CDKN2B-AS1	sgRNA_21904827.21905164_21905008_gene	candidate
p16.dialup	sgRNA_21904827.21905164_21905008_gene	candidate
MTAP	sgRNA_21904827.21905164_21905008_gene	candidate
DMRTA1	sgRNA_21904827.21905164_21905008_gene	candidate
IFNB1	sgRNA_21904827.21905164_21905008_gene	candidate
IFNE	sgRNA_21904827.21905164_21905008_gene	candidate
IFNWP19	sgRNA_21904827.21905164_21905008_gene	candidate
p14.dialup	sgRNA_21904827.21905164_21905008_gene	candidate
CDKN2B	sgRNA_21906895.21907254_21907162_gene	candidate
CDKN2B-AS1	sgRNA_21906895.21907254_21907162_gene	candidate
p16.dialup	sgRNA_21906895.21907254_21907162_gene	candidate
MTAP	sgRNA_21906895.21907254_21907162_gene	candidate
DMRTA1	sgRNA_21906895.21907254_21907162_gene	candidate
IFNB1	sgRNA_21906895.21907254_21907162_gene	candidate
IFNE	sgRNA_21906895.21907254_21907162_gene	candidate
IFNWP19	sgRNA_21906895.21907254_21907162_gene	candidate
p14.dialup	sgRNA_21906895.21907254_21907162_gene	candidate
CDKN2B	sgRNA_21906895.21907254_21907165_gene	candidate
CDKN2B-AS1	sgRNA_21906895.21907254_21907165_gene	candidate
p16.dialup	sgRNA_21906895.21907254_21907165_gene	candidate
MTAP	sgRNA_21906895.21907254_21907165_gene	candidate
DMRTA1	sgRNA_21906895.21907254_21907165_gene	candidate
IFNB1	sgRNA_21906895.21907254_21907165_gene	candidate
IFNE	sgRNA_21906895.21907254_21907165_gene	candidate
IFNWP19	sgRNA_21906895.21907254_21907165_gene	candidate
p14.dialup	sgRNA_21906895.21907254_21907165_gene	candidate
CDKN2B	sgRNA_21906895.21907254_21907169_gene	candidate
CDKN2B-AS1	sgRNA_21906895.21907254_21907169_gene	candidate
p16.dialup	sgRNA_21906895.21907254_21907169_gene	candidate
MTAP	sgRNA_21906895.21907254_21907169_gene	candidate
DMRTA1	sgRNA_21906895.21907254_21907169_gene	candidate
IFNB1	sgRNA_21906895.21907254_21907169_gene	candidate
IFNE	sgRNA_21906895.21907254_21907169_gene	candidate
IFNWP19	sgRNA_21906895.21907254_21907169_gene	candidate
p14.dialup	sgRNA_21906895.21907254_21907169_gene	candidate
CDKN2B	sgRNA_21919590.21919906_21919687_gene	candidate
CDKN2B-AS1	sgRNA_21919590.21919906_21919687_gene	candidate
p16.dialup	sgRNA_21919590.21919906_21919687_gene	candidate
MTAP	sgRNA_21919590.21919906_21919687_gene	candidate
DMRTA1	sgRNA_21919590.21919906_21919687_gene	candidate
IFNB1	sgRNA_21919590.21919906_21919687_gene	candidate
IFNE	sgRNA_21919590.21919906_21919687_gene	candidate
IFNWP19	sgRNA_21919590.21919906_21919687_gene	candidate
p14.dialup	sgRNA_21919590.21919906_21919687_gene	candidate
CDKN2B	sgRNA_21919590.21919906_21919733_gene	candidate
CDKN2B-AS1	sgRNA_21919590.21919906_21919733_gene	candidate
p16.dialup	sgRNA_21919590.21919906_21919733_gene	candidate
MTAP	sgRNA_21919590.21919906_21919733_gene	candidate
DMRTA1	sgRNA_21919590.21919906_21919733_gene	candidate
IFNB1	sgRNA_21919590.21919906_21919733_gene	candidate
IFNE	sgRNA_21919590.21919906_21919733_gene	candidate
IFNWP19	sgRNA_21919590.21919906_21919733_gene	candidate
p14.dialup	sgRNA_21919590.21919906_21919733_gene	candidate
CDKN2B	sgRNA_21919590.21919906_21919736_gene	candidate
CDKN2B-AS1	sgRNA_21919590.21919906_21919736_gene	candidate
p16.dialup	sgRNA_21919590.21919906_21919736_gene	candidate
MTAP	sgRNA_21919590.21919906_21919736_gene	candidate
DMRTA1	sgRNA_21919590.21919906_21919736_gene	candidate
IFNB1	sgRNA_21919590.21919906_21919736_gene	candidate
IFNE	sgRNA_21919590.21919906_21919736_gene	candidate
IFNWP19	sgRNA_21919590.21919906_21919736_gene	candidate
p14.dialup	sgRNA_21919590.21919906_21919736_gene	candidate
CDKN2B	sgRNA_21919590.21919906_21919749_gene	candidate
CDKN2B-AS1	sgRNA_21919590.21919906_21919749_gene	candidate
p16.dialup	sgRNA_21919590.21919906_21919749_gene	candidate
MTAP	sgRNA_21919590.21919906_21919749_gene	candidate
DMRTA1	sgRNA_21919590.21919906_21919749_gene	candidate
IFNB1	sgRNA_21919590.21919906_21919749_gene	candidate
IFNE	sgRNA_21919590.21919906_21919749_gene	candidate
IFNWP19	sgRNA_21919590.21919906_21919749_gene	candidate
p14.dialup	sgRNA_21919590.21919906_21919749_gene	candidate
CDKN2B	sgRNA_21931517.21931760_21931554_gene	candidate
CDKN2B-AS1	sgRNA_21931517.21931760_21931554_gene	candidate
p16.dialup	sgRNA_21931517.21931760_21931554_gene	candidate
MTAP	sgRNA_21931517.21931760_21931554_gene	candidate
DMRTA1	sgRNA_21931517.21931760_21931554_gene	candidate
IFNB1	sgRNA_21931517.21931760_21931554_gene	candidate
IFNE	sgRNA_21931517.21931760_21931554_gene	candidate
IFNWP19	sgRNA_21931517.21931760_21931554_gene	candidate
p14.dialup	sgRNA_21931517.21931760_21931554_gene	candidate
CDKN2B	sgRNA_21931517.21931760_21931576_gene	candidate
CDKN2B-AS1	sgRNA_21931517.21931760_21931576_gene	candidate
p16.dialup	sgRNA_21931517.21931760_21931576_gene	candidate
MTAP	sgRNA_21931517.21931760_21931576_gene	candidate
DMRTA1	sgRNA_21931517.21931760_21931576_gene	candidate
IFNB1	sgRNA_21931517.21931760_21931576_gene	candidate
IFNE	sgRNA_21931517.21931760_21931576_gene	candidate
IFNWP19	sgRNA_21931517.21931760_21931576_gene	candidate
p14.dialup	sgRNA_21931517.21931760_21931576_gene	candidate
CDKN2B	sgRNA_21931517.21931760_21931630_gene	candidate
CDKN2B-AS1	sgRNA_21931517.21931760_21931630_gene	candidate
p16.dialup	sgRNA_21931517.21931760_21931630_gene	candidate
MTAP	sgRNA_21931517.21931760_21931630_gene	candidate
DMRTA1	sgRNA_21931517.21931760_21931630_gene	candidate
IFNB1	sgRNA_21931517.21931760_21931630_gene	candidate
IFNE	sgRNA_21931517.21931760_21931630_gene	candidate
IFNWP19	sgRNA_21931517.21931760_21931630_gene	candidate
p14.dialup	sgRNA_21931517.21931760_21931630_gene	candidate
CDKN2B	sgRNA_21933887.21934239_21934045_gene	candidate
CDKN2B-AS1	sgRNA_21933887.21934239_21934045_gene	candidate
p16.dialup	sgRNA_21933887.21934239_21934045_gene	candidate
MTAP	sgRNA_21933887.21934239_21934045_gene	candidate
DMRTA1	sgRNA_21933887.21934239_21934045_gene	candidate
IFNB1	sgRNA_21933887.21934239_21934045_gene	candidate
IFNE	sgRNA_21933887.21934239_21934045_gene	candidate
IFNWP19	sgRNA_21933887.21934239_21934045_gene	candidate
p14.dialup	sgRNA_21933887.21934239_21934045_gene	candidate
CDKN2B	sgRNA_21933887.21934239_21934069_gene	candidate
CDKN2B-AS1	sgRNA_21933887.21934239_21934069_gene	candidate
p16.dialup	sgRNA_21933887.21934239_21934069_gene	candidate
MTAP	sgRNA_21933887.21934239_21934069_gene	candidate
DMRTA1	sgRNA_21933887.21934239_21934069_gene	candidate
IFNB1	sgRNA_21933887.21934239_21934069_gene	candidate
IFNE	sgRNA_21933887.21934239_21934069_gene	candidate
IFNWP19	sgRNA_21933887.21934239_21934069_gene	candidate
p14.dialup	sgRNA_21933887.21934239_21934069_gene	candidate
CDKN2B	sgRNA_21933887.21934239_21934153_gene	candidate
CDKN2B-AS1	sgRNA_21933887.21934239_21934153_gene	candidate
p16.dialup	sgRNA_21933887.21934239_21934153_gene	candidate
MTAP	sgRNA_21933887.21934239_21934153_gene	candidate
DMRTA1	sgRNA_21933887.21934239_21934153_gene	candidate
IFNB1	sgRNA_21933887.21934239_21934153_gene	candidate
IFNE	sgRNA_21933887.21934239_21934153_gene	candidate
IFNWP19	sgRNA_21933887.21934239_21934153_gene	candidate
p14.dialup	sgRNA_21933887.21934239_21934153_gene	candidate
CDKN2B	sgRNA_21933887.21934239_21934158_gene	candidate
CDKN2B-AS1	sgRNA_21933887.21934239_21934158_gene	candidate
p16.dialup	sgRNA_21933887.21934239_21934158_gene	candidate
MTAP	sgRNA_21933887.21934239_21934158_gene	candidate
DMRTA1	sgRNA_21933887.21934239_21934158_gene	candidate
IFNB1	sgRNA_21933887.21934239_21934158_gene	candidate
IFNE	sgRNA_21933887.21934239_21934158_gene	candidate
IFNWP19	sgRNA_21933887.21934239_21934158_gene	candidate
p14.dialup	sgRNA_21933887.21934239_21934158_gene	candidate
CDKN2B	sgRNA_21936083.21936630_21936245_gene	candidate
CDKN2B-AS1	sgRNA_21936083.21936630_21936245_gene	candidate
p16.dialup	sgRNA_21936083.21936630_21936245_gene	candidate
MTAP	sgRNA_21936083.21936630_21936245_gene	candidate
DMRTA1	sgRNA_21936083.21936630_21936245_gene	candidate
IFNB1	sgRNA_21936083.21936630_21936245_gene	candidate
IFNE	sgRNA_21936083.21936630_21936245_gene	candidate
IFNWP19	sgRNA_21936083.21936630_21936245_gene	candidate
p14.dialup	sgRNA_21936083.21936630_21936245_gene	candidate
CDKN2B	sgRNA_21936083.21936630_21936251_gene	candidate
CDKN2B-AS1	sgRNA_21936083.21936630_21936251_gene	candidate
p16.dialup	sgRNA_21936083.21936630_21936251_gene	candidate
MTAP	sgRNA_21936083.21936630_21936251_gene	candidate
DMRTA1	sgRNA_21936083.21936630_21936251_gene	candidate
IFNB1	sgRNA_21936083.21936630_21936251_gene	candidate
IFNE	sgRNA_21936083.21936630_21936251_gene	candidate
IFNWP19	sgRNA_21936083.21936630_21936251_gene	candidate
p14.dialup	sgRNA_21936083.21936630_21936251_gene	candidate
CDKN2B	sgRNA_21936083.21936630_21936289_gene	candidate
CDKN2B-AS1	sgRNA_21936083.21936630_21936289_gene	candidate
p16.dialup	sgRNA_21936083.21936630_21936289_gene	candidate
MTAP	sgRNA_21936083.21936630_21936289_gene	candidate
DMRTA1	sgRNA_21936083.21936630_21936289_gene	candidate
IFNB1	sgRNA_21936083.21936630_21936289_gene	candidate
IFNE	sgRNA_21936083.21936630_21936289_gene	candidate
IFNWP19	sgRNA_21936083.21936630_21936289_gene	candidate
p14.dialup	sgRNA_21936083.21936630_21936289_gene	candidate
CDKN2B	sgRNA_21936083.21936630_21936332_gene	candidate
CDKN2B-AS1	sgRNA_21936083.21936630_21936332_gene	candidate
p16.dialup	sgRNA_21936083.21936630_21936332_gene	candidate
MTAP	sgRNA_21936083.21936630_21936332_gene	candidate
DMRTA1	sgRNA_21936083.21936630_21936332_gene	candidate
IFNB1	sgRNA_21936083.21936630_21936332_gene	candidate
IFNE	sgRNA_21936083.21936630_21936332_gene	candidate
IFNWP19	sgRNA_21936083.21936630_21936332_gene	candidate
p14.dialup	sgRNA_21936083.21936630_21936332_gene	candidate
CDKN2B	sgRNA_21949048.21949358_21949077_gene	candidate
CDKN2B-AS1	sgRNA_21949048.21949358_21949077_gene	candidate
p16.dialup	sgRNA_21949048.21949358_21949077_gene	candidate
MTAP	sgRNA_21949048.21949358_21949077_gene	candidate
DMRTA1	sgRNA_21949048.21949358_21949077_gene	candidate
IFNB1	sgRNA_21949048.21949358_21949077_gene	candidate
IFNE	sgRNA_21949048.21949358_21949077_gene	candidate
IFNWP19	sgRNA_21949048.21949358_21949077_gene	candidate
p14.dialup	sgRNA_21949048.21949358_21949077_gene	candidate
CDKN2B	sgRNA_21949048.21949358_21949210_gene	candidate
CDKN2B-AS1	sgRNA_21949048.21949358_21949210_gene	candidate
p16.dialup	sgRNA_21949048.21949358_21949210_gene	candidate
MTAP	sgRNA_21949048.21949358_21949210_gene	candidate
DMRTA1	sgRNA_21949048.21949358_21949210_gene	candidate
IFNB1	sgRNA_21949048.21949358_21949210_gene	candidate
IFNE	sgRNA_21949048.21949358_21949210_gene	candidate
IFNWP19	sgRNA_21949048.21949358_21949210_gene	candidate
p14.dialup	sgRNA_21949048.21949358_21949210_gene	candidate
CDKN2B	sgRNA_21949048.21949358_21949267_gene	candidate
CDKN2B-AS1	sgRNA_21949048.21949358_21949267_gene	candidate
p16.dialup	sgRNA_21949048.21949358_21949267_gene	candidate
MTAP	sgRNA_21949048.21949358_21949267_gene	candidate
DMRTA1	sgRNA_21949048.21949358_21949267_gene	candidate
IFNB1	sgRNA_21949048.21949358_21949267_gene	candidate
IFNE	sgRNA_21949048.21949358_21949267_gene	candidate
IFNWP19	sgRNA_21949048.21949358_21949267_gene	candidate
p14.dialup	sgRNA_21949048.21949358_21949267_gene	candidate
CDKN2B	sgRNA_21949048.21949358_21949326_gene	candidate
CDKN2B-AS1	sgRNA_21949048.21949358_21949326_gene	candidate
p16.dialup	sgRNA_21949048.21949358_21949326_gene	candidate
MTAP	sgRNA_21949048.21949358_21949326_gene	candidate
DMRTA1	sgRNA_21949048.21949358_21949326_gene	candidate
IFNB1	sgRNA_21949048.21949358_21949326_gene	candidate
IFNE	sgRNA_21949048.21949358_21949326_gene	candidate
IFNWP19	sgRNA_21949048.21949358_21949326_gene	candidate
p14.dialup	sgRNA_21949048.21949358_21949326_gene	candidate
CDKN2B	sgRNA_21949747.21950002_21949816_gene	candidate
CDKN2B-AS1	sgRNA_21949747.21950002_21949816_gene	candidate
p16.dialup	sgRNA_21949747.21950002_21949816_gene	candidate
MTAP	sgRNA_21949747.21950002_21949816_gene	candidate
DMRTA1	sgRNA_21949747.21950002_21949816_gene	candidate
IFNB1	sgRNA_21949747.21950002_21949816_gene	candidate
IFNE	sgRNA_21949747.21950002_21949816_gene	candidate
IFNWP19	sgRNA_21949747.21950002_21949816_gene	candidate
p14.dialup	sgRNA_21949747.21950002_21949816_gene	candidate
CDKN2B	sgRNA_21949747.21950002_21949840_gene	candidate
CDKN2B-AS1	sgRNA_21949747.21950002_21949840_gene	candidate
p16.dialup	sgRNA_21949747.21950002_21949840_gene	candidate
MTAP	sgRNA_21949747.21950002_21949840_gene	candidate
DMRTA1	sgRNA_21949747.21950002_21949840_gene	candidate
IFNB1	sgRNA_21949747.21950002_21949840_gene	candidate
IFNE	sgRNA_21949747.21950002_21949840_gene	candidate
IFNWP19	sgRNA_21949747.21950002_21949840_gene	candidate
p14.dialup	sgRNA_21949747.21950002_21949840_gene	candidate
CDKN2B	sgRNA_21949747.21950002_21949843_gene	candidate
CDKN2B-AS1	sgRNA_21949747.21950002_21949843_gene	candidate
p16.dialup	sgRNA_21949747.21950002_21949843_gene	candidate
MTAP	sgRNA_21949747.21950002_21949843_gene	candidate
DMRTA1	sgRNA_21949747.21950002_21949843_gene	candidate
IFNB1	sgRNA_21949747.21950002_21949843_gene	candidate
IFNE	sgRNA_21949747.21950002_21949843_gene	candidate
IFNWP19	sgRNA_21949747.21950002_21949843_gene	candidate
p14.dialup	sgRNA_21949747.21950002_21949843_gene	candidate
CDKN2B	sgRNA_21949747.21950002_21949945_gene	candidate
CDKN2B-AS1	sgRNA_21949747.21950002_21949945_gene	candidate
p16.dialup	sgRNA_21949747.21950002_21949945_gene	candidate
MTAP	sgRNA_21949747.21950002_21949945_gene	candidate
DMRTA1	sgRNA_21949747.21950002_21949945_gene	candidate
IFNB1	sgRNA_21949747.21950002_21949945_gene	candidate
IFNE	sgRNA_21949747.21950002_21949945_gene	candidate
IFNWP19	sgRNA_21949747.21950002_21949945_gene	candidate
p14.dialup	sgRNA_21949747.21950002_21949945_gene	candidate
CDKN2B	sgRNA_21950432.21950893_21950445_gene	candidate
CDKN2B-AS1	sgRNA_21950432.21950893_21950445_gene	candidate
p16.dialup	sgRNA_21950432.21950893_21950445_gene	candidate
MTAP	sgRNA_21950432.21950893_21950445_gene	candidate
DMRTA1	sgRNA_21950432.21950893_21950445_gene	candidate
IFNB1	sgRNA_21950432.21950893_21950445_gene	candidate
IFNE	sgRNA_21950432.21950893_21950445_gene	candidate
IFNWP19	sgRNA_21950432.21950893_21950445_gene	candidate
p14.dialup	sgRNA_21950432.21950893_21950445_gene	candidate
CDKN2B	sgRNA_21950432.21950893_21950586_gene	candidate
CDKN2B-AS1	sgRNA_21950432.21950893_21950586_gene	candidate
p16.dialup	sgRNA_21950432.21950893_21950586_gene	candidate
MTAP	sgRNA_21950432.21950893_21950586_gene	candidate
DMRTA1	sgRNA_21950432.21950893_21950586_gene	candidate
IFNB1	sgRNA_21950432.21950893_21950586_gene	candidate
IFNE	sgRNA_21950432.21950893_21950586_gene	candidate
IFNWP19	sgRNA_21950432.21950893_21950586_gene	candidate
p14.dialup	sgRNA_21950432.21950893_21950586_gene	candidate
CDKN2B	sgRNA_21950432.21950893_21950844_gene	candidate
CDKN2B-AS1	sgRNA_21950432.21950893_21950844_gene	candidate
p16.dialup	sgRNA_21950432.21950893_21950844_gene	candidate
MTAP	sgRNA_21950432.21950893_21950844_gene	candidate
DMRTA1	sgRNA_21950432.21950893_21950844_gene	candidate
IFNB1	sgRNA_21950432.21950893_21950844_gene	candidate
IFNE	sgRNA_21950432.21950893_21950844_gene	candidate
IFNWP19	sgRNA_21950432.21950893_21950844_gene	candidate
p14.dialup	sgRNA_21950432.21950893_21950844_gene	candidate
CDKN2B	sgRNA_21952893.21953162_21952906_gene	candidate
CDKN2B-AS1	sgRNA_21952893.21953162_21952906_gene	candidate
p16.dialup	sgRNA_21952893.21953162_21952906_gene	candidate
MTAP	sgRNA_21952893.21953162_21952906_gene	candidate
DMRTA1	sgRNA_21952893.21953162_21952906_gene	candidate
IFNB1	sgRNA_21952893.21953162_21952906_gene	candidate
IFNE	sgRNA_21952893.21953162_21952906_gene	candidate
IFNWP19	sgRNA_21952893.21953162_21952906_gene	candidate
p14.dialup	sgRNA_21952893.21953162_21952906_gene	candidate
CDKN2B	sgRNA_21952893.21953162_21952926_gene	candidate
CDKN2B-AS1	sgRNA_21952893.21953162_21952926_gene	candidate
p16.dialup	sgRNA_21952893.21953162_21952926_gene	candidate
MTAP	sgRNA_21952893.21953162_21952926_gene	candidate
DMRTA1	sgRNA_21952893.21953162_21952926_gene	candidate
IFNB1	sgRNA_21952893.21953162_21952926_gene	candidate
IFNE	sgRNA_21952893.21953162_21952926_gene	candidate
IFNWP19	sgRNA_21952893.21953162_21952926_gene	candidate
p14.dialup	sgRNA_21952893.21953162_21952926_gene	candidate
CDKN2B	sgRNA_21952893.21953162_21952994_gene	candidate
CDKN2B-AS1	sgRNA_21952893.21953162_21952994_gene	candidate
p16.dialup	sgRNA_21952893.21953162_21952994_gene	candidate
MTAP	sgRNA_21952893.21953162_21952994_gene	candidate
DMRTA1	sgRNA_21952893.21953162_21952994_gene	candidate
IFNB1	sgRNA_21952893.21953162_21952994_gene	candidate
IFNE	sgRNA_21952893.21953162_21952994_gene	candidate
IFNWP19	sgRNA_21952893.21953162_21952994_gene	candidate
p14.dialup	sgRNA_21952893.21953162_21952994_gene	candidate
CDKN2B	sgRNA_21952893.21953162_21953134_gene	candidate
CDKN2B-AS1	sgRNA_21952893.21953162_21953134_gene	candidate
p16.dialup	sgRNA_21952893.21953162_21953134_gene	candidate
MTAP	sgRNA_21952893.21953162_21953134_gene	candidate
DMRTA1	sgRNA_21952893.21953162_21953134_gene	candidate
IFNB1	sgRNA_21952893.21953162_21953134_gene	candidate
IFNE	sgRNA_21952893.21953162_21953134_gene	candidate
IFNWP19	sgRNA_21952893.21953162_21953134_gene	candidate
p14.dialup	sgRNA_21952893.21953162_21953134_gene	candidate
CDKN2B	sgRNA_21955669.21956088_21955714_gene	candidate
CDKN2B-AS1	sgRNA_21955669.21956088_21955714_gene	candidate
p16.dialup	sgRNA_21955669.21956088_21955714_gene	candidate
MTAP	sgRNA_21955669.21956088_21955714_gene	candidate
DMRTA1	sgRNA_21955669.21956088_21955714_gene	candidate
IFNB1	sgRNA_21955669.21956088_21955714_gene	candidate
IFNE	sgRNA_21955669.21956088_21955714_gene	candidate
IFNWP19	sgRNA_21955669.21956088_21955714_gene	candidate
p14.dialup	sgRNA_21955669.21956088_21955714_gene	candidate
CDKN2B	sgRNA_21955669.21956088_21955895_gene	candidate
CDKN2B-AS1	sgRNA_21955669.21956088_21955895_gene	candidate
p16.dialup	sgRNA_21955669.21956088_21955895_gene	candidate
MTAP	sgRNA_21955669.21956088_21955895_gene	candidate
DMRTA1	sgRNA_21955669.21956088_21955895_gene	candidate
IFNB1	sgRNA_21955669.21956088_21955895_gene	candidate
IFNE	sgRNA_21955669.21956088_21955895_gene	candidate
IFNWP19	sgRNA_21955669.21956088_21955895_gene	candidate
p14.dialup	sgRNA_21955669.21956088_21955895_gene	candidate
CDKN2B	sgRNA_21955669.21956088_21955900_gene	candidate
CDKN2B-AS1	sgRNA_21955669.21956088_21955900_gene	candidate
p16.dialup	sgRNA_21955669.21956088_21955900_gene	candidate
MTAP	sgRNA_21955669.21956088_21955900_gene	candidate
DMRTA1	sgRNA_21955669.21956088_21955900_gene	candidate
IFNB1	sgRNA_21955669.21956088_21955900_gene	candidate
IFNE	sgRNA_21955669.21956088_21955900_gene	candidate
IFNWP19	sgRNA_21955669.21956088_21955900_gene	candidate
p14.dialup	sgRNA_21955669.21956088_21955900_gene	candidate
CDKN2B	sgRNA_21959853.21960015_21959885_gene	candidate
CDKN2B-AS1	sgRNA_21959853.21960015_21959885_gene	candidate
p16.dialup	sgRNA_21959853.21960015_21959885_gene	candidate
MTAP	sgRNA_21959853.21960015_21959885_gene	candidate
DMRTA1	sgRNA_21959853.21960015_21959885_gene	candidate
IFNB1	sgRNA_21959853.21960015_21959885_gene	candidate
IFNE	sgRNA_21959853.21960015_21959885_gene	candidate
IFNWP19	sgRNA_21959853.21960015_21959885_gene	candidate
p14.dialup	sgRNA_21959853.21960015_21959885_gene	candidate
CDKN2B	sgRNA_21959853.21960015_21959896_gene	candidate
CDKN2B-AS1	sgRNA_21959853.21960015_21959896_gene	candidate
p16.dialup	sgRNA_21959853.21960015_21959896_gene	candidate
MTAP	sgRNA_21959853.21960015_21959896_gene	candidate
DMRTA1	sgRNA_21959853.21960015_21959896_gene	candidate
IFNB1	sgRNA_21959853.21960015_21959896_gene	candidate
IFNE	sgRNA_21959853.21960015_21959896_gene	candidate
IFNWP19	sgRNA_21959853.21960015_21959896_gene	candidate
p14.dialup	sgRNA_21959853.21960015_21959896_gene	candidate
CDKN2B	sgRNA_21959853.21960015_21959900_gene	candidate
CDKN2B-AS1	sgRNA_21959853.21960015_21959900_gene	candidate
p16.dialup	sgRNA_21959853.21960015_21959900_gene	candidate
MTAP	sgRNA_21959853.21960015_21959900_gene	candidate
DMRTA1	sgRNA_21959853.21960015_21959900_gene	candidate
IFNB1	sgRNA_21959853.21960015_21959900_gene	candidate
IFNE	sgRNA_21959853.21960015_21959900_gene	candidate
IFNWP19	sgRNA_21959853.21960015_21959900_gene	candidate
p14.dialup	sgRNA_21959853.21960015_21959900_gene	candidate
CDKN2B	sgRNA_21959853.21960015_21959967_gene	candidate
CDKN2B-AS1	sgRNA_21959853.21960015_21959967_gene	candidate
p16.dialup	sgRNA_21959853.21960015_21959967_gene	candidate
MTAP	sgRNA_21959853.21960015_21959967_gene	candidate
DMRTA1	sgRNA_21959853.21960015_21959967_gene	candidate
IFNB1	sgRNA_21959853.21960015_21959967_gene	candidate
IFNE	sgRNA_21959853.21960015_21959967_gene	candidate
IFNWP19	sgRNA_21959853.21960015_21959967_gene	candidate
p14.dialup	sgRNA_21959853.21960015_21959967_gene	candidate
CDKN2B	sgRNA_21961653.21961902_21961728_gene	candidate
CDKN2B-AS1	sgRNA_21961653.21961902_21961728_gene	candidate
p16.dialup	sgRNA_21961653.21961902_21961728_gene	candidate
MTAP	sgRNA_21961653.21961902_21961728_gene	candidate
DMRTA1	sgRNA_21961653.21961902_21961728_gene	candidate
IFNB1	sgRNA_21961653.21961902_21961728_gene	candidate
IFNE	sgRNA_21961653.21961902_21961728_gene	candidate
IFNWP19	sgRNA_21961653.21961902_21961728_gene	candidate
p14.dialup	sgRNA_21961653.21961902_21961728_gene	candidate
CDKN2B	sgRNA_21961653.21961902_21961752_gene	candidate
CDKN2B-AS1	sgRNA_21961653.21961902_21961752_gene	candidate
p16.dialup	sgRNA_21961653.21961902_21961752_gene	candidate
MTAP	sgRNA_21961653.21961902_21961752_gene	candidate
DMRTA1	sgRNA_21961653.21961902_21961752_gene	candidate
IFNB1	sgRNA_21961653.21961902_21961752_gene	candidate
IFNE	sgRNA_21961653.21961902_21961752_gene	candidate
IFNWP19	sgRNA_21961653.21961902_21961752_gene	candidate
p14.dialup	sgRNA_21961653.21961902_21961752_gene	candidate
CDKN2B	sgRNA_21961653.21961902_21961759_gene	candidate
CDKN2B-AS1	sgRNA_21961653.21961902_21961759_gene	candidate
p16.dialup	sgRNA_21961653.21961902_21961759_gene	candidate
MTAP	sgRNA_21961653.21961902_21961759_gene	candidate
DMRTA1	sgRNA_21961653.21961902_21961759_gene	candidate
IFNB1	sgRNA_21961653.21961902_21961759_gene	candidate
IFNE	sgRNA_21961653.21961902_21961759_gene	candidate
IFNWP19	sgRNA_21961653.21961902_21961759_gene	candidate
p14.dialup	sgRNA_21961653.21961902_21961759_gene	candidate
CDKN2B	sgRNA_21961653.21961902_21961817_gene	candidate
CDKN2B-AS1	sgRNA_21961653.21961902_21961817_gene	candidate
p16.dialup	sgRNA_21961653.21961902_21961817_gene	candidate
MTAP	sgRNA_21961653.21961902_21961817_gene	candidate
DMRTA1	sgRNA_21961653.21961902_21961817_gene	candidate
IFNB1	sgRNA_21961653.21961902_21961817_gene	candidate
IFNE	sgRNA_21961653.21961902_21961817_gene	candidate
IFNWP19	sgRNA_21961653.21961902_21961817_gene	candidate
p14.dialup	sgRNA_21961653.21961902_21961817_gene	candidate
CDKN2B	sgRNA_21964186.21964500_21964472_gene	candidate
CDKN2B-AS1	sgRNA_21964186.21964500_21964472_gene	candidate
p16.dialup	sgRNA_21964186.21964500_21964472_gene	candidate
MTAP	sgRNA_21964186.21964500_21964472_gene	candidate
DMRTA1	sgRNA_21964186.21964500_21964472_gene	candidate
IFNB1	sgRNA_21964186.21964500_21964472_gene	candidate
IFNE	sgRNA_21964186.21964500_21964472_gene	candidate
IFNWP19	sgRNA_21964186.21964500_21964472_gene	candidate
p14.dialup	sgRNA_21964186.21964500_21964472_gene	candidate
CDKN2B	sgRNA_21964186.21964500_21964492_gene	candidate
CDKN2B-AS1	sgRNA_21964186.21964500_21964492_gene	candidate
p16.dialup	sgRNA_21964186.21964500_21964492_gene	candidate
MTAP	sgRNA_21964186.21964500_21964492_gene	candidate
DMRTA1	sgRNA_21964186.21964500_21964492_gene	candidate
IFNB1	sgRNA_21964186.21964500_21964492_gene	candidate
IFNE	sgRNA_21964186.21964500_21964492_gene	candidate
IFNWP19	sgRNA_21964186.21964500_21964492_gene	candidate
p14.dialup	sgRNA_21964186.21964500_21964492_gene	candidate
CDKN2B	sgRNA_21964186.21964500_21964500_gene	candidate
CDKN2B-AS1	sgRNA_21964186.21964500_21964500_gene	candidate
p16.dialup	sgRNA_21964186.21964500_21964500_gene	candidate
MTAP	sgRNA_21964186.21964500_21964500_gene	candidate
DMRTA1	sgRNA_21964186.21964500_21964500_gene	candidate
IFNB1	sgRNA_21964186.21964500_21964500_gene	candidate
IFNE	sgRNA_21964186.21964500_21964500_gene	candidate
IFNWP19	sgRNA_21964186.21964500_21964500_gene	candidate
p14.dialup	sgRNA_21964186.21964500_21964500_gene	candidate
CDKN2B	sgRNA_21964910.21965507_21965156_gene	candidate
CDKN2B-AS1	sgRNA_21964910.21965507_21965156_gene	candidate
p16.dialup	sgRNA_21964910.21965507_21965156_gene	candidate
MTAP	sgRNA_21964910.21965507_21965156_gene	candidate
DMRTA1	sgRNA_21964910.21965507_21965156_gene	candidate
IFNB1	sgRNA_21964910.21965507_21965156_gene	candidate
IFNE	sgRNA_21964910.21965507_21965156_gene	candidate
IFNWP19	sgRNA_21964910.21965507_21965156_gene	candidate
p14.dialup	sgRNA_21964910.21965507_21965156_gene	candidate
CDKN2B	sgRNA_21964910.21965507_21965238_gene	candidate
CDKN2B-AS1	sgRNA_21964910.21965507_21965238_gene	candidate
p16.dialup	sgRNA_21964910.21965507_21965238_gene	candidate
MTAP	sgRNA_21964910.21965507_21965238_gene	candidate
DMRTA1	sgRNA_21964910.21965507_21965238_gene	candidate
IFNB1	sgRNA_21964910.21965507_21965238_gene	candidate
IFNE	sgRNA_21964910.21965507_21965238_gene	candidate
IFNWP19	sgRNA_21964910.21965507_21965238_gene	candidate
p14.dialup	sgRNA_21964910.21965507_21965238_gene	candidate
CDKN2B	sgRNA_21964910.21965507_21965277_gene	candidate
CDKN2B-AS1	sgRNA_21964910.21965507_21965277_gene	candidate
p16.dialup	sgRNA_21964910.21965507_21965277_gene	candidate
MTAP	sgRNA_21964910.21965507_21965277_gene	candidate
DMRTA1	sgRNA_21964910.21965507_21965277_gene	candidate
IFNB1	sgRNA_21964910.21965507_21965277_gene	candidate
IFNE	sgRNA_21964910.21965507_21965277_gene	candidate
IFNWP19	sgRNA_21964910.21965507_21965277_gene	candidate
p14.dialup	sgRNA_21964910.21965507_21965277_gene	candidate
CDKN2B	sgRNA_21965574.21965827_21965648_gene	candidate
CDKN2B-AS1	sgRNA_21965574.21965827_21965648_gene	candidate
p16.dialup	sgRNA_21965574.21965827_21965648_gene	candidate
MTAP	sgRNA_21965574.21965827_21965648_gene	candidate
DMRTA1	sgRNA_21965574.21965827_21965648_gene	candidate
IFNB1	sgRNA_21965574.21965827_21965648_gene	candidate
IFNE	sgRNA_21965574.21965827_21965648_gene	candidate
IFNWP19	sgRNA_21965574.21965827_21965648_gene	candidate
p14.dialup	sgRNA_21965574.21965827_21965648_gene	candidate
CDKN2B	sgRNA_21965574.21965827_21965686_gene	candidate
CDKN2B-AS1	sgRNA_21965574.21965827_21965686_gene	candidate
p16.dialup	sgRNA_21965574.21965827_21965686_gene	candidate
MTAP	sgRNA_21965574.21965827_21965686_gene	candidate
DMRTA1	sgRNA_21965574.21965827_21965686_gene	candidate
IFNB1	sgRNA_21965574.21965827_21965686_gene	candidate
IFNE	sgRNA_21965574.21965827_21965686_gene	candidate
IFNWP19	sgRNA_21965574.21965827_21965686_gene	candidate
p14.dialup	sgRNA_21965574.21965827_21965686_gene	candidate
CDKN2B	sgRNA_21965574.21965827_21965741_gene	candidate
CDKN2B-AS1	sgRNA_21965574.21965827_21965741_gene	candidate
p16.dialup	sgRNA_21965574.21965827_21965741_gene	candidate
MTAP	sgRNA_21965574.21965827_21965741_gene	candidate
DMRTA1	sgRNA_21965574.21965827_21965741_gene	candidate
IFNB1	sgRNA_21965574.21965827_21965741_gene	candidate
IFNE	sgRNA_21965574.21965827_21965741_gene	candidate
IFNWP19	sgRNA_21965574.21965827_21965741_gene	candidate
p14.dialup	sgRNA_21965574.21965827_21965741_gene	candidate
CDKN2B	sgRNA_21965574.21965827_21965801_gene	candidate
CDKN2B-AS1	sgRNA_21965574.21965827_21965801_gene	candidate
p16.dialup	sgRNA_21965574.21965827_21965801_gene	candidate
MTAP	sgRNA_21965574.21965827_21965801_gene	candidate
DMRTA1	sgRNA_21965574.21965827_21965801_gene	candidate
IFNB1	sgRNA_21965574.21965827_21965801_gene	candidate
IFNE	sgRNA_21965574.21965827_21965801_gene	candidate
IFNWP19	sgRNA_21965574.21965827_21965801_gene	candidate
p14.dialup	sgRNA_21965574.21965827_21965801_gene	candidate
CDKN2B	sgRNA_21967673.21968059_21967847_gene	candidate
CDKN2B-AS1	sgRNA_21967673.21968059_21967847_gene	candidate
p16.dialup	sgRNA_21967673.21968059_21967847_gene	candidate
MTAP	sgRNA_21967673.21968059_21967847_gene	candidate
DMRTA1	sgRNA_21967673.21968059_21967847_gene	candidate
IFNB1	sgRNA_21967673.21968059_21967847_gene	candidate
IFNE	sgRNA_21967673.21968059_21967847_gene	candidate
IFNWP19	sgRNA_21967673.21968059_21967847_gene	candidate
p14.dialup	sgRNA_21967673.21968059_21967847_gene	candidate
CDKN2B	sgRNA_21967673.21968059_21967891_gene	candidate
CDKN2B-AS1	sgRNA_21967673.21968059_21967891_gene	candidate
p16.dialup	sgRNA_21967673.21968059_21967891_gene	candidate
MTAP	sgRNA_21967673.21968059_21967891_gene	candidate
DMRTA1	sgRNA_21967673.21968059_21967891_gene	candidate
IFNB1	sgRNA_21967673.21968059_21967891_gene	candidate
IFNE	sgRNA_21967673.21968059_21967891_gene	candidate
IFNWP19	sgRNA_21967673.21968059_21967891_gene	candidate
p14.dialup	sgRNA_21967673.21968059_21967891_gene	candidate
CDKN2B	sgRNA_21967673.21968059_21967925_gene	candidate
CDKN2B-AS1	sgRNA_21967673.21968059_21967925_gene	candidate
p16.dialup	sgRNA_21967673.21968059_21967925_gene	candidate
MTAP	sgRNA_21967673.21968059_21967925_gene	candidate
DMRTA1	sgRNA_21967673.21968059_21967925_gene	candidate
IFNB1	sgRNA_21967673.21968059_21967925_gene	candidate
IFNE	sgRNA_21967673.21968059_21967925_gene	candidate
IFNWP19	sgRNA_21967673.21968059_21967925_gene	candidate
p14.dialup	sgRNA_21967673.21968059_21967925_gene	candidate
CDKN2B	sgRNA_21967673.21968059_21967935_gene	candidate
CDKN2B-AS1	sgRNA_21967673.21968059_21967935_gene	candidate
p16.dialup	sgRNA_21967673.21968059_21967935_gene	candidate
MTAP	sgRNA_21967673.21968059_21967935_gene	candidate
DMRTA1	sgRNA_21967673.21968059_21967935_gene	candidate
IFNB1	sgRNA_21967673.21968059_21967935_gene	candidate
IFNE	sgRNA_21967673.21968059_21967935_gene	candidate
IFNWP19	sgRNA_21967673.21968059_21967935_gene	candidate
p14.dialup	sgRNA_21967673.21968059_21967935_gene	candidate
CDKN2B	sgRNA_21968332.21968667_21968362_gene	candidate
CDKN2B-AS1	sgRNA_21968332.21968667_21968362_gene	candidate
p16.dialup	sgRNA_21968332.21968667_21968362_gene	candidate
MTAP	sgRNA_21968332.21968667_21968362_gene	candidate
DMRTA1	sgRNA_21968332.21968667_21968362_gene	candidate
IFNB1	sgRNA_21968332.21968667_21968362_gene	candidate
IFNE	sgRNA_21968332.21968667_21968362_gene	candidate
IFNWP19	sgRNA_21968332.21968667_21968362_gene	candidate
p14.dialup	sgRNA_21968332.21968667_21968362_gene	candidate
CDKN2B	sgRNA_21968332.21968667_21968489_gene	candidate
CDKN2B-AS1	sgRNA_21968332.21968667_21968489_gene	candidate
p16.dialup	sgRNA_21968332.21968667_21968489_gene	candidate
MTAP	sgRNA_21968332.21968667_21968489_gene	candidate
DMRTA1	sgRNA_21968332.21968667_21968489_gene	candidate
IFNB1	sgRNA_21968332.21968667_21968489_gene	candidate
IFNE	sgRNA_21968332.21968667_21968489_gene	candidate
IFNWP19	sgRNA_21968332.21968667_21968489_gene	candidate
p14.dialup	sgRNA_21968332.21968667_21968489_gene	candidate
CDKN2B	sgRNA_21968332.21968667_21968561_gene	candidate
CDKN2B-AS1	sgRNA_21968332.21968667_21968561_gene	candidate
p16.dialup	sgRNA_21968332.21968667_21968561_gene	candidate
MTAP	sgRNA_21968332.21968667_21968561_gene	candidate
DMRTA1	sgRNA_21968332.21968667_21968561_gene	candidate
IFNB1	sgRNA_21968332.21968667_21968561_gene	candidate
IFNE	sgRNA_21968332.21968667_21968561_gene	candidate
IFNWP19	sgRNA_21968332.21968667_21968561_gene	candidate
p14.dialup	sgRNA_21968332.21968667_21968561_gene	candidate
CDKN2B	sgRNA_21968332.21968667_21968628_gene	candidate
CDKN2B-AS1	sgRNA_21968332.21968667_21968628_gene	candidate
p16.dialup	sgRNA_21968332.21968667_21968628_gene	candidate
MTAP	sgRNA_21968332.21968667_21968628_gene	candidate
DMRTA1	sgRNA_21968332.21968667_21968628_gene	candidate
IFNB1	sgRNA_21968332.21968667_21968628_gene	candidate
IFNE	sgRNA_21968332.21968667_21968628_gene	candidate
IFNWP19	sgRNA_21968332.21968667_21968628_gene	candidate
p14.dialup	sgRNA_21968332.21968667_21968628_gene	candidate
CDKN2B	sgRNA_21970423.21970667_21970439_gene	candidate
CDKN2B-AS1	sgRNA_21970423.21970667_21970439_gene	candidate
p16.dialup	sgRNA_21970423.21970667_21970439_gene	candidate
MTAP	sgRNA_21970423.21970667_21970439_gene	candidate
DMRTA1	sgRNA_21970423.21970667_21970439_gene	candidate
IFNB1	sgRNA_21970423.21970667_21970439_gene	candidate
IFNE	sgRNA_21970423.21970667_21970439_gene	candidate
IFNWP19	sgRNA_21970423.21970667_21970439_gene	candidate
p14.dialup	sgRNA_21970423.21970667_21970439_gene	candidate
CDKN2B	sgRNA_21970423.21970667_21970466_gene	candidate
CDKN2B-AS1	sgRNA_21970423.21970667_21970466_gene	candidate
p16.dialup	sgRNA_21970423.21970667_21970466_gene	candidate
MTAP	sgRNA_21970423.21970667_21970466_gene	candidate
DMRTA1	sgRNA_21970423.21970667_21970466_gene	candidate
IFNB1	sgRNA_21970423.21970667_21970466_gene	candidate
IFNE	sgRNA_21970423.21970667_21970466_gene	candidate
IFNWP19	sgRNA_21970423.21970667_21970466_gene	candidate
p14.dialup	sgRNA_21970423.21970667_21970466_gene	candidate
CDKN2B	sgRNA_21970423.21970667_21970490_gene	candidate
CDKN2B-AS1	sgRNA_21970423.21970667_21970490_gene	candidate
p16.dialup	sgRNA_21970423.21970667_21970490_gene	candidate
MTAP	sgRNA_21970423.21970667_21970490_gene	candidate
DMRTA1	sgRNA_21970423.21970667_21970490_gene	candidate
IFNB1	sgRNA_21970423.21970667_21970490_gene	candidate
IFNE	sgRNA_21970423.21970667_21970490_gene	candidate
IFNWP19	sgRNA_21970423.21970667_21970490_gene	candidate
p14.dialup	sgRNA_21970423.21970667_21970490_gene	candidate
CDKN2B	sgRNA_21970423.21970667_21970587_gene	candidate
CDKN2B-AS1	sgRNA_21970423.21970667_21970587_gene	candidate
p16.dialup	sgRNA_21970423.21970667_21970587_gene	candidate
MTAP	sgRNA_21970423.21970667_21970587_gene	candidate
DMRTA1	sgRNA_21970423.21970667_21970587_gene	candidate
IFNB1	sgRNA_21970423.21970667_21970587_gene	candidate
IFNE	sgRNA_21970423.21970667_21970587_gene	candidate
IFNWP19	sgRNA_21970423.21970667_21970587_gene	candidate
p14.dialup	sgRNA_21970423.21970667_21970587_gene	candidate
CDKN2B	sgRNA_21970669.21971071_21970772_gene	candidate
CDKN2B-AS1	sgRNA_21970669.21971071_21970772_gene	candidate
p16.dialup	sgRNA_21970669.21971071_21970772_gene	candidate
MTAP	sgRNA_21970669.21971071_21970772_gene	candidate
DMRTA1	sgRNA_21970669.21971071_21970772_gene	candidate
IFNB1	sgRNA_21970669.21971071_21970772_gene	candidate
IFNE	sgRNA_21970669.21971071_21970772_gene	candidate
IFNWP19	sgRNA_21970669.21971071_21970772_gene	candidate
p14.dialup	sgRNA_21970669.21971071_21970772_gene	candidate
CDKN2B	sgRNA_21970669.21971071_21970776_gene	candidate
CDKN2B-AS1	sgRNA_21970669.21971071_21970776_gene	candidate
p16.dialup	sgRNA_21970669.21971071_21970776_gene	candidate
MTAP	sgRNA_21970669.21971071_21970776_gene	candidate
DMRTA1	sgRNA_21970669.21971071_21970776_gene	candidate
IFNB1	sgRNA_21970669.21971071_21970776_gene	candidate
IFNE	sgRNA_21970669.21971071_21970776_gene	candidate
IFNWP19	sgRNA_21970669.21971071_21970776_gene	candidate
p14.dialup	sgRNA_21970669.21971071_21970776_gene	candidate
CDKN2B	sgRNA_21970669.21971071_21970916_gene	candidate
CDKN2B-AS1	sgRNA_21970669.21971071_21970916_gene	candidate
p16.dialup	sgRNA_21970669.21971071_21970916_gene	candidate
MTAP	sgRNA_21970669.21971071_21970916_gene	candidate
DMRTA1	sgRNA_21970669.21971071_21970916_gene	candidate
IFNB1	sgRNA_21970669.21971071_21970916_gene	candidate
IFNE	sgRNA_21970669.21971071_21970916_gene	candidate
IFNWP19	sgRNA_21970669.21971071_21970916_gene	candidate
p14.dialup	sgRNA_21970669.21971071_21970916_gene	candidate
CDKN2B	sgRNA_21970669.21971071_21970981_gene	candidate
CDKN2B-AS1	sgRNA_21970669.21971071_21970981_gene	candidate
p16.dialup	sgRNA_21970669.21971071_21970981_gene	candidate
MTAP	sgRNA_21970669.21971071_21970981_gene	candidate
DMRTA1	sgRNA_21970669.21971071_21970981_gene	candidate
IFNB1	sgRNA_21970669.21971071_21970981_gene	candidate
IFNE	sgRNA_21970669.21971071_21970981_gene	candidate
IFNWP19	sgRNA_21970669.21971071_21970981_gene	candidate
p14.dialup	sgRNA_21970669.21971071_21970981_gene	candidate
CDKN2B	sgRNA_21971240.21971874_21971414_gene	candidate
CDKN2B-AS1	sgRNA_21971240.21971874_21971414_gene	candidate
p16.dialup	sgRNA_21971240.21971874_21971414_gene	candidate
MTAP	sgRNA_21971240.21971874_21971414_gene	candidate
DMRTA1	sgRNA_21971240.21971874_21971414_gene	candidate
IFNB1	sgRNA_21971240.21971874_21971414_gene	candidate
IFNE	sgRNA_21971240.21971874_21971414_gene	candidate
IFNWP19	sgRNA_21971240.21971874_21971414_gene	candidate
p14.dialup	sgRNA_21971240.21971874_21971414_gene	candidate
CDKN2B	sgRNA_21971240.21971874_21971419_gene	candidate
CDKN2B-AS1	sgRNA_21971240.21971874_21971419_gene	candidate
p16.dialup	sgRNA_21971240.21971874_21971419_gene	candidate
MTAP	sgRNA_21971240.21971874_21971419_gene	candidate
DMRTA1	sgRNA_21971240.21971874_21971419_gene	candidate
IFNB1	sgRNA_21971240.21971874_21971419_gene	candidate
IFNE	sgRNA_21971240.21971874_21971419_gene	candidate
IFNWP19	sgRNA_21971240.21971874_21971419_gene	candidate
p14.dialup	sgRNA_21971240.21971874_21971419_gene	candidate
CDKN2B	sgRNA_21971240.21971874_21971528_gene	candidate
CDKN2B-AS1	sgRNA_21971240.21971874_21971528_gene	candidate
p16.dialup	sgRNA_21971240.21971874_21971528_gene	candidate
MTAP	sgRNA_21971240.21971874_21971528_gene	candidate
DMRTA1	sgRNA_21971240.21971874_21971528_gene	candidate
IFNB1	sgRNA_21971240.21971874_21971528_gene	candidate
IFNE	sgRNA_21971240.21971874_21971528_gene	candidate
IFNWP19	sgRNA_21971240.21971874_21971528_gene	candidate
p14.dialup	sgRNA_21971240.21971874_21971528_gene	candidate
CDKN2B	sgRNA_21971240.21971874_21971620_gene	candidate
CDKN2B-AS1	sgRNA_21971240.21971874_21971620_gene	candidate
p16.dialup	sgRNA_21971240.21971874_21971620_gene	candidate
MTAP	sgRNA_21971240.21971874_21971620_gene	candidate
DMRTA1	sgRNA_21971240.21971874_21971620_gene	candidate
IFNB1	sgRNA_21971240.21971874_21971620_gene	candidate
IFNE	sgRNA_21971240.21971874_21971620_gene	candidate
IFNWP19	sgRNA_21971240.21971874_21971620_gene	candidate
p14.dialup	sgRNA_21971240.21971874_21971620_gene	candidate
CDKN2B	sgRNA_21973546.21973929_21973621_gene	candidate
CDKN2B-AS1	sgRNA_21973546.21973929_21973621_gene	candidate
p16.dialup	sgRNA_21973546.21973929_21973621_gene	candidate
MTAP	sgRNA_21973546.21973929_21973621_gene	candidate
DMRTA1	sgRNA_21973546.21973929_21973621_gene	candidate
IFNB1	sgRNA_21973546.21973929_21973621_gene	candidate
IFNE	sgRNA_21973546.21973929_21973621_gene	candidate
IFNWP19	sgRNA_21973546.21973929_21973621_gene	candidate
p14.dialup	sgRNA_21973546.21973929_21973621_gene	candidate
CDKN2B	sgRNA_21973546.21973929_21973652_gene	candidate
CDKN2B-AS1	sgRNA_21973546.21973929_21973652_gene	candidate
p16.dialup	sgRNA_21973546.21973929_21973652_gene	candidate
MTAP	sgRNA_21973546.21973929_21973652_gene	candidate
DMRTA1	sgRNA_21973546.21973929_21973652_gene	candidate
IFNB1	sgRNA_21973546.21973929_21973652_gene	candidate
IFNE	sgRNA_21973546.21973929_21973652_gene	candidate
IFNWP19	sgRNA_21973546.21973929_21973652_gene	candidate
p14.dialup	sgRNA_21973546.21973929_21973652_gene	candidate
CDKN2B	sgRNA_21973546.21973929_21973760_gene	candidate
CDKN2B-AS1	sgRNA_21973546.21973929_21973760_gene	candidate
p16.dialup	sgRNA_21973546.21973929_21973760_gene	candidate
MTAP	sgRNA_21973546.21973929_21973760_gene	candidate
DMRTA1	sgRNA_21973546.21973929_21973760_gene	candidate
IFNB1	sgRNA_21973546.21973929_21973760_gene	candidate
IFNE	sgRNA_21973546.21973929_21973760_gene	candidate
IFNWP19	sgRNA_21973546.21973929_21973760_gene	candidate
p14.dialup	sgRNA_21973546.21973929_21973760_gene	candidate
CDKN2B	sgRNA_21973546.21973929_21973765_gene	candidate
CDKN2B-AS1	sgRNA_21973546.21973929_21973765_gene	candidate
p16.dialup	sgRNA_21973546.21973929_21973765_gene	candidate
MTAP	sgRNA_21973546.21973929_21973765_gene	candidate
DMRTA1	sgRNA_21973546.21973929_21973765_gene	candidate
IFNB1	sgRNA_21973546.21973929_21973765_gene	candidate
IFNE	sgRNA_21973546.21973929_21973765_gene	candidate
IFNWP19	sgRNA_21973546.21973929_21973765_gene	candidate
p14.dialup	sgRNA_21973546.21973929_21973765_gene	candidate
CDKN2B	sgRNA_21974016.21974250_21974172_gene	candidate
CDKN2B-AS1	sgRNA_21974016.21974250_21974172_gene	candidate
p16.dialup	sgRNA_21974016.21974250_21974172_gene	candidate
MTAP	sgRNA_21974016.21974250_21974172_gene	candidate
DMRTA1	sgRNA_21974016.21974250_21974172_gene	candidate
IFNB1	sgRNA_21974016.21974250_21974172_gene	candidate
IFNE	sgRNA_21974016.21974250_21974172_gene	candidate
IFNWP19	sgRNA_21974016.21974250_21974172_gene	candidate
p14.dialup	sgRNA_21974016.21974250_21974172_gene	candidate
CDKN2B	sgRNA_21974016.21974250_21974191_gene	candidate
CDKN2B-AS1	sgRNA_21974016.21974250_21974191_gene	candidate
p16.dialup	sgRNA_21974016.21974250_21974191_gene	candidate
MTAP	sgRNA_21974016.21974250_21974191_gene	candidate
DMRTA1	sgRNA_21974016.21974250_21974191_gene	candidate
IFNB1	sgRNA_21974016.21974250_21974191_gene	candidate
IFNE	sgRNA_21974016.21974250_21974191_gene	candidate
IFNWP19	sgRNA_21974016.21974250_21974191_gene	candidate
p14.dialup	sgRNA_21974016.21974250_21974191_gene	candidate
CDKN2B	sgRNA_21974016.21974250_21974196_gene	candidate
CDKN2B-AS1	sgRNA_21974016.21974250_21974196_gene	candidate
p16.dialup	sgRNA_21974016.21974250_21974196_gene	candidate
MTAP	sgRNA_21974016.21974250_21974196_gene	candidate
DMRTA1	sgRNA_21974016.21974250_21974196_gene	candidate
IFNB1	sgRNA_21974016.21974250_21974196_gene	candidate
IFNE	sgRNA_21974016.21974250_21974196_gene	candidate
IFNWP19	sgRNA_21974016.21974250_21974196_gene	candidate
p14.dialup	sgRNA_21974016.21974250_21974196_gene	candidate
CDKN2B	sgRNA_21974016.21974250_21974251_gene	candidate
CDKN2B-AS1	sgRNA_21974016.21974250_21974251_gene	candidate
p16.dialup	sgRNA_21974016.21974250_21974251_gene	candidate
MTAP	sgRNA_21974016.21974250_21974251_gene	candidate
DMRTA1	sgRNA_21974016.21974250_21974251_gene	candidate
IFNB1	sgRNA_21974016.21974250_21974251_gene	candidate
IFNE	sgRNA_21974016.21974250_21974251_gene	candidate
IFNWP19	sgRNA_21974016.21974250_21974251_gene	candidate
p14.dialup	sgRNA_21974016.21974250_21974251_gene	candidate
CDKN2B	sgRNA_21974382.21974628_21974467_gene	candidate
CDKN2B-AS1	sgRNA_21974382.21974628_21974467_gene	candidate
p16.dialup	sgRNA_21974382.21974628_21974467_gene	candidate
MTAP	sgRNA_21974382.21974628_21974467_gene	candidate
DMRTA1	sgRNA_21974382.21974628_21974467_gene	candidate
IFNB1	sgRNA_21974382.21974628_21974467_gene	candidate
IFNE	sgRNA_21974382.21974628_21974467_gene	candidate
IFNWP19	sgRNA_21974382.21974628_21974467_gene	candidate
p14.dialup	sgRNA_21974382.21974628_21974467_gene	candidate
CDKN2B	sgRNA_21974382.21974628_21974523_gene	candidate
CDKN2B-AS1	sgRNA_21974382.21974628_21974523_gene	candidate
p16.dialup	sgRNA_21974382.21974628_21974523_gene	candidate
MTAP	sgRNA_21974382.21974628_21974523_gene	candidate
DMRTA1	sgRNA_21974382.21974628_21974523_gene	candidate
IFNB1	sgRNA_21974382.21974628_21974523_gene	candidate
IFNE	sgRNA_21974382.21974628_21974523_gene	candidate
IFNWP19	sgRNA_21974382.21974628_21974523_gene	candidate
p14.dialup	sgRNA_21974382.21974628_21974523_gene	candidate
CDKN2B	sgRNA_21974382.21974628_21974617_gene	candidate
CDKN2B-AS1	sgRNA_21974382.21974628_21974617_gene	candidate
p16.dialup	sgRNA_21974382.21974628_21974617_gene	candidate
MTAP	sgRNA_21974382.21974628_21974617_gene	candidate
DMRTA1	sgRNA_21974382.21974628_21974617_gene	candidate
IFNB1	sgRNA_21974382.21974628_21974617_gene	candidate
IFNE	sgRNA_21974382.21974628_21974617_gene	candidate
IFNWP19	sgRNA_21974382.21974628_21974617_gene	candidate
p14.dialup	sgRNA_21974382.21974628_21974617_gene	candidate
CDKN2B	sgRNA_21974644.21975049_21974982_gene	candidate
CDKN2B-AS1	sgRNA_21974644.21975049_21974982_gene	candidate
p16.dialup	sgRNA_21974644.21975049_21974982_gene	positive_control
MTAP	sgRNA_21974644.21975049_21974982_gene	candidate
DMRTA1	sgRNA_21974644.21975049_21974982_gene	candidate
IFNB1	sgRNA_21974644.21975049_21974982_gene	candidate
IFNE	sgRNA_21974644.21975049_21974982_gene	candidate
IFNWP19	sgRNA_21974644.21975049_21974982_gene	candidate
p14.dialup	sgRNA_21974644.21975049_21974982_gene	candidate
CDKN2B	sgRNA_21974644.21975049_21974989_gene	candidate
CDKN2B-AS1	sgRNA_21974644.21975049_21974989_gene	candidate
p16.dialup	sgRNA_21974644.21975049_21974989_gene	positive_control
MTAP	sgRNA_21974644.21975049_21974989_gene	candidate
DMRTA1	sgRNA_21974644.21975049_21974989_gene	candidate
IFNB1	sgRNA_21974644.21975049_21974989_gene	candidate
IFNE	sgRNA_21974644.21975049_21974989_gene	candidate
IFNWP19	sgRNA_21974644.21975049_21974989_gene	candidate
p14.dialup	sgRNA_21974644.21975049_21974989_gene	candidate
CDKN2B	sgRNA_21974644.21975049_21975008_gene	candidate
CDKN2B-AS1	sgRNA_21974644.21975049_21975008_gene	candidate
p16.dialup	sgRNA_21974644.21975049_21975008_gene	positive_control
MTAP	sgRNA_21974644.21975049_21975008_gene	candidate
DMRTA1	sgRNA_21974644.21975049_21975008_gene	candidate
IFNB1	sgRNA_21974644.21975049_21975008_gene	candidate
IFNE	sgRNA_21974644.21975049_21975008_gene	candidate
IFNWP19	sgRNA_21974644.21975049_21975008_gene	candidate
p14.dialup	sgRNA_21974644.21975049_21975008_gene	candidate
CDKN2B	sgRNA_21974644.21975049_21975032_gene	candidate
CDKN2B-AS1	sgRNA_21974644.21975049_21975032_gene	candidate
p16.dialup	sgRNA_21974644.21975049_21975032_gene	positive_control
MTAP	sgRNA_21974644.21975049_21975032_gene	candidate
DMRTA1	sgRNA_21974644.21975049_21975032_gene	candidate
IFNB1	sgRNA_21974644.21975049_21975032_gene	candidate	
IFNE	sgRNA_21974644.21975049_21975032_gene	candidate	
IFNWP19	sgRNA_21974644.21975049_21975032_gene	candidate	
p14.dialup	sgRNA_21974644.21975049_21975032_gene	candidate
CDKN2B	sgRNA_21975050.21975381_21975067_gene	candidate
CDKN2B-AS1	sgRNA_21975050.21975381_21975067_gene	candidate
p16.dialup	sgRNA_21975050.21975381_21975067_gene	positive_control
MTAP	sgRNA_21975050.21975381_21975067_gene	candidate
DMRTA1	sgRNA_21975050.21975381_21975067_gene	candidate
IFNB1	sgRNA_21975050.21975381_21975067_gene	candidate
IFNE	sgRNA_21975050.21975381_21975067_gene	candidate
IFNWP19	sgRNA_21975050.21975381_21975067_gene	candidate
p14.dialup	sgRNA_21975050.21975381_21975067_gene	candidate
CDKN2B	sgRNA_21975050.21975381_21975294_gene	candidate
CDKN2B-AS1	sgRNA_21975050.21975381_21975294_gene	candidate
p16.dialup	sgRNA_21975050.21975381_21975294_gene	positive_control
MTAP	sgRNA_21975050.21975381_21975294_gene	candidate
DMRTA1	sgRNA_21975050.21975381_21975294_gene	candidate
IFNB1	sgRNA_21975050.21975381_21975294_gene	candidate
IFNE	sgRNA_21975050.21975381_21975294_gene	candidate
IFNWP19	sgRNA_21975050.21975381_21975294_gene	candidate
p14.dialup	sgRNA_21975050.21975381_21975294_gene	candidate
CDKN2B	sgRNA_21975050.21975381_21975306_gene	candidate
CDKN2B-AS1	sgRNA_21975050.21975381_21975306_gene	candidate
p16.dialup	sgRNA_21975050.21975381_21975306_gene	positive_control
MTAP	sgRNA_21975050.21975381_21975306_gene	candidate
DMRTA1	sgRNA_21975050.21975381_21975306_gene	candidate
IFNB1	sgRNA_21975050.21975381_21975306_gene	candidate
IFNE	sgRNA_21975050.21975381_21975306_gene	candidate
IFNWP19	sgRNA_21975050.21975381_21975306_gene	candidate
p14.dialup	sgRNA_21975050.21975381_21975306_gene	candidate
CDKN2B	sgRNA_21975050.21975381_21975309_gene	candidate
CDKN2B-AS1	sgRNA_21975050.21975381_21975309_gene	candidate
p16.dialup	sgRNA_21975050.21975381_21975309_gene	positive_control
MTAP	sgRNA_21975050.21975381_21975309_gene	candidate
DMRTA1	sgRNA_21975050.21975381_21975309_gene	candidate
IFNB1	sgRNA_21975050.21975381_21975309_gene	candidate
IFNE	sgRNA_21975050.21975381_21975309_gene	candidate
IFNWP19	sgRNA_21975050.21975381_21975309_gene	candidate
p14.dialup	sgRNA_21975050.21975381_21975309_gene	candidate
CDKN2B	sgRNA_21975473.21975815_21975584_gene	candidate
CDKN2B-AS1	sgRNA_21975473.21975815_21975584_gene	candidate
p16.dialup	sgRNA_21975473.21975815_21975584_gene	candidate
MTAP	sgRNA_21975473.21975815_21975584_gene	candidate
DMRTA1	sgRNA_21975473.21975815_21975584_gene	candidate
IFNB1	sgRNA_21975473.21975815_21975584_gene	candidate
IFNE	sgRNA_21975473.21975815_21975584_gene	candidate
IFNWP19	sgRNA_21975473.21975815_21975584_gene	candidate
p14.dialup	sgRNA_21975473.21975815_21975584_gene	candidate
CDKN2B	sgRNA_21975473.21975815_21975679_gene	candidate
CDKN2B-AS1	sgRNA_21975473.21975815_21975679_gene	candidate
p16.dialup	sgRNA_21975473.21975815_21975679_gene	candidate
MTAP	sgRNA_21975473.21975815_21975679_gene	candidate
DMRTA1	sgRNA_21975473.21975815_21975679_gene	candidate
IFNB1	sgRNA_21975473.21975815_21975679_gene	candidate
IFNE	sgRNA_21975473.21975815_21975679_gene	candidate
IFNWP19	sgRNA_21975473.21975815_21975679_gene	candidate
p14.dialup	sgRNA_21975473.21975815_21975679_gene	candidate
CDKN2B	sgRNA_21975473.21975815_21975682_gene	candidate
CDKN2B-AS1	sgRNA_21975473.21975815_21975682_gene	candidate
p16.dialup	sgRNA_21975473.21975815_21975682_gene	candidate
MTAP	sgRNA_21975473.21975815_21975682_gene	candidate
DMRTA1	sgRNA_21975473.21975815_21975682_gene	candidate
IFNB1	sgRNA_21975473.21975815_21975682_gene	candidate
IFNE	sgRNA_21975473.21975815_21975682_gene	candidate
IFNWP19	sgRNA_21975473.21975815_21975682_gene	candidate
p14.dialup	sgRNA_21975473.21975815_21975682_gene	candidate
CDKN2B	sgRNA_21975473.21975815_21975716_gene	candidate
CDKN2B-AS1	sgRNA_21975473.21975815_21975716_gene	candidate
p16.dialup	sgRNA_21975473.21975815_21975716_gene	candidate
MTAP	sgRNA_21975473.21975815_21975716_gene	candidate
DMRTA1	sgRNA_21975473.21975815_21975716_gene	candidate
IFNB1	sgRNA_21975473.21975815_21975716_gene	candidate
IFNE	sgRNA_21975473.21975815_21975716_gene	candidate
IFNWP19	sgRNA_21975473.21975815_21975716_gene	candidate
p14.dialup	sgRNA_21975473.21975815_21975716_gene	candidate
CDKN2B	sgRNA_21975838.21975990_21975893_gene	candidate
CDKN2B-AS1	sgRNA_21975838.21975990_21975893_gene	candidate
p16.dialup	sgRNA_21975838.21975990_21975893_gene	candidate
MTAP	sgRNA_21975838.21975990_21975893_gene	candidate
DMRTA1	sgRNA_21975838.21975990_21975893_gene	candidate
IFNB1	sgRNA_21975838.21975990_21975893_gene	candidate
IFNE	sgRNA_21975838.21975990_21975893_gene	candidate
IFNWP19	sgRNA_21975838.21975990_21975893_gene	candidate
p14.dialup	sgRNA_21975838.21975990_21975893_gene	candidate
CDKN2B	sgRNA_21975838.21975990_21975937_gene	candidate
CDKN2B-AS1	sgRNA_21975838.21975990_21975937_gene	candidate
p16.dialup	sgRNA_21975838.21975990_21975937_gene	candidate
MTAP	sgRNA_21975838.21975990_21975937_gene	candidate
DMRTA1	sgRNA_21975838.21975990_21975937_gene	candidate
IFNB1	sgRNA_21975838.21975990_21975937_gene	candidate
IFNE	sgRNA_21975838.21975990_21975937_gene	candidate
IFNWP19	sgRNA_21975838.21975990_21975937_gene	candidate
p14.dialup	sgRNA_21975838.21975990_21975937_gene	candidate
CDKN2B	sgRNA_21976337.21976594_21976425_gene	candidate
CDKN2B-AS1	sgRNA_21976337.21976594_21976425_gene	candidate
p16.dialup	sgRNA_21976337.21976594_21976425_gene	candidate
MTAP	sgRNA_21976337.21976594_21976425_gene	candidate
DMRTA1	sgRNA_21976337.21976594_21976425_gene	candidate
IFNB1	sgRNA_21976337.21976594_21976425_gene	candidate
IFNE	sgRNA_21976337.21976594_21976425_gene	candidate
IFNWP19	sgRNA_21976337.21976594_21976425_gene	candidate
p14.dialup	sgRNA_21976337.21976594_21976425_gene	candidate
CDKN2B	sgRNA_21976337.21976594_21976434_gene	candidate
CDKN2B-AS1	sgRNA_21976337.21976594_21976434_gene	candidate
p16.dialup	sgRNA_21976337.21976594_21976434_gene	candidate
MTAP	sgRNA_21976337.21976594_21976434_gene	candidate
DMRTA1	sgRNA_21976337.21976594_21976434_gene	candidate
IFNB1	sgRNA_21976337.21976594_21976434_gene	candidate
IFNE	sgRNA_21976337.21976594_21976434_gene	candidate
IFNWP19	sgRNA_21976337.21976594_21976434_gene	candidate
p14.dialup	sgRNA_21976337.21976594_21976434_gene	candidate
CDKN2B	sgRNA_21976337.21976594_21976440_gene	candidate
CDKN2B-AS1	sgRNA_21976337.21976594_21976440_gene	candidate
p16.dialup	sgRNA_21976337.21976594_21976440_gene	candidate
MTAP	sgRNA_21976337.21976594_21976440_gene	candidate
DMRTA1	sgRNA_21976337.21976594_21976440_gene	candidate
IFNB1	sgRNA_21976337.21976594_21976440_gene	candidate
IFNE	sgRNA_21976337.21976594_21976440_gene	candidate
IFNWP19	sgRNA_21976337.21976594_21976440_gene	candidate
p14.dialup	sgRNA_21976337.21976594_21976440_gene	candidate
CDKN2B	sgRNA_21976337.21976594_21976443_gene	candidate
CDKN2B-AS1	sgRNA_21976337.21976594_21976443_gene	candidate
p16.dialup	sgRNA_21976337.21976594_21976443_gene	candidate
MTAP	sgRNA_21976337.21976594_21976443_gene	candidate
DMRTA1	sgRNA_21976337.21976594_21976443_gene	candidate
IFNB1	sgRNA_21976337.21976594_21976443_gene	candidate
IFNE	sgRNA_21976337.21976594_21976443_gene	candidate
IFNWP19	sgRNA_21976337.21976594_21976443_gene	candidate
p14.dialup	sgRNA_21976337.21976594_21976443_gene	candidate
CDKN2B	sgRNA_21982447.21983001_21982837_gene	candidate
CDKN2B-AS1	sgRNA_21982447.21983001_21982837_gene	candidate
p16.dialup	sgRNA_21982447.21983001_21982837_gene	candidate
MTAP	sgRNA_21982447.21983001_21982837_gene	candidate
DMRTA1	sgRNA_21982447.21983001_21982837_gene	candidate
IFNB1	sgRNA_21982447.21983001_21982837_gene	candidate
IFNE	sgRNA_21982447.21983001_21982837_gene	candidate
IFNWP19	sgRNA_21982447.21983001_21982837_gene	candidate
p14.dialup	sgRNA_21982447.21983001_21982837_gene	candidate
CDKN2B	sgRNA_21982447.21983001_21982957_gene	candidate
CDKN2B-AS1	sgRNA_21982447.21983001_21982957_gene	candidate
p16.dialup	sgRNA_21982447.21983001_21982957_gene	candidate
MTAP	sgRNA_21982447.21983001_21982957_gene	candidate
DMRTA1	sgRNA_21982447.21983001_21982957_gene	candidate
IFNB1	sgRNA_21982447.21983001_21982957_gene	candidate
IFNE	sgRNA_21982447.21983001_21982957_gene	candidate
IFNWP19	sgRNA_21982447.21983001_21982957_gene	candidate
p14.dialup	sgRNA_21982447.21983001_21982957_gene	candidate
CDKN2B	sgRNA_21982447.21983001_21982966_gene	candidate
CDKN2B-AS1	sgRNA_21982447.21983001_21982966_gene	candidate
p16.dialup	sgRNA_21982447.21983001_21982966_gene	candidate
MTAP	sgRNA_21982447.21983001_21982966_gene	candidate
DMRTA1	sgRNA_21982447.21983001_21982966_gene	candidate
IFNB1	sgRNA_21982447.21983001_21982966_gene	candidate
IFNE	sgRNA_21982447.21983001_21982966_gene	candidate
IFNWP19	sgRNA_21982447.21983001_21982966_gene	candidate
p14.dialup	sgRNA_21982447.21983001_21982966_gene	candidate
CDKN2B	sgRNA_21982447.21983001_21983001_gene	candidate
CDKN2B-AS1	sgRNA_21982447.21983001_21983001_gene	candidate
p16.dialup	sgRNA_21982447.21983001_21983001_gene	candidate
MTAP	sgRNA_21982447.21983001_21983001_gene	candidate
DMRTA1	sgRNA_21982447.21983001_21983001_gene	candidate
IFNB1	sgRNA_21982447.21983001_21983001_gene	candidate
IFNE	sgRNA_21982447.21983001_21983001_gene	candidate
IFNWP19	sgRNA_21982447.21983001_21983001_gene	candidate
p14.dialup	sgRNA_21982447.21983001_21983001_gene	candidate
CDKN2B	sgRNA_21983545.21983947_21983675_gene	candidate
CDKN2B-AS1	sgRNA_21983545.21983947_21983675_gene	candidate
p16.dialup	sgRNA_21983545.21983947_21983675_gene	candidate
MTAP	sgRNA_21983545.21983947_21983675_gene	candidate
DMRTA1	sgRNA_21983545.21983947_21983675_gene	candidate
IFNB1	sgRNA_21983545.21983947_21983675_gene	candidate
IFNE	sgRNA_21983545.21983947_21983675_gene	candidate
IFNWP19	sgRNA_21983545.21983947_21983675_gene	candidate
p14.dialup	sgRNA_21983545.21983947_21983675_gene	candidate
CDKN2B	sgRNA_21983545.21983947_21983759_gene	candidate
CDKN2B-AS1	sgRNA_21983545.21983947_21983759_gene	candidate
p16.dialup	sgRNA_21983545.21983947_21983759_gene	candidate
MTAP	sgRNA_21983545.21983947_21983759_gene	candidate
DMRTA1	sgRNA_21983545.21983947_21983759_gene	candidate
IFNB1	sgRNA_21983545.21983947_21983759_gene	candidate
IFNE	sgRNA_21983545.21983947_21983759_gene	candidate
IFNWP19	sgRNA_21983545.21983947_21983759_gene	candidate
p14.dialup	sgRNA_21983545.21983947_21983759_gene	candidate
CDKN2B	sgRNA_21983545.21983947_21983839_gene	candidate
CDKN2B-AS1	sgRNA_21983545.21983947_21983839_gene	candidate
p16.dialup	sgRNA_21983545.21983947_21983839_gene	candidate
MTAP	sgRNA_21983545.21983947_21983839_gene	candidate
DMRTA1	sgRNA_21983545.21983947_21983839_gene	candidate
IFNB1	sgRNA_21983545.21983947_21983839_gene	candidate
IFNE	sgRNA_21983545.21983947_21983839_gene	candidate
IFNWP19	sgRNA_21983545.21983947_21983839_gene	candidate
p14.dialup	sgRNA_21983545.21983947_21983839_gene	candidate
CDKN2B	sgRNA_21983545.21983947_21983884_gene	candidate
CDKN2B-AS1	sgRNA_21983545.21983947_21983884_gene	candidate
p16.dialup	sgRNA_21983545.21983947_21983884_gene	candidate
MTAP	sgRNA_21983545.21983947_21983884_gene	candidate
DMRTA1	sgRNA_21983545.21983947_21983884_gene	candidate
IFNB1	sgRNA_21983545.21983947_21983884_gene	candidate
IFNE	sgRNA_21983545.21983947_21983884_gene	candidate
IFNWP19	sgRNA_21983545.21983947_21983884_gene	candidate
p14.dialup	sgRNA_21983545.21983947_21983884_gene	candidate
CDKN2B	sgRNA_21984590.21984842_21984707_gene	candidate
CDKN2B-AS1	sgRNA_21984590.21984842_21984707_gene	candidate
p16.dialup	sgRNA_21984590.21984842_21984707_gene	candidate
MTAP	sgRNA_21984590.21984842_21984707_gene	candidate
DMRTA1	sgRNA_21984590.21984842_21984707_gene	candidate
IFNB1	sgRNA_21984590.21984842_21984707_gene	candidate
IFNE	sgRNA_21984590.21984842_21984707_gene	candidate
IFNWP19	sgRNA_21984590.21984842_21984707_gene	candidate
p14.dialup	sgRNA_21984590.21984842_21984707_gene	candidate
CDKN2B	sgRNA_21984590.21984842_21984730_gene	candidate
CDKN2B-AS1	sgRNA_21984590.21984842_21984730_gene	candidate
p16.dialup	sgRNA_21984590.21984842_21984730_gene	candidate
MTAP	sgRNA_21984590.21984842_21984730_gene	candidate
DMRTA1	sgRNA_21984590.21984842_21984730_gene	candidate
IFNB1	sgRNA_21984590.21984842_21984730_gene	candidate
IFNE	sgRNA_21984590.21984842_21984730_gene	candidate
IFNWP19	sgRNA_21984590.21984842_21984730_gene	candidate
p14.dialup	sgRNA_21984590.21984842_21984730_gene	candidate
CDKN2B	sgRNA_21984590.21984842_21984745_gene	candidate
CDKN2B-AS1	sgRNA_21984590.21984842_21984745_gene	candidate
p16.dialup	sgRNA_21984590.21984842_21984745_gene	candidate
MTAP	sgRNA_21984590.21984842_21984745_gene	candidate
DMRTA1	sgRNA_21984590.21984842_21984745_gene	candidate
IFNB1	sgRNA_21984590.21984842_21984745_gene	candidate
IFNE	sgRNA_21984590.21984842_21984745_gene	candidate
IFNWP19	sgRNA_21984590.21984842_21984745_gene	candidate
p14.dialup	sgRNA_21984590.21984842_21984745_gene	candidate
CDKN2B	sgRNA_21986846.21987062_21986874_gene	candidate
CDKN2B-AS1	sgRNA_21986846.21987062_21986874_gene	candidate
p16.dialup	sgRNA_21986846.21987062_21986874_gene	candidate
MTAP	sgRNA_21986846.21987062_21986874_gene	candidate
DMRTA1	sgRNA_21986846.21987062_21986874_gene	candidate
IFNB1	sgRNA_21986846.21987062_21986874_gene	candidate
IFNE	sgRNA_21986846.21987062_21986874_gene	candidate
IFNWP19	sgRNA_21986846.21987062_21986874_gene	candidate
p14.dialup	sgRNA_21986846.21987062_21986874_gene	candidate
CDKN2B	sgRNA_21986846.21987062_21986954_gene	candidate
CDKN2B-AS1	sgRNA_21986846.21987062_21986954_gene	candidate
p16.dialup	sgRNA_21986846.21987062_21986954_gene	candidate
MTAP	sgRNA_21986846.21987062_21986954_gene	candidate
DMRTA1	sgRNA_21986846.21987062_21986954_gene	candidate
IFNB1	sgRNA_21986846.21987062_21986954_gene	candidate
IFNE	sgRNA_21986846.21987062_21986954_gene	candidate
IFNWP19	sgRNA_21986846.21987062_21986954_gene	candidate
p14.dialup	sgRNA_21986846.21987062_21986954_gene	candidate
CDKN2B	sgRNA_21987490.21987738_21987621_gene	candidate
CDKN2B-AS1	sgRNA_21987490.21987738_21987621_gene	candidate
p16.dialup	sgRNA_21987490.21987738_21987621_gene	candidate
MTAP	sgRNA_21987490.21987738_21987621_gene	candidate
DMRTA1	sgRNA_21987490.21987738_21987621_gene	candidate
IFNB1	sgRNA_21987490.21987738_21987621_gene	candidate
IFNE	sgRNA_21987490.21987738_21987621_gene	candidate
IFNWP19	sgRNA_21987490.21987738_21987621_gene	candidate
p14.dialup	sgRNA_21987490.21987738_21987621_gene	candidate
CDKN2B	sgRNA_21987490.21987738_21987691_gene	candidate
CDKN2B-AS1	sgRNA_21987490.21987738_21987691_gene	candidate
p16.dialup	sgRNA_21987490.21987738_21987691_gene	candidate
MTAP	sgRNA_21987490.21987738_21987691_gene	candidate
DMRTA1	sgRNA_21987490.21987738_21987691_gene	candidate
IFNB1	sgRNA_21987490.21987738_21987691_gene	candidate
IFNE	sgRNA_21987490.21987738_21987691_gene	candidate
IFNWP19	sgRNA_21987490.21987738_21987691_gene	candidate
p14.dialup	sgRNA_21987490.21987738_21987691_gene	candidate
CDKN2B	sgRNA_21987490.21987738_21987715_gene	candidate
CDKN2B-AS1	sgRNA_21987490.21987738_21987715_gene	candidate
p16.dialup	sgRNA_21987490.21987738_21987715_gene	candidate
MTAP	sgRNA_21987490.21987738_21987715_gene	candidate
DMRTA1	sgRNA_21987490.21987738_21987715_gene	candidate
IFNB1	sgRNA_21987490.21987738_21987715_gene	candidate
IFNE	sgRNA_21987490.21987738_21987715_gene	candidate
IFNWP19	sgRNA_21987490.21987738_21987715_gene	candidate
p14.dialup	sgRNA_21987490.21987738_21987715_gene	candidate
CDKN2B	sgRNA_21987490.21987738_21987739_gene	candidate
CDKN2B-AS1	sgRNA_21987490.21987738_21987739_gene	candidate
p16.dialup	sgRNA_21987490.21987738_21987739_gene	candidate
MTAP	sgRNA_21987490.21987738_21987739_gene	candidate
DMRTA1	sgRNA_21987490.21987738_21987739_gene	candidate
IFNB1	sgRNA_21987490.21987738_21987739_gene	candidate
IFNE	sgRNA_21987490.21987738_21987739_gene	candidate
IFNWP19	sgRNA_21987490.21987738_21987739_gene	candidate
p14.dialup	sgRNA_21987490.21987738_21987739_gene	candidate
CDKN2B	sgRNA_21988344.21989004_21988643_gene	candidate
CDKN2B-AS1	sgRNA_21988344.21989004_21988643_gene	candidate
p16.dialup	sgRNA_21988344.21989004_21988643_gene	candidate
MTAP	sgRNA_21988344.21989004_21988643_gene	candidate
DMRTA1	sgRNA_21988344.21989004_21988643_gene	candidate
IFNB1	sgRNA_21988344.21989004_21988643_gene	candidate
IFNE	sgRNA_21988344.21989004_21988643_gene	candidate
IFNWP19	sgRNA_21988344.21989004_21988643_gene	candidate
p14.dialup	sgRNA_21988344.21989004_21988643_gene	candidate
CDKN2B	sgRNA_21988344.21989004_21988773_gene	candidate
CDKN2B-AS1	sgRNA_21988344.21989004_21988773_gene	candidate
p16.dialup	sgRNA_21988344.21989004_21988773_gene	candidate
MTAP	sgRNA_21988344.21989004_21988773_gene	candidate
DMRTA1	sgRNA_21988344.21989004_21988773_gene	candidate
IFNB1	sgRNA_21988344.21989004_21988773_gene	candidate
IFNE	sgRNA_21988344.21989004_21988773_gene	candidate
IFNWP19	sgRNA_21988344.21989004_21988773_gene	candidate
p14.dialup	sgRNA_21988344.21989004_21988773_gene	candidate
CDKN2B	sgRNA_21988344.21989004_21988927_gene	candidate
CDKN2B-AS1	sgRNA_21988344.21989004_21988927_gene	candidate
p16.dialup	sgRNA_21988344.21989004_21988927_gene	candidate
MTAP	sgRNA_21988344.21989004_21988927_gene	candidate
DMRTA1	sgRNA_21988344.21989004_21988927_gene	candidate
IFNB1	sgRNA_21988344.21989004_21988927_gene	candidate
IFNE	sgRNA_21988344.21989004_21988927_gene	candidate
IFNWP19	sgRNA_21988344.21989004_21988927_gene	candidate
p14.dialup	sgRNA_21988344.21989004_21988927_gene	candidate
CDKN2B	sgRNA_21988344.21989004_21989001_gene	candidate
CDKN2B-AS1	sgRNA_21988344.21989004_21989001_gene	candidate
p16.dialup	sgRNA_21988344.21989004_21989001_gene	candidate
MTAP	sgRNA_21988344.21989004_21989001_gene	candidate
DMRTA1	sgRNA_21988344.21989004_21989001_gene	candidate
IFNB1	sgRNA_21988344.21989004_21989001_gene	candidate
IFNE	sgRNA_21988344.21989004_21989001_gene	candidate
IFNWP19	sgRNA_21988344.21989004_21989001_gene	candidate
p14.dialup	sgRNA_21988344.21989004_21989001_gene	candidate
CDKN2B	sgRNA_21989448.21989770_21989604_gene	candidate
CDKN2B-AS1	sgRNA_21989448.21989770_21989604_gene	candidate
p16.dialup	sgRNA_21989448.21989770_21989604_gene	candidate
MTAP	sgRNA_21989448.21989770_21989604_gene	candidate
DMRTA1	sgRNA_21989448.21989770_21989604_gene	candidate
IFNB1	sgRNA_21989448.21989770_21989604_gene	candidate
IFNE	sgRNA_21989448.21989770_21989604_gene	candidate
IFNWP19	sgRNA_21989448.21989770_21989604_gene	candidate
p14.dialup	sgRNA_21989448.21989770_21989604_gene	candidate
CDKN2B	sgRNA_21989448.21989770_21989608_gene	candidate
CDKN2B-AS1	sgRNA_21989448.21989770_21989608_gene	candidate
p16.dialup	sgRNA_21989448.21989770_21989608_gene	candidate
MTAP	sgRNA_21989448.21989770_21989608_gene	candidate
DMRTA1	sgRNA_21989448.21989770_21989608_gene	candidate
IFNB1	sgRNA_21989448.21989770_21989608_gene	candidate
IFNE	sgRNA_21989448.21989770_21989608_gene	candidate
IFNWP19	sgRNA_21989448.21989770_21989608_gene	candidate
p14.dialup	sgRNA_21989448.21989770_21989608_gene	candidate
CDKN2B	sgRNA_21989448.21989770_21989618_gene	candidate
CDKN2B-AS1	sgRNA_21989448.21989770_21989618_gene	candidate
p16.dialup	sgRNA_21989448.21989770_21989618_gene	candidate
MTAP	sgRNA_21989448.21989770_21989618_gene	candidate
DMRTA1	sgRNA_21989448.21989770_21989618_gene	candidate
IFNB1	sgRNA_21989448.21989770_21989618_gene	candidate
IFNE	sgRNA_21989448.21989770_21989618_gene	candidate
IFNWP19	sgRNA_21989448.21989770_21989618_gene	candidate
p14.dialup	sgRNA_21989448.21989770_21989618_gene	candidate
CDKN2B	sgRNA_21989448.21989770_21989748_gene	candidate
CDKN2B-AS1	sgRNA_21989448.21989770_21989748_gene	candidate
p16.dialup	sgRNA_21989448.21989770_21989748_gene	candidate
MTAP	sgRNA_21989448.21989770_21989748_gene	candidate
DMRTA1	sgRNA_21989448.21989770_21989748_gene	candidate
IFNB1	sgRNA_21989448.21989770_21989748_gene	candidate
IFNE	sgRNA_21989448.21989770_21989748_gene	candidate
IFNWP19	sgRNA_21989448.21989770_21989748_gene	candidate
p14.dialup	sgRNA_21989448.21989770_21989748_gene	candidate
CDKN2B	sgRNA_21989846.21990150_21989850_gene	candidate
CDKN2B-AS1	sgRNA_21989846.21990150_21989850_gene	candidate
p16.dialup	sgRNA_21989846.21990150_21989850_gene	candidate
MTAP	sgRNA_21989846.21990150_21989850_gene	candidate
DMRTA1	sgRNA_21989846.21990150_21989850_gene	candidate
IFNB1	sgRNA_21989846.21990150_21989850_gene	candidate
IFNE	sgRNA_21989846.21990150_21989850_gene	candidate
IFNWP19	sgRNA_21989846.21990150_21989850_gene	candidate
p14.dialup	sgRNA_21989846.21990150_21989850_gene	candidate
CDKN2B	sgRNA_21989846.21990150_21989891_gene	candidate
CDKN2B-AS1	sgRNA_21989846.21990150_21989891_gene	candidate
p16.dialup	sgRNA_21989846.21990150_21989891_gene	candidate
MTAP	sgRNA_21989846.21990150_21989891_gene	candidate
DMRTA1	sgRNA_21989846.21990150_21989891_gene	candidate
IFNB1	sgRNA_21989846.21990150_21989891_gene	candidate
IFNE	sgRNA_21989846.21990150_21989891_gene	candidate
IFNWP19	sgRNA_21989846.21990150_21989891_gene	candidate
p14.dialup	sgRNA_21989846.21990150_21989891_gene	candidate
CDKN2B	sgRNA_21989846.21990150_21989918_gene	candidate
CDKN2B-AS1	sgRNA_21989846.21990150_21989918_gene	candidate
p16.dialup	sgRNA_21989846.21990150_21989918_gene	candidate
MTAP	sgRNA_21989846.21990150_21989918_gene	candidate
DMRTA1	sgRNA_21989846.21990150_21989918_gene	candidate
IFNB1	sgRNA_21989846.21990150_21989918_gene	candidate
IFNE	sgRNA_21989846.21990150_21989918_gene	candidate
IFNWP19	sgRNA_21989846.21990150_21989918_gene	candidate
p14.dialup	sgRNA_21989846.21990150_21989918_gene	candidate
CDKN2B	sgRNA_21989846.21990150_21990131_gene	candidate
CDKN2B-AS1	sgRNA_21989846.21990150_21990131_gene	candidate
p16.dialup	sgRNA_21989846.21990150_21990131_gene	candidate
MTAP	sgRNA_21989846.21990150_21990131_gene	candidate
DMRTA1	sgRNA_21989846.21990150_21990131_gene	candidate
IFNB1	sgRNA_21989846.21990150_21990131_gene	candidate
IFNE	sgRNA_21989846.21990150_21990131_gene	candidate
IFNWP19	sgRNA_21989846.21990150_21990131_gene	candidate
p14.dialup	sgRNA_21989846.21990150_21990131_gene	candidate
CDKN2B	sgRNA_21990239.21990463_21990332_gene	candidate
CDKN2B-AS1	sgRNA_21990239.21990463_21990332_gene	candidate
p16.dialup	sgRNA_21990239.21990463_21990332_gene	candidate
MTAP	sgRNA_21990239.21990463_21990332_gene	candidate
DMRTA1	sgRNA_21990239.21990463_21990332_gene	candidate
IFNB1	sgRNA_21990239.21990463_21990332_gene	candidate
IFNE	sgRNA_21990239.21990463_21990332_gene	candidate
IFNWP19	sgRNA_21990239.21990463_21990332_gene	candidate
p14.dialup	sgRNA_21990239.21990463_21990332_gene	candidate
CDKN2B	sgRNA_21990239.21990463_21990360_gene	candidate
CDKN2B-AS1	sgRNA_21990239.21990463_21990360_gene	candidate
p16.dialup	sgRNA_21990239.21990463_21990360_gene	candidate
MTAP	sgRNA_21990239.21990463_21990360_gene	candidate
DMRTA1	sgRNA_21990239.21990463_21990360_gene	candidate
IFNB1	sgRNA_21990239.21990463_21990360_gene	candidate
IFNE	sgRNA_21990239.21990463_21990360_gene	candidate
IFNWP19	sgRNA_21990239.21990463_21990360_gene	candidate
p14.dialup	sgRNA_21990239.21990463_21990360_gene	candidate
CDKN2B	sgRNA_21990239.21990463_21990451_gene	candidate
CDKN2B-AS1	sgRNA_21990239.21990463_21990451_gene	candidate
p16.dialup	sgRNA_21990239.21990463_21990451_gene	candidate
MTAP	sgRNA_21990239.21990463_21990451_gene	candidate
DMRTA1	sgRNA_21990239.21990463_21990451_gene	candidate
IFNB1	sgRNA_21990239.21990463_21990451_gene	candidate
IFNE	sgRNA_21990239.21990463_21990451_gene	candidate
IFNWP19	sgRNA_21990239.21990463_21990451_gene	candidate
p14.dialup	sgRNA_21990239.21990463_21990451_gene	candidate
CDKN2B	sgRNA_21991610.21991964_21991666_gene	candidate
CDKN2B-AS1	sgRNA_21991610.21991964_21991666_gene	candidate
p16.dialup	sgRNA_21991610.21991964_21991666_gene	candidate
MTAP	sgRNA_21991610.21991964_21991666_gene	candidate
DMRTA1	sgRNA_21991610.21991964_21991666_gene	candidate
IFNB1	sgRNA_21991610.21991964_21991666_gene	candidate
IFNE	sgRNA_21991610.21991964_21991666_gene	candidate
IFNWP19	sgRNA_21991610.21991964_21991666_gene	candidate
p14.dialup	sgRNA_21991610.21991964_21991666_gene	candidate
CDKN2B	sgRNA_21991610.21991964_21991696_gene	candidate
CDKN2B-AS1	sgRNA_21991610.21991964_21991696_gene	candidate
p16.dialup	sgRNA_21991610.21991964_21991696_gene	candidate
MTAP	sgRNA_21991610.21991964_21991696_gene	candidate
DMRTA1	sgRNA_21991610.21991964_21991696_gene	candidate
IFNB1	sgRNA_21991610.21991964_21991696_gene	candidate
IFNE	sgRNA_21991610.21991964_21991696_gene	candidate
IFNWP19	sgRNA_21991610.21991964_21991696_gene	candidate
p14.dialup	sgRNA_21991610.21991964_21991696_gene	candidate
CDKN2B	sgRNA_21991610.21991964_21991847_gene	candidate
CDKN2B-AS1	sgRNA_21991610.21991964_21991847_gene	candidate
p16.dialup	sgRNA_21991610.21991964_21991847_gene	candidate
MTAP	sgRNA_21991610.21991964_21991847_gene	candidate
DMRTA1	sgRNA_21991610.21991964_21991847_gene	candidate
IFNB1	sgRNA_21991610.21991964_21991847_gene	candidate
IFNE	sgRNA_21991610.21991964_21991847_gene	candidate
IFNWP19	sgRNA_21991610.21991964_21991847_gene	candidate
p14.dialup	sgRNA_21991610.21991964_21991847_gene	candidate
CDKN2B	sgRNA_21993497.21993792_21993586_gene	candidate
CDKN2B-AS1	sgRNA_21993497.21993792_21993586_gene	candidate
p16.dialup	sgRNA_21993497.21993792_21993586_gene	candidate
MTAP	sgRNA_21993497.21993792_21993586_gene	candidate
DMRTA1	sgRNA_21993497.21993792_21993586_gene	candidate
IFNB1	sgRNA_21993497.21993792_21993586_gene	candidate
IFNE	sgRNA_21993497.21993792_21993586_gene	candidate
IFNWP19	sgRNA_21993497.21993792_21993586_gene	candidate
p14.dialup	sgRNA_21993497.21993792_21993586_gene	candidate
CDKN2B	sgRNA_21993497.21993792_21993605_gene	candidate
CDKN2B-AS1	sgRNA_21993497.21993792_21993605_gene	candidate
p16.dialup	sgRNA_21993497.21993792_21993605_gene	candidate
MTAP	sgRNA_21993497.21993792_21993605_gene	candidate
DMRTA1	sgRNA_21993497.21993792_21993605_gene	candidate
IFNB1	sgRNA_21993497.21993792_21993605_gene	candidate
IFNE	sgRNA_21993497.21993792_21993605_gene	candidate
IFNWP19	sgRNA_21993497.21993792_21993605_gene	candidate
p14.dialup	sgRNA_21993497.21993792_21993605_gene	candidate
CDKN2B	sgRNA_21993497.21993792_21993648_gene	candidate
CDKN2B-AS1	sgRNA_21993497.21993792_21993648_gene	candidate
p16.dialup	sgRNA_21993497.21993792_21993648_gene	candidate
MTAP	sgRNA_21993497.21993792_21993648_gene	candidate
DMRTA1	sgRNA_21993497.21993792_21993648_gene	candidate
IFNB1	sgRNA_21993497.21993792_21993648_gene	candidate
IFNE	sgRNA_21993497.21993792_21993648_gene	candidate
IFNWP19	sgRNA_21993497.21993792_21993648_gene	candidate
p14.dialup	sgRNA_21993497.21993792_21993648_gene	candidate
CDKN2B	sgRNA_21993497.21993792_21993759_gene	candidate
CDKN2B-AS1	sgRNA_21993497.21993792_21993759_gene	candidate
p16.dialup	sgRNA_21993497.21993792_21993759_gene	candidate
MTAP	sgRNA_21993497.21993792_21993759_gene	candidate
DMRTA1	sgRNA_21993497.21993792_21993759_gene	candidate
IFNB1	sgRNA_21993497.21993792_21993759_gene	candidate
IFNE	sgRNA_21993497.21993792_21993759_gene	candidate
IFNWP19	sgRNA_21993497.21993792_21993759_gene	candidate
p14.dialup	sgRNA_21993497.21993792_21993759_gene	candidate
CDKN2B	sgRNA_21993910.21994234_21993930_gene	candidate
CDKN2B-AS1	sgRNA_21993910.21994234_21993930_gene	candidate
p16.dialup	sgRNA_21993910.21994234_21993930_gene	candidate
MTAP	sgRNA_21993910.21994234_21993930_gene	candidate
DMRTA1	sgRNA_21993910.21994234_21993930_gene	candidate
IFNB1	sgRNA_21993910.21994234_21993930_gene	candidate
IFNE	sgRNA_21993910.21994234_21993930_gene	candidate
IFNWP19	sgRNA_21993910.21994234_21993930_gene	candidate
p14.dialup	sgRNA_21993910.21994234_21993930_gene	candidate
CDKN2B	sgRNA_21993910.21994234_21994006_gene	candidate
CDKN2B-AS1	sgRNA_21993910.21994234_21994006_gene	candidate
p16.dialup	sgRNA_21993910.21994234_21994006_gene	candidate
MTAP	sgRNA_21993910.21994234_21994006_gene	candidate
DMRTA1	sgRNA_21993910.21994234_21994006_gene	candidate
IFNB1	sgRNA_21993910.21994234_21994006_gene	candidate
IFNE	sgRNA_21993910.21994234_21994006_gene	candidate
IFNWP19	sgRNA_21993910.21994234_21994006_gene	candidate
p14.dialup	sgRNA_21993910.21994234_21994006_gene	candidate
CDKN2B	sgRNA_21993910.21994234_21994111_gene	candidate
CDKN2B-AS1	sgRNA_21993910.21994234_21994111_gene	candidate
p16.dialup	sgRNA_21993910.21994234_21994111_gene	candidate
MTAP	sgRNA_21993910.21994234_21994111_gene	candidate
DMRTA1	sgRNA_21993910.21994234_21994111_gene	candidate
IFNB1	sgRNA_21993910.21994234_21994111_gene	candidate
IFNE	sgRNA_21993910.21994234_21994111_gene	candidate
IFNWP19	sgRNA_21993910.21994234_21994111_gene	candidate
p14.dialup	sgRNA_21993910.21994234_21994111_gene	candidate
CDKN2B	sgRNA_21993910.21994234_21994196_gene	candidate
CDKN2B-AS1	sgRNA_21993910.21994234_21994196_gene	candidate
p16.dialup	sgRNA_21993910.21994234_21994196_gene	candidate
MTAP	sgRNA_21993910.21994234_21994196_gene	candidate
DMRTA1	sgRNA_21993910.21994234_21994196_gene	candidate
IFNB1	sgRNA_21993910.21994234_21994196_gene	candidate
IFNE	sgRNA_21993910.21994234_21994196_gene	candidate
IFNWP19	sgRNA_21993910.21994234_21994196_gene	candidate
p14.dialup	sgRNA_21993910.21994234_21994196_gene	candidate
CDKN2B	sgRNA_21994286.21994909_21994555_gene	candidate
CDKN2B-AS1	sgRNA_21994286.21994909_21994555_gene	positive_control
p16.dialup	sgRNA_21994286.21994909_21994555_gene	candidate
MTAP	sgRNA_21994286.21994909_21994555_gene	candidate
DMRTA1	sgRNA_21994286.21994909_21994555_gene	candidate
IFNB1	sgRNA_21994286.21994909_21994555_gene	candidate
IFNE	sgRNA_21994286.21994909_21994555_gene	candidate
IFNWP19	sgRNA_21994286.21994909_21994555_gene	candidate
p14.dialup	sgRNA_21994286.21994909_21994555_gene	positive_control
CDKN2B	sgRNA_21994286.21994909_21994611_gene	candidate
CDKN2B-AS1	sgRNA_21994286.21994909_21994611_gene	positive_control
p16.dialup	sgRNA_21994286.21994909_21994611_gene	candidate
MTAP	sgRNA_21994286.21994909_21994611_gene	candidate
DMRTA1	sgRNA_21994286.21994909_21994611_gene	candidate
IFNB1	sgRNA_21994286.21994909_21994611_gene	candidate
IFNE	sgRNA_21994286.21994909_21994611_gene	candidate
IFNWP19	sgRNA_21994286.21994909_21994611_gene	candidate
p14.dialup	sgRNA_21994286.21994909_21994611_gene	positive_control
CDKN2B	sgRNA_21994286.21994909_21994745_gene	candidate
CDKN2B-AS1	sgRNA_21994286.21994909_21994745_gene	positive_control
p16.dialup	sgRNA_21994286.21994909_21994745_gene	candidate
MTAP	sgRNA_21994286.21994909_21994745_gene	candidate
DMRTA1	sgRNA_21994286.21994909_21994745_gene	candidate
IFNB1	sgRNA_21994286.21994909_21994745_gene	candidate
IFNE	sgRNA_21994286.21994909_21994745_gene	candidate
IFNWP19	sgRNA_21994286.21994909_21994745_gene	candidate
p14.dialup	sgRNA_21994286.21994909_21994745_gene	positive_control
CDKN2B	sgRNA_21994286.21994909_21994907_gene	candidate
CDKN2B-AS1	sgRNA_21994286.21994909_21994907_gene	positive_control
p16.dialup	sgRNA_21994286.21994909_21994907_gene	candidate
MTAP	sgRNA_21994286.21994909_21994907_gene	candidate
DMRTA1	sgRNA_21994286.21994909_21994907_gene	candidate
IFNB1	sgRNA_21994286.21994909_21994907_gene	candidate
IFNE	sgRNA_21994286.21994909_21994907_gene	candidate
IFNWP19	sgRNA_21994286.21994909_21994907_gene	candidate
p14.dialup	sgRNA_21994286.21994909_21994907_gene	positive_control
CDKN2B	sgRNA_21994938.21995219_21995093_gene	candidate
CDKN2B-AS1	sgRNA_21994938.21995219_21995093_gene	candidate
p16.dialup	sgRNA_21994938.21995219_21995093_gene	candidate
MTAP	sgRNA_21994938.21995219_21995093_gene	candidate
DMRTA1	sgRNA_21994938.21995219_21995093_gene	candidate
IFNB1	sgRNA_21994938.21995219_21995093_gene	candidate
IFNE	sgRNA_21994938.21995219_21995093_gene	candidate
IFNWP19	sgRNA_21994938.21995219_21995093_gene	candidate
p14.dialup	sgRNA_21994938.21995219_21995093_gene	candidate
CDKN2B	sgRNA_21994938.21995219_21995106_gene	candidate
CDKN2B-AS1	sgRNA_21994938.21995219_21995106_gene	candidate
p16.dialup	sgRNA_21994938.21995219_21995106_gene	candidate
MTAP	sgRNA_21994938.21995219_21995106_gene	candidate
DMRTA1	sgRNA_21994938.21995219_21995106_gene	candidate
IFNB1	sgRNA_21994938.21995219_21995106_gene	candidate
IFNE	sgRNA_21994938.21995219_21995106_gene	candidate
IFNWP19	sgRNA_21994938.21995219_21995106_gene	candidate
p14.dialup	sgRNA_21994938.21995219_21995106_gene	candidate
CDKN2B	sgRNA_21994938.21995219_21995111_gene	candidate
CDKN2B-AS1	sgRNA_21994938.21995219_21995111_gene	candidate
p16.dialup	sgRNA_21994938.21995219_21995111_gene	candidate
MTAP	sgRNA_21994938.21995219_21995111_gene	candidate
DMRTA1	sgRNA_21994938.21995219_21995111_gene	candidate
IFNB1	sgRNA_21994938.21995219_21995111_gene	candidate
IFNE	sgRNA_21994938.21995219_21995111_gene	candidate
IFNWP19	sgRNA_21994938.21995219_21995111_gene	candidate
p14.dialup	sgRNA_21994938.21995219_21995111_gene	candidate
CDKN2B	sgRNA_21994938.21995219_21995177_gene	candidate
CDKN2B-AS1	sgRNA_21994938.21995219_21995177_gene	candidate
p16.dialup	sgRNA_21994938.21995219_21995177_gene	candidate
MTAP	sgRNA_21994938.21995219_21995177_gene	candidate
DMRTA1	sgRNA_21994938.21995219_21995177_gene	candidate
IFNB1	sgRNA_21994938.21995219_21995177_gene	candidate
IFNE	sgRNA_21994938.21995219_21995177_gene	candidate
IFNWP19	sgRNA_21994938.21995219_21995177_gene	candidate
p14.dialup	sgRNA_21994938.21995219_21995177_gene	candidate
CDKN2B	sgRNA_21995566.21996214_21995571_gene	candidate
CDKN2B-AS1	sgRNA_21995566.21996214_21995571_gene	candidate
p16.dialup	sgRNA_21995566.21996214_21995571_gene	candidate
MTAP	sgRNA_21995566.21996214_21995571_gene	candidate
DMRTA1	sgRNA_21995566.21996214_21995571_gene	candidate
IFNB1	sgRNA_21995566.21996214_21995571_gene	candidate
IFNE	sgRNA_21995566.21996214_21995571_gene	candidate
IFNWP19	sgRNA_21995566.21996214_21995571_gene	candidate
p14.dialup	sgRNA_21995566.21996214_21995571_gene	candidate
CDKN2B	sgRNA_21995566.21996214_21995894_gene	candidate
CDKN2B-AS1	sgRNA_21995566.21996214_21995894_gene	candidate
p16.dialup	sgRNA_21995566.21996214_21995894_gene	candidate
MTAP	sgRNA_21995566.21996214_21995894_gene	candidate
DMRTA1	sgRNA_21995566.21996214_21995894_gene	candidate
IFNB1	sgRNA_21995566.21996214_21995894_gene	candidate
IFNE	sgRNA_21995566.21996214_21995894_gene	candidate
IFNWP19	sgRNA_21995566.21996214_21995894_gene	candidate
p14.dialup	sgRNA_21995566.21996214_21995894_gene	candidate
CDKN2B	sgRNA_21995566.21996214_21996099_gene	candidate
CDKN2B-AS1	sgRNA_21995566.21996214_21996099_gene	candidate
p16.dialup	sgRNA_21995566.21996214_21996099_gene	candidate
MTAP	sgRNA_21995566.21996214_21996099_gene	candidate
DMRTA1	sgRNA_21995566.21996214_21996099_gene	candidate
IFNB1	sgRNA_21995566.21996214_21996099_gene	candidate
IFNE	sgRNA_21995566.21996214_21996099_gene	candidate
IFNWP19	sgRNA_21995566.21996214_21996099_gene	candidate
p14.dialup	sgRNA_21995566.21996214_21996099_gene	candidate
CDKN2B	sgRNA_21995566.21996214_21996148_gene	candidate
CDKN2B-AS1	sgRNA_21995566.21996214_21996148_gene	candidate
p16.dialup	sgRNA_21995566.21996214_21996148_gene	candidate
MTAP	sgRNA_21995566.21996214_21996148_gene	candidate
DMRTA1	sgRNA_21995566.21996214_21996148_gene	candidate
IFNB1	sgRNA_21995566.21996214_21996148_gene	candidate
IFNE	sgRNA_21995566.21996214_21996148_gene	candidate
IFNWP19	sgRNA_21995566.21996214_21996148_gene	candidate
p14.dialup	sgRNA_21995566.21996214_21996148_gene	candidate
CDKN2B	sgRNA_21996463.21997024_21996766_gene	candidate
CDKN2B-AS1	sgRNA_21996463.21997024_21996766_gene	candidate
p16.dialup	sgRNA_21996463.21997024_21996766_gene	candidate
MTAP	sgRNA_21996463.21997024_21996766_gene	candidate
DMRTA1	sgRNA_21996463.21997024_21996766_gene	candidate
IFNB1	sgRNA_21996463.21997024_21996766_gene	candidate
IFNE	sgRNA_21996463.21997024_21996766_gene	candidate
IFNWP19	sgRNA_21996463.21997024_21996766_gene	candidate
p14.dialup	sgRNA_21996463.21997024_21996766_gene	candidate
CDKN2B	sgRNA_21996463.21997024_21996783_gene	candidate
CDKN2B-AS1	sgRNA_21996463.21997024_21996783_gene	candidate
p16.dialup	sgRNA_21996463.21997024_21996783_gene	candidate
MTAP	sgRNA_21996463.21997024_21996783_gene	candidate
DMRTA1	sgRNA_21996463.21997024_21996783_gene	candidate
IFNB1	sgRNA_21996463.21997024_21996783_gene	candidate
IFNE	sgRNA_21996463.21997024_21996783_gene	candidate
IFNWP19	sgRNA_21996463.21997024_21996783_gene	candidate
p14.dialup	sgRNA_21996463.21997024_21996783_gene	candidate
CDKN2B	sgRNA_21996463.21997024_21996817_gene	candidate
CDKN2B-AS1	sgRNA_21996463.21997024_21996817_gene	candidate
p16.dialup	sgRNA_21996463.21997024_21996817_gene	candidate
MTAP	sgRNA_21996463.21997024_21996817_gene	candidate
DMRTA1	sgRNA_21996463.21997024_21996817_gene	candidate
IFNB1	sgRNA_21996463.21997024_21996817_gene	candidate
IFNE	sgRNA_21996463.21997024_21996817_gene	candidate
IFNWP19	sgRNA_21996463.21997024_21996817_gene	candidate
p14.dialup	sgRNA_21996463.21997024_21996817_gene	candidate
CDKN2B	sgRNA_21996463.21997024_21996888_gene	candidate
CDKN2B-AS1	sgRNA_21996463.21997024_21996888_gene	candidate
p16.dialup	sgRNA_21996463.21997024_21996888_gene	candidate
MTAP	sgRNA_21996463.21997024_21996888_gene	candidate
DMRTA1	sgRNA_21996463.21997024_21996888_gene	candidate
IFNB1	sgRNA_21996463.21997024_21996888_gene	candidate
IFNE	sgRNA_21996463.21997024_21996888_gene	candidate
IFNWP19	sgRNA_21996463.21997024_21996888_gene	candidate
p14.dialup	sgRNA_21996463.21997024_21996888_gene	candidate
CDKN2B	sgRNA_21997856.21998917_21998126_gene	candidate
CDKN2B-AS1	sgRNA_21997856.21998917_21998126_gene	candidate
p16.dialup	sgRNA_21997856.21998917_21998126_gene	candidate
MTAP	sgRNA_21997856.21998917_21998126_gene	candidate
DMRTA1	sgRNA_21997856.21998917_21998126_gene	candidate
IFNB1	sgRNA_21997856.21998917_21998126_gene	candidate
IFNE	sgRNA_21997856.21998917_21998126_gene	candidate
IFNWP19	sgRNA_21997856.21998917_21998126_gene	candidate
p14.dialup	sgRNA_21997856.21998917_21998126_gene	candidate
CDKN2B	sgRNA_21997856.21998917_21998157_gene	candidate
CDKN2B-AS1	sgRNA_21997856.21998917_21998157_gene	candidate
p16.dialup	sgRNA_21997856.21998917_21998157_gene	candidate
MTAP	sgRNA_21997856.21998917_21998157_gene	candidate
DMRTA1	sgRNA_21997856.21998917_21998157_gene	candidate
IFNB1	sgRNA_21997856.21998917_21998157_gene	candidate
IFNE	sgRNA_21997856.21998917_21998157_gene	candidate
IFNWP19	sgRNA_21997856.21998917_21998157_gene	candidate
p14.dialup	sgRNA_21997856.21998917_21998157_gene	candidate
CDKN2B	sgRNA_21997856.21998917_21998235_gene	candidate
CDKN2B-AS1	sgRNA_21997856.21998917_21998235_gene	candidate
p16.dialup	sgRNA_21997856.21998917_21998235_gene	candidate
MTAP	sgRNA_21997856.21998917_21998235_gene	candidate
DMRTA1	sgRNA_21997856.21998917_21998235_gene	candidate
IFNB1	sgRNA_21997856.21998917_21998235_gene	candidate
IFNE	sgRNA_21997856.21998917_21998235_gene	candidate
IFNWP19	sgRNA_21997856.21998917_21998235_gene	candidate
p14.dialup	sgRNA_21997856.21998917_21998235_gene	candidate
CDKN2B	sgRNA_21999779.22000849_22000143_gene	candidate
CDKN2B-AS1	sgRNA_21999779.22000849_22000143_gene	candidate
p16.dialup	sgRNA_21999779.22000849_22000143_gene	candidate
MTAP	sgRNA_21999779.22000849_22000143_gene	candidate
DMRTA1	sgRNA_21999779.22000849_22000143_gene	candidate
IFNB1	sgRNA_21999779.22000849_22000143_gene	candidate
IFNE	sgRNA_21999779.22000849_22000143_gene	candidate
IFNWP19	sgRNA_21999779.22000849_22000143_gene	candidate
p14.dialup	sgRNA_21999779.22000849_22000143_gene	candidate
CDKN2B	sgRNA_21999779.22000849_22000175_gene	candidate
CDKN2B-AS1	sgRNA_21999779.22000849_22000175_gene	candidate
p16.dialup	sgRNA_21999779.22000849_22000175_gene	candidate
MTAP	sgRNA_21999779.22000849_22000175_gene	candidate
DMRTA1	sgRNA_21999779.22000849_22000175_gene	candidate
IFNB1	sgRNA_21999779.22000849_22000175_gene	candidate
IFNE	sgRNA_21999779.22000849_22000175_gene	candidate
IFNWP19	sgRNA_21999779.22000849_22000175_gene	candidate
p14.dialup	sgRNA_21999779.22000849_22000175_gene	candidate
CDKN2B	sgRNA_21999779.22000849_22000190_gene	candidate
CDKN2B-AS1	sgRNA_21999779.22000849_22000190_gene	candidate
p16.dialup	sgRNA_21999779.22000849_22000190_gene	candidate
MTAP	sgRNA_21999779.22000849_22000190_gene	candidate
DMRTA1	sgRNA_21999779.22000849_22000190_gene	candidate
IFNB1	sgRNA_21999779.22000849_22000190_gene	candidate
IFNE	sgRNA_21999779.22000849_22000190_gene	candidate
IFNWP19	sgRNA_21999779.22000849_22000190_gene	candidate
p14.dialup	sgRNA_21999779.22000849_22000190_gene	candidate
CDKN2B	sgRNA_22002098.22002371_22002212_gene	candidate
CDKN2B-AS1	sgRNA_22002098.22002371_22002212_gene	candidate
p16.dialup	sgRNA_22002098.22002371_22002212_gene	candidate
MTAP	sgRNA_22002098.22002371_22002212_gene	candidate
DMRTA1	sgRNA_22002098.22002371_22002212_gene	candidate
IFNB1	sgRNA_22002098.22002371_22002212_gene	candidate
IFNE	sgRNA_22002098.22002371_22002212_gene	candidate
IFNWP19	sgRNA_22002098.22002371_22002212_gene	candidate
p14.dialup	sgRNA_22002098.22002371_22002212_gene	candidate
CDKN2B	sgRNA_22002098.22002371_22002264_gene	candidate
CDKN2B-AS1	sgRNA_22002098.22002371_22002264_gene	candidate
p16.dialup	sgRNA_22002098.22002371_22002264_gene	candidate
MTAP	sgRNA_22002098.22002371_22002264_gene	candidate
DMRTA1	sgRNA_22002098.22002371_22002264_gene	candidate
IFNB1	sgRNA_22002098.22002371_22002264_gene	candidate
IFNE	sgRNA_22002098.22002371_22002264_gene	candidate
IFNWP19	sgRNA_22002098.22002371_22002264_gene	candidate
p14.dialup	sgRNA_22002098.22002371_22002264_gene	candidate
CDKN2B	sgRNA_22002098.22002371_22002266_gene	candidate
CDKN2B-AS1	sgRNA_22002098.22002371_22002266_gene	candidate
p16.dialup	sgRNA_22002098.22002371_22002266_gene	candidate
MTAP	sgRNA_22002098.22002371_22002266_gene	candidate
DMRTA1	sgRNA_22002098.22002371_22002266_gene	candidate
IFNB1	sgRNA_22002098.22002371_22002266_gene	candidate
IFNE	sgRNA_22002098.22002371_22002266_gene	candidate
IFNWP19	sgRNA_22002098.22002371_22002266_gene	candidate
p14.dialup	sgRNA_22002098.22002371_22002266_gene	candidate
CDKN2B	sgRNA_22003089.22003510_22003167_gene	candidate
CDKN2B-AS1	sgRNA_22003089.22003510_22003167_gene	candidate
p16.dialup	sgRNA_22003089.22003510_22003167_gene	candidate
MTAP	sgRNA_22003089.22003510_22003167_gene	candidate
DMRTA1	sgRNA_22003089.22003510_22003167_gene	candidate
IFNB1	sgRNA_22003089.22003510_22003167_gene	candidate
IFNE	sgRNA_22003089.22003510_22003167_gene	candidate
IFNWP19	sgRNA_22003089.22003510_22003167_gene	candidate
p14.dialup	sgRNA_22003089.22003510_22003167_gene	candidate
CDKN2B	sgRNA_22003089.22003510_22003170_gene	candidate
CDKN2B-AS1	sgRNA_22003089.22003510_22003170_gene	candidate
p16.dialup	sgRNA_22003089.22003510_22003170_gene	candidate
MTAP	sgRNA_22003089.22003510_22003170_gene	candidate
DMRTA1	sgRNA_22003089.22003510_22003170_gene	candidate
IFNB1	sgRNA_22003089.22003510_22003170_gene	candidate
IFNE	sgRNA_22003089.22003510_22003170_gene	candidate
IFNWP19	sgRNA_22003089.22003510_22003170_gene	candidate
p14.dialup	sgRNA_22003089.22003510_22003170_gene	candidate
CDKN2B	sgRNA_22003089.22003510_22003231_gene	candidate
CDKN2B-AS1	sgRNA_22003089.22003510_22003231_gene	candidate
p16.dialup	sgRNA_22003089.22003510_22003231_gene	candidate
MTAP	sgRNA_22003089.22003510_22003231_gene	candidate
DMRTA1	sgRNA_22003089.22003510_22003231_gene	candidate
IFNB1	sgRNA_22003089.22003510_22003231_gene	candidate
IFNE	sgRNA_22003089.22003510_22003231_gene	candidate
IFNWP19	sgRNA_22003089.22003510_22003231_gene	candidate
p14.dialup	sgRNA_22003089.22003510_22003231_gene	candidate
CDKN2B	sgRNA_22003089.22003510_22003324_gene	candidate
CDKN2B-AS1	sgRNA_22003089.22003510_22003324_gene	candidate
p16.dialup	sgRNA_22003089.22003510_22003324_gene	candidate
MTAP	sgRNA_22003089.22003510_22003324_gene	candidate
DMRTA1	sgRNA_22003089.22003510_22003324_gene	candidate
IFNB1	sgRNA_22003089.22003510_22003324_gene	candidate
IFNE	sgRNA_22003089.22003510_22003324_gene	candidate
IFNWP19	sgRNA_22003089.22003510_22003324_gene	candidate
p14.dialup	sgRNA_22003089.22003510_22003324_gene	candidate
CDKN2B	sgRNA_22004994.22006412_22005206_gene	candidate
CDKN2B-AS1	sgRNA_22004994.22006412_22005206_gene	candidate
p16.dialup	sgRNA_22004994.22006412_22005206_gene	candidate
MTAP	sgRNA_22004994.22006412_22005206_gene	candidate
DMRTA1	sgRNA_22004994.22006412_22005206_gene	candidate
IFNB1	sgRNA_22004994.22006412_22005206_gene	candidate
IFNE	sgRNA_22004994.22006412_22005206_gene	candidate
IFNWP19	sgRNA_22004994.22006412_22005206_gene	candidate
p14.dialup	sgRNA_22004994.22006412_22005206_gene	candidate
CDKN2B	sgRNA_22004994.22006412_22005514_gene	candidate
CDKN2B-AS1	sgRNA_22004994.22006412_22005514_gene	candidate
p16.dialup	sgRNA_22004994.22006412_22005514_gene	candidate
MTAP	sgRNA_22004994.22006412_22005514_gene	candidate
DMRTA1	sgRNA_22004994.22006412_22005514_gene	candidate
IFNB1	sgRNA_22004994.22006412_22005514_gene	candidate
IFNE	sgRNA_22004994.22006412_22005514_gene	candidate
IFNWP19	sgRNA_22004994.22006412_22005514_gene	candidate
p14.dialup	sgRNA_22004994.22006412_22005514_gene	candidate
CDKN2B	sgRNA_22004994.22006412_22005834_gene	candidate
CDKN2B-AS1	sgRNA_22004994.22006412_22005834_gene	candidate
p16.dialup	sgRNA_22004994.22006412_22005834_gene	candidate
MTAP	sgRNA_22004994.22006412_22005834_gene	candidate
DMRTA1	sgRNA_22004994.22006412_22005834_gene	candidate
IFNB1	sgRNA_22004994.22006412_22005834_gene	candidate
IFNE	sgRNA_22004994.22006412_22005834_gene	candidate
IFNWP19	sgRNA_22004994.22006412_22005834_gene	candidate
p14.dialup	sgRNA_22004994.22006412_22005834_gene	candidate
CDKN2B	sgRNA_22004994.22006412_22006024_gene	candidate
CDKN2B-AS1	sgRNA_22004994.22006412_22006024_gene	candidate
p16.dialup	sgRNA_22004994.22006412_22006024_gene	candidate
MTAP	sgRNA_22004994.22006412_22006024_gene	candidate
DMRTA1	sgRNA_22004994.22006412_22006024_gene	candidate
IFNB1	sgRNA_22004994.22006412_22006024_gene	candidate
IFNE	sgRNA_22004994.22006412_22006024_gene	candidate
IFNWP19	sgRNA_22004994.22006412_22006024_gene	candidate
p14.dialup	sgRNA_22004994.22006412_22006024_gene	candidate
CDKN2B	sgRNA_22007045.22007577_22007087_gene	candidate
CDKN2B-AS1	sgRNA_22007045.22007577_22007087_gene	candidate
p16.dialup	sgRNA_22007045.22007577_22007087_gene	candidate
MTAP	sgRNA_22007045.22007577_22007087_gene	candidate
DMRTA1	sgRNA_22007045.22007577_22007087_gene	candidate
IFNB1	sgRNA_22007045.22007577_22007087_gene	candidate
IFNE	sgRNA_22007045.22007577_22007087_gene	candidate
IFNWP19	sgRNA_22007045.22007577_22007087_gene	candidate
p14.dialup	sgRNA_22007045.22007577_22007087_gene	candidate
CDKN2B	sgRNA_22007045.22007577_22007290_gene	candidate
CDKN2B-AS1	sgRNA_22007045.22007577_22007290_gene	candidate
p16.dialup	sgRNA_22007045.22007577_22007290_gene	candidate
MTAP	sgRNA_22007045.22007577_22007290_gene	candidate
DMRTA1	sgRNA_22007045.22007577_22007290_gene	candidate
IFNB1	sgRNA_22007045.22007577_22007290_gene	candidate
IFNE	sgRNA_22007045.22007577_22007290_gene	candidate
IFNWP19	sgRNA_22007045.22007577_22007290_gene	candidate
p14.dialup	sgRNA_22007045.22007577_22007290_gene	candidate
CDKN2B	sgRNA_22007045.22007577_22007342_gene	candidate
CDKN2B-AS1	sgRNA_22007045.22007577_22007342_gene	candidate
p16.dialup	sgRNA_22007045.22007577_22007342_gene	candidate
MTAP	sgRNA_22007045.22007577_22007342_gene	candidate
DMRTA1	sgRNA_22007045.22007577_22007342_gene	candidate
IFNB1	sgRNA_22007045.22007577_22007342_gene	candidate
IFNE	sgRNA_22007045.22007577_22007342_gene	candidate
IFNWP19	sgRNA_22007045.22007577_22007342_gene	candidate
p14.dialup	sgRNA_22007045.22007577_22007342_gene	candidate
CDKN2B	sgRNA_22007045.22007577_22007465_gene	candidate
CDKN2B-AS1	sgRNA_22007045.22007577_22007465_gene	candidate
p16.dialup	sgRNA_22007045.22007577_22007465_gene	candidate
MTAP	sgRNA_22007045.22007577_22007465_gene	candidate
DMRTA1	sgRNA_22007045.22007577_22007465_gene	candidate
IFNB1	sgRNA_22007045.22007577_22007465_gene	candidate
IFNE	sgRNA_22007045.22007577_22007465_gene	candidate
IFNWP19	sgRNA_22007045.22007577_22007465_gene	candidate
p14.dialup	sgRNA_22007045.22007577_22007465_gene	candidate
CDKN2B	sgRNA_22008685.22010033_22009395_gene	positive_control
CDKN2B-AS1	sgRNA_22008685.22010033_22009395_gene	candidate
p16.dialup	sgRNA_22008685.22010033_22009395_gene	candidate
MTAP	sgRNA_22008685.22010033_22009395_gene	candidate
DMRTA1	sgRNA_22008685.22010033_22009395_gene	candidate
IFNB1	sgRNA_22008685.22010033_22009395_gene	candidate
IFNE	sgRNA_22008685.22010033_22009395_gene	candidate
IFNWP19	sgRNA_22008685.22010033_22009395_gene	candidate
p14.dialup	sgRNA_22008685.22010033_22009395_gene	candidate
CDKN2B	sgRNA_22008685.22010033_22009590_gene	positive_control
CDKN2B-AS1	sgRNA_22008685.22010033_22009590_gene	candidate
p16.dialup	sgRNA_22008685.22010033_22009590_gene	candidate
MTAP	sgRNA_22008685.22010033_22009590_gene	candidate
DMRTA1	sgRNA_22008685.22010033_22009590_gene	candidate
IFNB1	sgRNA_22008685.22010033_22009590_gene	candidate
IFNE	sgRNA_22008685.22010033_22009590_gene	candidate
IFNWP19	sgRNA_22008685.22010033_22009590_gene	candidate
p14.dialup	sgRNA_22008685.22010033_22009590_gene	candidate
CDKN2B	sgRNA_22008685.22010033_22009593_gene	positive_control
CDKN2B-AS1	sgRNA_22008685.22010033_22009593_gene	candidate
p16.dialup	sgRNA_22008685.22010033_22009593_gene	candidate
MTAP	sgRNA_22008685.22010033_22009593_gene	candidate
DMRTA1	sgRNA_22008685.22010033_22009593_gene	candidate
IFNB1	sgRNA_22008685.22010033_22009593_gene	candidate
IFNE	sgRNA_22008685.22010033_22009593_gene	candidate
IFNWP19	sgRNA_22008685.22010033_22009593_gene	candidate
p14.dialup	sgRNA_22008685.22010033_22009593_gene	candidate
CDKN2B	sgRNA_22008685.22010033_22009640_gene	positive_control
CDKN2B-AS1	sgRNA_22008685.22010033_22009640_gene	candidate
p16.dialup	sgRNA_22008685.22010033_22009640_gene	candidate
MTAP	sgRNA_22008685.22010033_22009640_gene	candidate
DMRTA1	sgRNA_22008685.22010033_22009640_gene	candidate
IFNB1	sgRNA_22008685.22010033_22009640_gene	candidate
IFNE	sgRNA_22008685.22010033_22009640_gene	candidate
IFNWP19	sgRNA_22008685.22010033_22009640_gene	candidate
p14.dialup	sgRNA_22008685.22010033_22009640_gene	candidate
CDKN2B	sgRNA_22010987.22011368_22011009_gene	candidate
CDKN2B-AS1	sgRNA_22010987.22011368_22011009_gene	candidate
p16.dialup	sgRNA_22010987.22011368_22011009_gene	candidate
MTAP	sgRNA_22010987.22011368_22011009_gene	candidate
DMRTA1	sgRNA_22010987.22011368_22011009_gene	candidate
IFNB1	sgRNA_22010987.22011368_22011009_gene	candidate
IFNE	sgRNA_22010987.22011368_22011009_gene	candidate
IFNWP19	sgRNA_22010987.22011368_22011009_gene	candidate
p14.dialup	sgRNA_22010987.22011368_22011009_gene	candidate
CDKN2B	sgRNA_22010987.22011368_22011082_gene	candidate
CDKN2B-AS1	sgRNA_22010987.22011368_22011082_gene	candidate
p16.dialup	sgRNA_22010987.22011368_22011082_gene	candidate
MTAP	sgRNA_22010987.22011368_22011082_gene	candidate
DMRTA1	sgRNA_22010987.22011368_22011082_gene	candidate
IFNB1	sgRNA_22010987.22011368_22011082_gene	candidate
IFNE	sgRNA_22010987.22011368_22011082_gene	candidate
IFNWP19	sgRNA_22010987.22011368_22011082_gene	candidate
p14.dialup	sgRNA_22010987.22011368_22011082_gene	candidate
CDKN2B	sgRNA_22010987.22011368_22011106_gene	candidate
CDKN2B-AS1	sgRNA_22010987.22011368_22011106_gene	candidate
p16.dialup	sgRNA_22010987.22011368_22011106_gene	candidate
MTAP	sgRNA_22010987.22011368_22011106_gene	candidate
DMRTA1	sgRNA_22010987.22011368_22011106_gene	candidate
IFNB1	sgRNA_22010987.22011368_22011106_gene	candidate
IFNE	sgRNA_22010987.22011368_22011106_gene	candidate
IFNWP19	sgRNA_22010987.22011368_22011106_gene	candidate
p14.dialup	sgRNA_22010987.22011368_22011106_gene	candidate
CDKN2B	sgRNA_22010987.22011368_22011112_gene	candidate
CDKN2B-AS1	sgRNA_22010987.22011368_22011112_gene	candidate
p16.dialup	sgRNA_22010987.22011368_22011112_gene	candidate
MTAP	sgRNA_22010987.22011368_22011112_gene	candidate
DMRTA1	sgRNA_22010987.22011368_22011112_gene	candidate
IFNB1	sgRNA_22010987.22011368_22011112_gene	candidate
IFNE	sgRNA_22010987.22011368_22011112_gene	candidate
IFNWP19	sgRNA_22010987.22011368_22011112_gene	candidate
p14.dialup	sgRNA_22010987.22011368_22011112_gene	candidate
CDKN2B	sgRNA_22011678.22011875_22011689_gene	candidate
CDKN2B-AS1	sgRNA_22011678.22011875_22011689_gene	candidate
p16.dialup	sgRNA_22011678.22011875_22011689_gene	candidate
MTAP	sgRNA_22011678.22011875_22011689_gene	candidate
DMRTA1	sgRNA_22011678.22011875_22011689_gene	candidate
IFNB1	sgRNA_22011678.22011875_22011689_gene	candidate
IFNE	sgRNA_22011678.22011875_22011689_gene	candidate
IFNWP19	sgRNA_22011678.22011875_22011689_gene	candidate
p14.dialup	sgRNA_22011678.22011875_22011689_gene	candidate
CDKN2B	sgRNA_22011678.22011875_22011790_gene	candidate
CDKN2B-AS1	sgRNA_22011678.22011875_22011790_gene	candidate
p16.dialup	sgRNA_22011678.22011875_22011790_gene	candidate
MTAP	sgRNA_22011678.22011875_22011790_gene	candidate
DMRTA1	sgRNA_22011678.22011875_22011790_gene	candidate
IFNB1	sgRNA_22011678.22011875_22011790_gene	candidate
IFNE	sgRNA_22011678.22011875_22011790_gene	candidate
IFNWP19	sgRNA_22011678.22011875_22011790_gene	candidate
p14.dialup	sgRNA_22011678.22011875_22011790_gene	candidate
CDKN2B	sgRNA_22011678.22011875_22011851_gene	candidate
CDKN2B-AS1	sgRNA_22011678.22011875_22011851_gene	candidate
p16.dialup	sgRNA_22011678.22011875_22011851_gene	candidate
MTAP	sgRNA_22011678.22011875_22011851_gene	candidate
DMRTA1	sgRNA_22011678.22011875_22011851_gene	candidate
IFNB1	sgRNA_22011678.22011875_22011851_gene	candidate
IFNE	sgRNA_22011678.22011875_22011851_gene	candidate
IFNWP19	sgRNA_22011678.22011875_22011851_gene	candidate
p14.dialup	sgRNA_22011678.22011875_22011851_gene	candidate
CDKN2B	sgRNA_22012420.22012801_22012472_gene	candidate
CDKN2B-AS1	sgRNA_22012420.22012801_22012472_gene	candidate
p16.dialup	sgRNA_22012420.22012801_22012472_gene	candidate
MTAP	sgRNA_22012420.22012801_22012472_gene	candidate
DMRTA1	sgRNA_22012420.22012801_22012472_gene	candidate
IFNB1	sgRNA_22012420.22012801_22012472_gene	candidate
IFNE	sgRNA_22012420.22012801_22012472_gene	candidate
IFNWP19	sgRNA_22012420.22012801_22012472_gene	candidate
p14.dialup	sgRNA_22012420.22012801_22012472_gene	candidate
CDKN2B	sgRNA_22012420.22012801_22012552_gene	candidate
CDKN2B-AS1	sgRNA_22012420.22012801_22012552_gene	candidate
p16.dialup	sgRNA_22012420.22012801_22012552_gene	candidate
MTAP	sgRNA_22012420.22012801_22012552_gene	candidate
DMRTA1	sgRNA_22012420.22012801_22012552_gene	candidate
IFNB1	sgRNA_22012420.22012801_22012552_gene	candidate
IFNE	sgRNA_22012420.22012801_22012552_gene	candidate
IFNWP19	sgRNA_22012420.22012801_22012552_gene	candidate
p14.dialup	sgRNA_22012420.22012801_22012552_gene	candidate
CDKN2B	sgRNA_22012420.22012801_22012651_gene	candidate
CDKN2B-AS1	sgRNA_22012420.22012801_22012651_gene	candidate
p16.dialup	sgRNA_22012420.22012801_22012651_gene	candidate
MTAP	sgRNA_22012420.22012801_22012651_gene	candidate
DMRTA1	sgRNA_22012420.22012801_22012651_gene	candidate
IFNB1	sgRNA_22012420.22012801_22012651_gene	candidate
IFNE	sgRNA_22012420.22012801_22012651_gene	candidate
IFNWP19	sgRNA_22012420.22012801_22012651_gene	candidate
p14.dialup	sgRNA_22012420.22012801_22012651_gene	candidate
CDKN2B	sgRNA_22013364.22014150_22013517_gene	candidate
CDKN2B-AS1	sgRNA_22013364.22014150_22013517_gene	candidate
p16.dialup	sgRNA_22013364.22014150_22013517_gene	candidate
MTAP	sgRNA_22013364.22014150_22013517_gene	candidate
DMRTA1	sgRNA_22013364.22014150_22013517_gene	candidate
IFNB1	sgRNA_22013364.22014150_22013517_gene	candidate
IFNE	sgRNA_22013364.22014150_22013517_gene	candidate
IFNWP19	sgRNA_22013364.22014150_22013517_gene	candidate
p14.dialup	sgRNA_22013364.22014150_22013517_gene	candidate
CDKN2B	sgRNA_22013364.22014150_22013701_gene	candidate
CDKN2B-AS1	sgRNA_22013364.22014150_22013701_gene	candidate
p16.dialup	sgRNA_22013364.22014150_22013701_gene	candidate
MTAP	sgRNA_22013364.22014150_22013701_gene	candidate
DMRTA1	sgRNA_22013364.22014150_22013701_gene	candidate
IFNB1	sgRNA_22013364.22014150_22013701_gene	candidate
IFNE	sgRNA_22013364.22014150_22013701_gene	candidate
IFNWP19	sgRNA_22013364.22014150_22013701_gene	candidate
p14.dialup	sgRNA_22013364.22014150_22013701_gene	candidate
CDKN2B	sgRNA_22013364.22014150_22013751_gene	candidate
CDKN2B-AS1	sgRNA_22013364.22014150_22013751_gene	candidate
p16.dialup	sgRNA_22013364.22014150_22013751_gene	candidate
MTAP	sgRNA_22013364.22014150_22013751_gene	candidate
DMRTA1	sgRNA_22013364.22014150_22013751_gene	candidate
IFNB1	sgRNA_22013364.22014150_22013751_gene	candidate
IFNE	sgRNA_22013364.22014150_22013751_gene	candidate
IFNWP19	sgRNA_22013364.22014150_22013751_gene	candidate
p14.dialup	sgRNA_22013364.22014150_22013751_gene	candidate
CDKN2B	sgRNA_22017094.22017559_22017385_gene	candidate
CDKN2B-AS1	sgRNA_22017094.22017559_22017385_gene	candidate
p16.dialup	sgRNA_22017094.22017559_22017385_gene	candidate
MTAP	sgRNA_22017094.22017559_22017385_gene	candidate
DMRTA1	sgRNA_22017094.22017559_22017385_gene	candidate
IFNB1	sgRNA_22017094.22017559_22017385_gene	candidate
IFNE	sgRNA_22017094.22017559_22017385_gene	candidate
IFNWP19	sgRNA_22017094.22017559_22017385_gene	candidate
p14.dialup	sgRNA_22017094.22017559_22017385_gene	candidate
CDKN2B	sgRNA_22017094.22017559_22017404_gene	candidate
CDKN2B-AS1	sgRNA_22017094.22017559_22017404_gene	candidate
p16.dialup	sgRNA_22017094.22017559_22017404_gene	candidate
MTAP	sgRNA_22017094.22017559_22017404_gene	candidate
DMRTA1	sgRNA_22017094.22017559_22017404_gene	candidate
IFNB1	sgRNA_22017094.22017559_22017404_gene	candidate
IFNE	sgRNA_22017094.22017559_22017404_gene	candidate
IFNWP19	sgRNA_22017094.22017559_22017404_gene	candidate
p14.dialup	sgRNA_22017094.22017559_22017404_gene	candidate
CDKN2B	sgRNA_22017094.22017559_22017443_gene	candidate
CDKN2B-AS1	sgRNA_22017094.22017559_22017443_gene	candidate
p16.dialup	sgRNA_22017094.22017559_22017443_gene	candidate
MTAP	sgRNA_22017094.22017559_22017443_gene	candidate
DMRTA1	sgRNA_22017094.22017559_22017443_gene	candidate
IFNB1	sgRNA_22017094.22017559_22017443_gene	candidate
IFNE	sgRNA_22017094.22017559_22017443_gene	candidate
IFNWP19	sgRNA_22017094.22017559_22017443_gene	candidate
p14.dialup	sgRNA_22017094.22017559_22017443_gene	candidate
CDKN2B	sgRNA_22017094.22017559_22017491_gene	candidate
CDKN2B-AS1	sgRNA_22017094.22017559_22017491_gene	candidate
p16.dialup	sgRNA_22017094.22017559_22017491_gene	candidate
MTAP	sgRNA_22017094.22017559_22017491_gene	candidate
DMRTA1	sgRNA_22017094.22017559_22017491_gene	candidate
IFNB1	sgRNA_22017094.22017559_22017491_gene	candidate
IFNE	sgRNA_22017094.22017559_22017491_gene	candidate
IFNWP19	sgRNA_22017094.22017559_22017491_gene	candidate
p14.dialup	sgRNA_22017094.22017559_22017491_gene	candidate
CDKN2B	sgRNA_22018778.22019211_22019026_gene	candidate
CDKN2B-AS1	sgRNA_22018778.22019211_22019026_gene	candidate
p16.dialup	sgRNA_22018778.22019211_22019026_gene	candidate
MTAP	sgRNA_22018778.22019211_22019026_gene	candidate
DMRTA1	sgRNA_22018778.22019211_22019026_gene	candidate
IFNB1	sgRNA_22018778.22019211_22019026_gene	candidate
IFNE	sgRNA_22018778.22019211_22019026_gene	candidate
IFNWP19	sgRNA_22018778.22019211_22019026_gene	candidate
p14.dialup	sgRNA_22018778.22019211_22019026_gene	candidate
CDKN2B	sgRNA_22018778.22019211_22019054_gene	candidate
CDKN2B-AS1	sgRNA_22018778.22019211_22019054_gene	candidate
p16.dialup	sgRNA_22018778.22019211_22019054_gene	candidate
MTAP	sgRNA_22018778.22019211_22019054_gene	candidate
DMRTA1	sgRNA_22018778.22019211_22019054_gene	candidate
IFNB1	sgRNA_22018778.22019211_22019054_gene	candidate
IFNE	sgRNA_22018778.22019211_22019054_gene	candidate
IFNWP19	sgRNA_22018778.22019211_22019054_gene	candidate
p14.dialup	sgRNA_22018778.22019211_22019054_gene	candidate
CDKN2B	sgRNA_22018778.22019211_22019066_gene	candidate
CDKN2B-AS1	sgRNA_22018778.22019211_22019066_gene	candidate
p16.dialup	sgRNA_22018778.22019211_22019066_gene	candidate
MTAP	sgRNA_22018778.22019211_22019066_gene	candidate
DMRTA1	sgRNA_22018778.22019211_22019066_gene	candidate
IFNB1	sgRNA_22018778.22019211_22019066_gene	candidate
IFNE	sgRNA_22018778.22019211_22019066_gene	candidate
IFNWP19	sgRNA_22018778.22019211_22019066_gene	candidate
p14.dialup	sgRNA_22018778.22019211_22019066_gene	candidate
CDKN2B	sgRNA_22018778.22019211_22019121_gene	candidate
CDKN2B-AS1	sgRNA_22018778.22019211_22019121_gene	candidate
p16.dialup	sgRNA_22018778.22019211_22019121_gene	candidate
MTAP	sgRNA_22018778.22019211_22019121_gene	candidate
DMRTA1	sgRNA_22018778.22019211_22019121_gene	candidate
IFNB1	sgRNA_22018778.22019211_22019121_gene	candidate
IFNE	sgRNA_22018778.22019211_22019121_gene	candidate
IFNWP19	sgRNA_22018778.22019211_22019121_gene	candidate
p14.dialup	sgRNA_22018778.22019211_22019121_gene	candidate
CDKN2B	sgRNA_22024399.22024900_22024402_gene	candidate
CDKN2B-AS1	sgRNA_22024399.22024900_22024402_gene	candidate
p16.dialup	sgRNA_22024399.22024900_22024402_gene	candidate
MTAP	sgRNA_22024399.22024900_22024402_gene	candidate
DMRTA1	sgRNA_22024399.22024900_22024402_gene	candidate
IFNB1	sgRNA_22024399.22024900_22024402_gene	candidate
IFNE	sgRNA_22024399.22024900_22024402_gene	candidate
IFNWP19	sgRNA_22024399.22024900_22024402_gene	candidate
p14.dialup	sgRNA_22024399.22024900_22024402_gene	candidate
CDKN2B	sgRNA_22024399.22024900_22024593_gene	candidate
CDKN2B-AS1	sgRNA_22024399.22024900_22024593_gene	candidate
p16.dialup	sgRNA_22024399.22024900_22024593_gene	candidate
MTAP	sgRNA_22024399.22024900_22024593_gene	candidate
DMRTA1	sgRNA_22024399.22024900_22024593_gene	candidate
IFNB1	sgRNA_22024399.22024900_22024593_gene	candidate
IFNE	sgRNA_22024399.22024900_22024593_gene	candidate
IFNWP19	sgRNA_22024399.22024900_22024593_gene	candidate
p14.dialup	sgRNA_22024399.22024900_22024593_gene	candidate
CDKN2B	sgRNA_22024399.22024900_22024804_gene	candidate
CDKN2B-AS1	sgRNA_22024399.22024900_22024804_gene	candidate
p16.dialup	sgRNA_22024399.22024900_22024804_gene	candidate
MTAP	sgRNA_22024399.22024900_22024804_gene	candidate
DMRTA1	sgRNA_22024399.22024900_22024804_gene	candidate
IFNB1	sgRNA_22024399.22024900_22024804_gene	candidate
IFNE	sgRNA_22024399.22024900_22024804_gene	candidate
IFNWP19	sgRNA_22024399.22024900_22024804_gene	candidate
p14.dialup	sgRNA_22024399.22024900_22024804_gene	candidate
CDKN2B	sgRNA_22024399.22024900_22024882_gene	candidate
CDKN2B-AS1	sgRNA_22024399.22024900_22024882_gene	candidate
p16.dialup	sgRNA_22024399.22024900_22024882_gene	candidate
MTAP	sgRNA_22024399.22024900_22024882_gene	candidate
DMRTA1	sgRNA_22024399.22024900_22024882_gene	candidate
IFNB1	sgRNA_22024399.22024900_22024882_gene	candidate
IFNE	sgRNA_22024399.22024900_22024882_gene	candidate
IFNWP19	sgRNA_22024399.22024900_22024882_gene	candidate
p14.dialup	sgRNA_22024399.22024900_22024882_gene	candidate
CDKN2B	sgRNA_22024935.22025519_22024960_gene	candidate
CDKN2B-AS1	sgRNA_22024935.22025519_22024960_gene	candidate
p16.dialup	sgRNA_22024935.22025519_22024960_gene	candidate
MTAP	sgRNA_22024935.22025519_22024960_gene	candidate
DMRTA1	sgRNA_22024935.22025519_22024960_gene	candidate
IFNB1	sgRNA_22024935.22025519_22024960_gene	candidate
IFNE	sgRNA_22024935.22025519_22024960_gene	candidate
IFNWP19	sgRNA_22024935.22025519_22024960_gene	candidate
p14.dialup	sgRNA_22024935.22025519_22024960_gene	candidate
CDKN2B	sgRNA_22024935.22025519_22025008_gene	candidate
CDKN2B-AS1	sgRNA_22024935.22025519_22025008_gene	candidate
p16.dialup	sgRNA_22024935.22025519_22025008_gene	candidate
MTAP	sgRNA_22024935.22025519_22025008_gene	candidate
DMRTA1	sgRNA_22024935.22025519_22025008_gene	candidate
IFNB1	sgRNA_22024935.22025519_22025008_gene	candidate
IFNE	sgRNA_22024935.22025519_22025008_gene	candidate
IFNWP19	sgRNA_22024935.22025519_22025008_gene	candidate
p14.dialup	sgRNA_22024935.22025519_22025008_gene	candidate
CDKN2B	sgRNA_22024935.22025519_22025062_gene	candidate
CDKN2B-AS1	sgRNA_22024935.22025519_22025062_gene	candidate
p16.dialup	sgRNA_22024935.22025519_22025062_gene	candidate
MTAP	sgRNA_22024935.22025519_22025062_gene	candidate
DMRTA1	sgRNA_22024935.22025519_22025062_gene	candidate
IFNB1	sgRNA_22024935.22025519_22025062_gene	candidate
IFNE	sgRNA_22024935.22025519_22025062_gene	candidate
IFNWP19	sgRNA_22024935.22025519_22025062_gene	candidate
p14.dialup	sgRNA_22024935.22025519_22025062_gene	candidate
CDKN2B	sgRNA_22024935.22025519_22025400_gene	candidate
CDKN2B-AS1	sgRNA_22024935.22025519_22025400_gene	candidate
p16.dialup	sgRNA_22024935.22025519_22025400_gene	candidate
MTAP	sgRNA_22024935.22025519_22025400_gene	candidate
DMRTA1	sgRNA_22024935.22025519_22025400_gene	candidate
IFNB1	sgRNA_22024935.22025519_22025400_gene	candidate
IFNE	sgRNA_22024935.22025519_22025400_gene	candidate
IFNWP19	sgRNA_22024935.22025519_22025400_gene	candidate
p14.dialup	sgRNA_22024935.22025519_22025400_gene	candidate
CDKN2B	sgRNA_22026676.22027216_22026816_gene	candidate
CDKN2B-AS1	sgRNA_22026676.22027216_22026816_gene	candidate
p16.dialup	sgRNA_22026676.22027216_22026816_gene	candidate
MTAP	sgRNA_22026676.22027216_22026816_gene	candidate
DMRTA1	sgRNA_22026676.22027216_22026816_gene	candidate
IFNB1	sgRNA_22026676.22027216_22026816_gene	candidate
IFNE	sgRNA_22026676.22027216_22026816_gene	candidate
IFNWP19	sgRNA_22026676.22027216_22026816_gene	candidate
p14.dialup	sgRNA_22026676.22027216_22026816_gene	candidate
CDKN2B	sgRNA_22026676.22027216_22026820_gene	candidate
CDKN2B-AS1	sgRNA_22026676.22027216_22026820_gene	candidate
p16.dialup	sgRNA_22026676.22027216_22026820_gene	candidate
MTAP	sgRNA_22026676.22027216_22026820_gene	candidate
DMRTA1	sgRNA_22026676.22027216_22026820_gene	candidate
IFNB1	sgRNA_22026676.22027216_22026820_gene	candidate
IFNE	sgRNA_22026676.22027216_22026820_gene	candidate
IFNWP19	sgRNA_22026676.22027216_22026820_gene	candidate
p14.dialup	sgRNA_22026676.22027216_22026820_gene	candidate
CDKN2B	sgRNA_22026676.22027216_22026914_gene	candidate
CDKN2B-AS1	sgRNA_22026676.22027216_22026914_gene	candidate
p16.dialup	sgRNA_22026676.22027216_22026914_gene	candidate
MTAP	sgRNA_22026676.22027216_22026914_gene	candidate
DMRTA1	sgRNA_22026676.22027216_22026914_gene	candidate
IFNB1	sgRNA_22026676.22027216_22026914_gene	candidate
IFNE	sgRNA_22026676.22027216_22026914_gene	candidate
IFNWP19	sgRNA_22026676.22027216_22026914_gene	candidate
p14.dialup	sgRNA_22026676.22027216_22026914_gene	candidate
CDKN2B	sgRNA_22026676.22027216_22026942_gene	candidate
CDKN2B-AS1	sgRNA_22026676.22027216_22026942_gene	candidate
p16.dialup	sgRNA_22026676.22027216_22026942_gene	candidate
MTAP	sgRNA_22026676.22027216_22026942_gene	candidate
DMRTA1	sgRNA_22026676.22027216_22026942_gene	candidate
IFNB1	sgRNA_22026676.22027216_22026942_gene	candidate
IFNE	sgRNA_22026676.22027216_22026942_gene	candidate
IFNWP19	sgRNA_22026676.22027216_22026942_gene	candidate
p14.dialup	sgRNA_22026676.22027216_22026942_gene	candidate
CDKN2B	sgRNA_22030026.22030603_22030259_gene	candidate
CDKN2B-AS1	sgRNA_22030026.22030603_22030259_gene	candidate
p16.dialup	sgRNA_22030026.22030603_22030259_gene	candidate
MTAP	sgRNA_22030026.22030603_22030259_gene	candidate
DMRTA1	sgRNA_22030026.22030603_22030259_gene	candidate
IFNB1	sgRNA_22030026.22030603_22030259_gene	candidate
IFNE	sgRNA_22030026.22030603_22030259_gene	candidate
IFNWP19	sgRNA_22030026.22030603_22030259_gene	candidate
p14.dialup	sgRNA_22030026.22030603_22030259_gene	candidate
CDKN2B	sgRNA_22030026.22030603_22030273_gene	candidate
CDKN2B-AS1	sgRNA_22030026.22030603_22030273_gene	candidate
p16.dialup	sgRNA_22030026.22030603_22030273_gene	candidate
MTAP	sgRNA_22030026.22030603_22030273_gene	candidate
DMRTA1	sgRNA_22030026.22030603_22030273_gene	candidate
IFNB1	sgRNA_22030026.22030603_22030273_gene	candidate
IFNE	sgRNA_22030026.22030603_22030273_gene	candidate
IFNWP19	sgRNA_22030026.22030603_22030273_gene	candidate
p14.dialup	sgRNA_22030026.22030603_22030273_gene	candidate
CDKN2B	sgRNA_22030026.22030603_22030302_gene	candidate
CDKN2B-AS1	sgRNA_22030026.22030603_22030302_gene	candidate
p16.dialup	sgRNA_22030026.22030603_22030302_gene	candidate
MTAP	sgRNA_22030026.22030603_22030302_gene	candidate
DMRTA1	sgRNA_22030026.22030603_22030302_gene	candidate
IFNB1	sgRNA_22030026.22030603_22030302_gene	candidate
IFNE	sgRNA_22030026.22030603_22030302_gene	candidate
IFNWP19	sgRNA_22030026.22030603_22030302_gene	candidate
p14.dialup	sgRNA_22030026.22030603_22030302_gene	candidate
CDKN2B	sgRNA_22030026.22030603_22030567_gene	candidate
CDKN2B-AS1	sgRNA_22030026.22030603_22030567_gene	candidate
p16.dialup	sgRNA_22030026.22030603_22030567_gene	candidate
MTAP	sgRNA_22030026.22030603_22030567_gene	candidate
DMRTA1	sgRNA_22030026.22030603_22030567_gene	candidate
IFNB1	sgRNA_22030026.22030603_22030567_gene	candidate
IFNE	sgRNA_22030026.22030603_22030567_gene	candidate
IFNWP19	sgRNA_22030026.22030603_22030567_gene	candidate
p14.dialup	sgRNA_22030026.22030603_22030567_gene	candidate
CDKN2B	sgRNA_22031727.22032006_22031793_gene	candidate
CDKN2B-AS1	sgRNA_22031727.22032006_22031793_gene	candidate
p16.dialup	sgRNA_22031727.22032006_22031793_gene	candidate
MTAP	sgRNA_22031727.22032006_22031793_gene	candidate
DMRTA1	sgRNA_22031727.22032006_22031793_gene	candidate
IFNB1	sgRNA_22031727.22032006_22031793_gene	candidate
IFNE	sgRNA_22031727.22032006_22031793_gene	candidate
IFNWP19	sgRNA_22031727.22032006_22031793_gene	candidate
p14.dialup	sgRNA_22031727.22032006_22031793_gene	candidate
CDKN2B	sgRNA_22031727.22032006_22031808_gene	candidate
CDKN2B-AS1	sgRNA_22031727.22032006_22031808_gene	candidate
p16.dialup	sgRNA_22031727.22032006_22031808_gene	candidate
MTAP	sgRNA_22031727.22032006_22031808_gene	candidate
DMRTA1	sgRNA_22031727.22032006_22031808_gene	candidate
IFNB1	sgRNA_22031727.22032006_22031808_gene	candidate
IFNE	sgRNA_22031727.22032006_22031808_gene	candidate
IFNWP19	sgRNA_22031727.22032006_22031808_gene	candidate
p14.dialup	sgRNA_22031727.22032006_22031808_gene	candidate
CDKN2B	sgRNA_22031727.22032006_22031838_gene	candidate
CDKN2B-AS1	sgRNA_22031727.22032006_22031838_gene	candidate
p16.dialup	sgRNA_22031727.22032006_22031838_gene	candidate
MTAP	sgRNA_22031727.22032006_22031838_gene	candidate
DMRTA1	sgRNA_22031727.22032006_22031838_gene	candidate
IFNB1	sgRNA_22031727.22032006_22031838_gene	candidate
IFNE	sgRNA_22031727.22032006_22031838_gene	candidate
IFNWP19	sgRNA_22031727.22032006_22031838_gene	candidate
p14.dialup	sgRNA_22031727.22032006_22031838_gene	candidate
CDKN2B	sgRNA_22031727.22032006_22031891_gene	candidate
CDKN2B-AS1	sgRNA_22031727.22032006_22031891_gene	candidate
p16.dialup	sgRNA_22031727.22032006_22031891_gene	candidate
MTAP	sgRNA_22031727.22032006_22031891_gene	candidate
DMRTA1	sgRNA_22031727.22032006_22031891_gene	candidate
IFNB1	sgRNA_22031727.22032006_22031891_gene	candidate
IFNE	sgRNA_22031727.22032006_22031891_gene	candidate
IFNWP19	sgRNA_22031727.22032006_22031891_gene	candidate
p14.dialup	sgRNA_22031727.22032006_22031891_gene	candidate
CDKN2B	sgRNA_22032041.22032331_22032123_gene	candidate
CDKN2B-AS1	sgRNA_22032041.22032331_22032123_gene	candidate
p16.dialup	sgRNA_22032041.22032331_22032123_gene	candidate
MTAP	sgRNA_22032041.22032331_22032123_gene	candidate
DMRTA1	sgRNA_22032041.22032331_22032123_gene	candidate
IFNB1	sgRNA_22032041.22032331_22032123_gene	candidate
IFNE	sgRNA_22032041.22032331_22032123_gene	candidate
IFNWP19	sgRNA_22032041.22032331_22032123_gene	candidate
p14.dialup	sgRNA_22032041.22032331_22032123_gene	candidate
CDKN2B	sgRNA_22032041.22032331_22032236_gene	candidate
CDKN2B-AS1	sgRNA_22032041.22032331_22032236_gene	candidate
p16.dialup	sgRNA_22032041.22032331_22032236_gene	candidate
MTAP	sgRNA_22032041.22032331_22032236_gene	candidate
DMRTA1	sgRNA_22032041.22032331_22032236_gene	candidate
IFNB1	sgRNA_22032041.22032331_22032236_gene	candidate
IFNE	sgRNA_22032041.22032331_22032236_gene	candidate
IFNWP19	sgRNA_22032041.22032331_22032236_gene	candidate
p14.dialup	sgRNA_22032041.22032331_22032236_gene	candidate
CDKN2B	sgRNA_22032041.22032331_22032255_gene	candidate
CDKN2B-AS1	sgRNA_22032041.22032331_22032255_gene	candidate
p16.dialup	sgRNA_22032041.22032331_22032255_gene	candidate
MTAP	sgRNA_22032041.22032331_22032255_gene	candidate
DMRTA1	sgRNA_22032041.22032331_22032255_gene	candidate
IFNB1	sgRNA_22032041.22032331_22032255_gene	candidate
IFNE	sgRNA_22032041.22032331_22032255_gene	candidate
IFNWP19	sgRNA_22032041.22032331_22032255_gene	candidate
p14.dialup	sgRNA_22032041.22032331_22032255_gene	candidate
CDKN2B	sgRNA_22032980.22033516_22033348_gene	candidate
CDKN2B-AS1	sgRNA_22032980.22033516_22033348_gene	candidate
p16.dialup	sgRNA_22032980.22033516_22033348_gene	candidate
MTAP	sgRNA_22032980.22033516_22033348_gene	candidate
DMRTA1	sgRNA_22032980.22033516_22033348_gene	candidate
IFNB1	sgRNA_22032980.22033516_22033348_gene	candidate
IFNE	sgRNA_22032980.22033516_22033348_gene	candidate
IFNWP19	sgRNA_22032980.22033516_22033348_gene	candidate
p14.dialup	sgRNA_22032980.22033516_22033348_gene	candidate
CDKN2B	sgRNA_22032980.22033516_22033364_gene	candidate
CDKN2B-AS1	sgRNA_22032980.22033516_22033364_gene	candidate
p16.dialup	sgRNA_22032980.22033516_22033364_gene	candidate
MTAP	sgRNA_22032980.22033516_22033364_gene	candidate
DMRTA1	sgRNA_22032980.22033516_22033364_gene	candidate
IFNB1	sgRNA_22032980.22033516_22033364_gene	candidate
IFNE	sgRNA_22032980.22033516_22033364_gene	candidate
IFNWP19	sgRNA_22032980.22033516_22033364_gene	candidate
p14.dialup	sgRNA_22032980.22033516_22033364_gene	candidate
CDKN2B	sgRNA_22032980.22033516_22033491_gene	candidate
CDKN2B-AS1	sgRNA_22032980.22033516_22033491_gene	candidate
p16.dialup	sgRNA_22032980.22033516_22033491_gene	candidate
MTAP	sgRNA_22032980.22033516_22033491_gene	candidate
DMRTA1	sgRNA_22032980.22033516_22033491_gene	candidate
IFNB1	sgRNA_22032980.22033516_22033491_gene	candidate
IFNE	sgRNA_22032980.22033516_22033491_gene	candidate
IFNWP19	sgRNA_22032980.22033516_22033491_gene	candidate
p14.dialup	sgRNA_22032980.22033516_22033491_gene	candidate
CDKN2B	sgRNA_22035585.22035946_22035714_gene	candidate
CDKN2B-AS1	sgRNA_22035585.22035946_22035714_gene	candidate
p16.dialup	sgRNA_22035585.22035946_22035714_gene	candidate
MTAP	sgRNA_22035585.22035946_22035714_gene	candidate
DMRTA1	sgRNA_22035585.22035946_22035714_gene	candidate
IFNB1	sgRNA_22035585.22035946_22035714_gene	candidate
IFNE	sgRNA_22035585.22035946_22035714_gene	candidate
IFNWP19	sgRNA_22035585.22035946_22035714_gene	candidate
p14.dialup	sgRNA_22035585.22035946_22035714_gene	candidate
CDKN2B	sgRNA_22035585.22035946_22035841_gene	candidate
CDKN2B-AS1	sgRNA_22035585.22035946_22035841_gene	candidate
p16.dialup	sgRNA_22035585.22035946_22035841_gene	candidate
MTAP	sgRNA_22035585.22035946_22035841_gene	candidate
DMRTA1	sgRNA_22035585.22035946_22035841_gene	candidate
IFNB1	sgRNA_22035585.22035946_22035841_gene	candidate
IFNE	sgRNA_22035585.22035946_22035841_gene	candidate
IFNWP19	sgRNA_22035585.22035946_22035841_gene	candidate
p14.dialup	sgRNA_22035585.22035946_22035841_gene	candidate
CDKN2B	sgRNA_22035585.22035946_22035855_gene	candidate
CDKN2B-AS1	sgRNA_22035585.22035946_22035855_gene	candidate
p16.dialup	sgRNA_22035585.22035946_22035855_gene	candidate
MTAP	sgRNA_22035585.22035946_22035855_gene	candidate
DMRTA1	sgRNA_22035585.22035946_22035855_gene	candidate
IFNB1	sgRNA_22035585.22035946_22035855_gene	candidate
IFNE	sgRNA_22035585.22035946_22035855_gene	candidate
IFNWP19	sgRNA_22035585.22035946_22035855_gene	candidate
p14.dialup	sgRNA_22035585.22035946_22035855_gene	candidate
CDKN2B	sgRNA_22035585.22035946_22035920_gene	candidate
CDKN2B-AS1	sgRNA_22035585.22035946_22035920_gene	candidate
p16.dialup	sgRNA_22035585.22035946_22035920_gene	candidate
MTAP	sgRNA_22035585.22035946_22035920_gene	candidate
DMRTA1	sgRNA_22035585.22035946_22035920_gene	candidate
IFNB1	sgRNA_22035585.22035946_22035920_gene	candidate
IFNE	sgRNA_22035585.22035946_22035920_gene	candidate
IFNWP19	sgRNA_22035585.22035946_22035920_gene	candidate
p14.dialup	sgRNA_22035585.22035946_22035920_gene	candidate
CDKN2B	sgRNA_22037288.22037595_22037346_gene	candidate
CDKN2B-AS1	sgRNA_22037288.22037595_22037346_gene	candidate
p16.dialup	sgRNA_22037288.22037595_22037346_gene	candidate
MTAP	sgRNA_22037288.22037595_22037346_gene	candidate
DMRTA1	sgRNA_22037288.22037595_22037346_gene	candidate
IFNB1	sgRNA_22037288.22037595_22037346_gene	candidate
IFNE	sgRNA_22037288.22037595_22037346_gene	candidate
IFNWP19	sgRNA_22037288.22037595_22037346_gene	candidate
p14.dialup	sgRNA_22037288.22037595_22037346_gene	candidate
CDKN2B	sgRNA_22037288.22037595_22037357_gene	candidate
CDKN2B-AS1	sgRNA_22037288.22037595_22037357_gene	candidate
p16.dialup	sgRNA_22037288.22037595_22037357_gene	candidate
MTAP	sgRNA_22037288.22037595_22037357_gene	candidate
DMRTA1	sgRNA_22037288.22037595_22037357_gene	candidate
IFNB1	sgRNA_22037288.22037595_22037357_gene	candidate
IFNE	sgRNA_22037288.22037595_22037357_gene	candidate
IFNWP19	sgRNA_22037288.22037595_22037357_gene	candidate
p14.dialup	sgRNA_22037288.22037595_22037357_gene	candidate
CDKN2B	sgRNA_22037288.22037595_22037427_gene	candidate
CDKN2B-AS1	sgRNA_22037288.22037595_22037427_gene	candidate
p16.dialup	sgRNA_22037288.22037595_22037427_gene	candidate
MTAP	sgRNA_22037288.22037595_22037427_gene	candidate
DMRTA1	sgRNA_22037288.22037595_22037427_gene	candidate
IFNB1	sgRNA_22037288.22037595_22037427_gene	candidate
IFNE	sgRNA_22037288.22037595_22037427_gene	candidate
IFNWP19	sgRNA_22037288.22037595_22037427_gene	candidate
p14.dialup	sgRNA_22037288.22037595_22037427_gene	candidate
CDKN2B	sgRNA_22037947.22038388_22038256_gene	candidate
CDKN2B-AS1	sgRNA_22037947.22038388_22038256_gene	candidate
p16.dialup	sgRNA_22037947.22038388_22038256_gene	candidate
MTAP	sgRNA_22037947.22038388_22038256_gene	candidate
DMRTA1	sgRNA_22037947.22038388_22038256_gene	candidate
IFNB1	sgRNA_22037947.22038388_22038256_gene	candidate
IFNE	sgRNA_22037947.22038388_22038256_gene	candidate
IFNWP19	sgRNA_22037947.22038388_22038256_gene	candidate
p14.dialup	sgRNA_22037947.22038388_22038256_gene	candidate
CDKN2B	sgRNA_22037947.22038388_22038259_gene	candidate
CDKN2B-AS1	sgRNA_22037947.22038388_22038259_gene	candidate
p16.dialup	sgRNA_22037947.22038388_22038259_gene	candidate
MTAP	sgRNA_22037947.22038388_22038259_gene	candidate
DMRTA1	sgRNA_22037947.22038388_22038259_gene	candidate
IFNB1	sgRNA_22037947.22038388_22038259_gene	candidate
IFNE	sgRNA_22037947.22038388_22038259_gene	candidate
IFNWP19	sgRNA_22037947.22038388_22038259_gene	candidate
p14.dialup	sgRNA_22037947.22038388_22038259_gene	candidate
CDKN2B	sgRNA_22037947.22038388_22038280_gene	candidate
CDKN2B-AS1	sgRNA_22037947.22038388_22038280_gene	candidate
p16.dialup	sgRNA_22037947.22038388_22038280_gene	candidate
MTAP	sgRNA_22037947.22038388_22038280_gene	candidate
DMRTA1	sgRNA_22037947.22038388_22038280_gene	candidate
IFNB1	sgRNA_22037947.22038388_22038280_gene	candidate
IFNE	sgRNA_22037947.22038388_22038280_gene	candidate
IFNWP19	sgRNA_22037947.22038388_22038280_gene	candidate
p14.dialup	sgRNA_22037947.22038388_22038280_gene	candidate
CDKN2B	sgRNA_22037947.22038388_22038281_gene	candidate
CDKN2B-AS1	sgRNA_22037947.22038388_22038281_gene	candidate
p16.dialup	sgRNA_22037947.22038388_22038281_gene	candidate
MTAP	sgRNA_22037947.22038388_22038281_gene	candidate
DMRTA1	sgRNA_22037947.22038388_22038281_gene	candidate
IFNB1	sgRNA_22037947.22038388_22038281_gene	candidate
IFNE	sgRNA_22037947.22038388_22038281_gene	candidate
IFNWP19	sgRNA_22037947.22038388_22038281_gene	candidate
p14.dialup	sgRNA_22037947.22038388_22038281_gene	candidate
CDKN2B	sgRNA_22039302.22039598_22039381_gene	candidate
CDKN2B-AS1	sgRNA_22039302.22039598_22039381_gene	candidate
p16.dialup	sgRNA_22039302.22039598_22039381_gene	candidate
MTAP	sgRNA_22039302.22039598_22039381_gene	candidate
DMRTA1	sgRNA_22039302.22039598_22039381_gene	candidate
IFNB1	sgRNA_22039302.22039598_22039381_gene	candidate
IFNE	sgRNA_22039302.22039598_22039381_gene	candidate
IFNWP19	sgRNA_22039302.22039598_22039381_gene	candidate
p14.dialup	sgRNA_22039302.22039598_22039381_gene	candidate
CDKN2B	sgRNA_22039302.22039598_22039387_gene	candidate
CDKN2B-AS1	sgRNA_22039302.22039598_22039387_gene	candidate
p16.dialup	sgRNA_22039302.22039598_22039387_gene	candidate
MTAP	sgRNA_22039302.22039598_22039387_gene	candidate
DMRTA1	sgRNA_22039302.22039598_22039387_gene	candidate
IFNB1	sgRNA_22039302.22039598_22039387_gene	candidate
IFNE	sgRNA_22039302.22039598_22039387_gene	candidate
IFNWP19	sgRNA_22039302.22039598_22039387_gene	candidate
p14.dialup	sgRNA_22039302.22039598_22039387_gene	candidate
CDKN2B	sgRNA_22039302.22039598_22039433_gene	candidate
CDKN2B-AS1	sgRNA_22039302.22039598_22039433_gene	candidate
p16.dialup	sgRNA_22039302.22039598_22039433_gene	candidate
MTAP	sgRNA_22039302.22039598_22039433_gene	candidate
DMRTA1	sgRNA_22039302.22039598_22039433_gene	candidate
IFNB1	sgRNA_22039302.22039598_22039433_gene	candidate
IFNE	sgRNA_22039302.22039598_22039433_gene	candidate
IFNWP19	sgRNA_22039302.22039598_22039433_gene	candidate
p14.dialup	sgRNA_22039302.22039598_22039433_gene	candidate
CDKN2B	sgRNA_22039302.22039598_22039530_gene	candidate
CDKN2B-AS1	sgRNA_22039302.22039598_22039530_gene	candidate
p16.dialup	sgRNA_22039302.22039598_22039530_gene	candidate
MTAP	sgRNA_22039302.22039598_22039530_gene	candidate
DMRTA1	sgRNA_22039302.22039598_22039530_gene	candidate
IFNB1	sgRNA_22039302.22039598_22039530_gene	candidate
IFNE	sgRNA_22039302.22039598_22039530_gene	candidate
IFNWP19	sgRNA_22039302.22039598_22039530_gene	candidate
p14.dialup	sgRNA_22039302.22039598_22039530_gene	candidate
CDKN2B	sgRNA_22040763.22041162_22040803_gene	candidate
CDKN2B-AS1	sgRNA_22040763.22041162_22040803_gene	candidate
p16.dialup	sgRNA_22040763.22041162_22040803_gene	candidate
MTAP	sgRNA_22040763.22041162_22040803_gene	candidate
DMRTA1	sgRNA_22040763.22041162_22040803_gene	candidate
IFNB1	sgRNA_22040763.22041162_22040803_gene	candidate
IFNE	sgRNA_22040763.22041162_22040803_gene	candidate
IFNWP19	sgRNA_22040763.22041162_22040803_gene	candidate
p14.dialup	sgRNA_22040763.22041162_22040803_gene	candidate
CDKN2B	sgRNA_22040763.22041162_22040863_gene	candidate
CDKN2B-AS1	sgRNA_22040763.22041162_22040863_gene	candidate
p16.dialup	sgRNA_22040763.22041162_22040863_gene	candidate
MTAP	sgRNA_22040763.22041162_22040863_gene	candidate
DMRTA1	sgRNA_22040763.22041162_22040863_gene	candidate
IFNB1	sgRNA_22040763.22041162_22040863_gene	candidate
IFNE	sgRNA_22040763.22041162_22040863_gene	candidate
IFNWP19	sgRNA_22040763.22041162_22040863_gene	candidate
p14.dialup	sgRNA_22040763.22041162_22040863_gene	candidate
CDKN2B	sgRNA_22040763.22041162_22040912_gene	candidate
CDKN2B-AS1	sgRNA_22040763.22041162_22040912_gene	candidate
p16.dialup	sgRNA_22040763.22041162_22040912_gene	candidate
MTAP	sgRNA_22040763.22041162_22040912_gene	candidate
DMRTA1	sgRNA_22040763.22041162_22040912_gene	candidate
IFNB1	sgRNA_22040763.22041162_22040912_gene	candidate
IFNE	sgRNA_22040763.22041162_22040912_gene	candidate
IFNWP19	sgRNA_22040763.22041162_22040912_gene	candidate
p14.dialup	sgRNA_22040763.22041162_22040912_gene	candidate
CDKN2B	sgRNA_22040763.22041162_22041056_gene	candidate
CDKN2B-AS1	sgRNA_22040763.22041162_22041056_gene	candidate
p16.dialup	sgRNA_22040763.22041162_22041056_gene	candidate
MTAP	sgRNA_22040763.22041162_22041056_gene	candidate
DMRTA1	sgRNA_22040763.22041162_22041056_gene	candidate
IFNB1	sgRNA_22040763.22041162_22041056_gene	candidate
IFNE	sgRNA_22040763.22041162_22041056_gene	candidate
IFNWP19	sgRNA_22040763.22041162_22041056_gene	candidate
p14.dialup	sgRNA_22040763.22041162_22041056_gene	candidate
CDKN2B	sgRNA_22041786.22042153_22041940_gene	candidate
CDKN2B-AS1	sgRNA_22041786.22042153_22041940_gene	candidate
p16.dialup	sgRNA_22041786.22042153_22041940_gene	candidate
MTAP	sgRNA_22041786.22042153_22041940_gene	candidate
DMRTA1	sgRNA_22041786.22042153_22041940_gene	candidate
IFNB1	sgRNA_22041786.22042153_22041940_gene	candidate
IFNE	sgRNA_22041786.22042153_22041940_gene	candidate
IFNWP19	sgRNA_22041786.22042153_22041940_gene	candidate
p14.dialup	sgRNA_22041786.22042153_22041940_gene	candidate
CDKN2B	sgRNA_22041786.22042153_22041961_gene	candidate
CDKN2B-AS1	sgRNA_22041786.22042153_22041961_gene	candidate
p16.dialup	sgRNA_22041786.22042153_22041961_gene	candidate
MTAP	sgRNA_22041786.22042153_22041961_gene	candidate
DMRTA1	sgRNA_22041786.22042153_22041961_gene	candidate
IFNB1	sgRNA_22041786.22042153_22041961_gene	candidate
IFNE	sgRNA_22041786.22042153_22041961_gene	candidate
IFNWP19	sgRNA_22041786.22042153_22041961_gene	candidate
p14.dialup	sgRNA_22041786.22042153_22041961_gene	candidate
CDKN2B	sgRNA_22041786.22042153_22042057_gene	candidate
CDKN2B-AS1	sgRNA_22041786.22042153_22042057_gene	candidate
p16.dialup	sgRNA_22041786.22042153_22042057_gene	candidate
MTAP	sgRNA_22041786.22042153_22042057_gene	candidate
DMRTA1	sgRNA_22041786.22042153_22042057_gene	candidate
IFNB1	sgRNA_22041786.22042153_22042057_gene	candidate
IFNE	sgRNA_22041786.22042153_22042057_gene	candidate
IFNWP19	sgRNA_22041786.22042153_22042057_gene	candidate
p14.dialup	sgRNA_22041786.22042153_22042057_gene	candidate
CDKN2B	sgRNA_22041786.22042153_22042133_gene	candidate
CDKN2B-AS1	sgRNA_22041786.22042153_22042133_gene	candidate
p16.dialup	sgRNA_22041786.22042153_22042133_gene	candidate
MTAP	sgRNA_22041786.22042153_22042133_gene	candidate
DMRTA1	sgRNA_22041786.22042153_22042133_gene	candidate
IFNB1	sgRNA_22041786.22042153_22042133_gene	candidate
IFNE	sgRNA_22041786.22042153_22042133_gene	candidate
IFNWP19	sgRNA_22041786.22042153_22042133_gene	candidate
p14.dialup	sgRNA_22041786.22042153_22042133_gene	candidate
CDKN2B	sgRNA_22043926.22044126_22043927_gene	candidate
CDKN2B-AS1	sgRNA_22043926.22044126_22043927_gene	candidate
p16.dialup	sgRNA_22043926.22044126_22043927_gene	candidate
MTAP	sgRNA_22043926.22044126_22043927_gene	candidate
DMRTA1	sgRNA_22043926.22044126_22043927_gene	candidate
IFNB1	sgRNA_22043926.22044126_22043927_gene	candidate
IFNE	sgRNA_22043926.22044126_22043927_gene	candidate
IFNWP19	sgRNA_22043926.22044126_22043927_gene	candidate
p14.dialup	sgRNA_22043926.22044126_22043927_gene	candidate
CDKN2B	sgRNA_22043926.22044126_22043932_gene	candidate
CDKN2B-AS1	sgRNA_22043926.22044126_22043932_gene	candidate
p16.dialup	sgRNA_22043926.22044126_22043932_gene	candidate
MTAP	sgRNA_22043926.22044126_22043932_gene	candidate
DMRTA1	sgRNA_22043926.22044126_22043932_gene	candidate
IFNB1	sgRNA_22043926.22044126_22043932_gene	candidate
IFNE	sgRNA_22043926.22044126_22043932_gene	candidate
IFNWP19	sgRNA_22043926.22044126_22043932_gene	candidate
p14.dialup	sgRNA_22043926.22044126_22043932_gene	candidate
CDKN2B	sgRNA_22043926.22044126_22043974_gene	candidate
CDKN2B-AS1	sgRNA_22043926.22044126_22043974_gene	candidate
p16.dialup	sgRNA_22043926.22044126_22043974_gene	candidate
MTAP	sgRNA_22043926.22044126_22043974_gene	candidate
DMRTA1	sgRNA_22043926.22044126_22043974_gene	candidate
IFNB1	sgRNA_22043926.22044126_22043974_gene	candidate
IFNE	sgRNA_22043926.22044126_22043974_gene	candidate
IFNWP19	sgRNA_22043926.22044126_22043974_gene	candidate
p14.dialup	sgRNA_22043926.22044126_22043974_gene	candidate
CDKN2B	sgRNA_22044591.22044945_22044649_gene	candidate
CDKN2B-AS1	sgRNA_22044591.22044945_22044649_gene	candidate
p16.dialup	sgRNA_22044591.22044945_22044649_gene	candidate
MTAP	sgRNA_22044591.22044945_22044649_gene	candidate
DMRTA1	sgRNA_22044591.22044945_22044649_gene	candidate
IFNB1	sgRNA_22044591.22044945_22044649_gene	candidate
IFNE	sgRNA_22044591.22044945_22044649_gene	candidate
IFNWP19	sgRNA_22044591.22044945_22044649_gene	candidate
p14.dialup	sgRNA_22044591.22044945_22044649_gene	candidate
CDKN2B	sgRNA_22044591.22044945_22044785_gene	candidate
CDKN2B-AS1	sgRNA_22044591.22044945_22044785_gene	candidate
p16.dialup	sgRNA_22044591.22044945_22044785_gene	candidate
MTAP	sgRNA_22044591.22044945_22044785_gene	candidate
DMRTA1	sgRNA_22044591.22044945_22044785_gene	candidate
IFNB1	sgRNA_22044591.22044945_22044785_gene	candidate
IFNE	sgRNA_22044591.22044945_22044785_gene	candidate
IFNWP19	sgRNA_22044591.22044945_22044785_gene	candidate
p14.dialup	sgRNA_22044591.22044945_22044785_gene	candidate
CDKN2B	sgRNA_22044591.22044945_22044807_gene	candidate
CDKN2B-AS1	sgRNA_22044591.22044945_22044807_gene	candidate
p16.dialup	sgRNA_22044591.22044945_22044807_gene	candidate
MTAP	sgRNA_22044591.22044945_22044807_gene	candidate
DMRTA1	sgRNA_22044591.22044945_22044807_gene	candidate
IFNB1	sgRNA_22044591.22044945_22044807_gene	candidate
IFNE	sgRNA_22044591.22044945_22044807_gene	candidate
IFNWP19	sgRNA_22044591.22044945_22044807_gene	candidate
p14.dialup	sgRNA_22044591.22044945_22044807_gene	candidate
CDKN2B	sgRNA_22049453.22049789_22049504_gene	candidate
CDKN2B-AS1	sgRNA_22049453.22049789_22049504_gene	candidate
p16.dialup	sgRNA_22049453.22049789_22049504_gene	candidate
MTAP	sgRNA_22049453.22049789_22049504_gene	candidate
DMRTA1	sgRNA_22049453.22049789_22049504_gene	candidate
IFNB1	sgRNA_22049453.22049789_22049504_gene	candidate
IFNE	sgRNA_22049453.22049789_22049504_gene	candidate
IFNWP19	sgRNA_22049453.22049789_22049504_gene	candidate
p14.dialup	sgRNA_22049453.22049789_22049504_gene	candidate
CDKN2B	sgRNA_22049453.22049789_22049519_gene	candidate
CDKN2B-AS1	sgRNA_22049453.22049789_22049519_gene	candidate
p16.dialup	sgRNA_22049453.22049789_22049519_gene	candidate
MTAP	sgRNA_22049453.22049789_22049519_gene	candidate
DMRTA1	sgRNA_22049453.22049789_22049519_gene	candidate
IFNB1	sgRNA_22049453.22049789_22049519_gene	candidate
IFNE	sgRNA_22049453.22049789_22049519_gene	candidate
IFNWP19	sgRNA_22049453.22049789_22049519_gene	candidate
p14.dialup	sgRNA_22049453.22049789_22049519_gene	candidate
CDKN2B	sgRNA_22049453.22049789_22049533_gene	candidate
CDKN2B-AS1	sgRNA_22049453.22049789_22049533_gene	candidate
p16.dialup	sgRNA_22049453.22049789_22049533_gene	candidate
MTAP	sgRNA_22049453.22049789_22049533_gene	candidate
DMRTA1	sgRNA_22049453.22049789_22049533_gene	candidate
IFNB1	sgRNA_22049453.22049789_22049533_gene	candidate
IFNE	sgRNA_22049453.22049789_22049533_gene	candidate
IFNWP19	sgRNA_22049453.22049789_22049533_gene	candidate
p14.dialup	sgRNA_22049453.22049789_22049533_gene	candidate
CDKN2B	sgRNA_22049453.22049789_22049676_gene	candidate
CDKN2B-AS1	sgRNA_22049453.22049789_22049676_gene	candidate
p16.dialup	sgRNA_22049453.22049789_22049676_gene	candidate
MTAP	sgRNA_22049453.22049789_22049676_gene	candidate
DMRTA1	sgRNA_22049453.22049789_22049676_gene	candidate
IFNB1	sgRNA_22049453.22049789_22049676_gene	candidate
IFNE	sgRNA_22049453.22049789_22049676_gene	candidate
IFNWP19	sgRNA_22049453.22049789_22049676_gene	candidate
p14.dialup	sgRNA_22049453.22049789_22049676_gene	candidate
CDKN2B	sgRNA_22050387.22050900_22050446_gene	candidate
CDKN2B-AS1	sgRNA_22050387.22050900_22050446_gene	candidate
p16.dialup	sgRNA_22050387.22050900_22050446_gene	candidate
MTAP	sgRNA_22050387.22050900_22050446_gene	candidate
DMRTA1	sgRNA_22050387.22050900_22050446_gene	candidate
IFNB1	sgRNA_22050387.22050900_22050446_gene	candidate
IFNE	sgRNA_22050387.22050900_22050446_gene	candidate
IFNWP19	sgRNA_22050387.22050900_22050446_gene	candidate
p14.dialup	sgRNA_22050387.22050900_22050446_gene	candidate
CDKN2B	sgRNA_22050387.22050900_22050509_gene	candidate
CDKN2B-AS1	sgRNA_22050387.22050900_22050509_gene	candidate
p16.dialup	sgRNA_22050387.22050900_22050509_gene	candidate
MTAP	sgRNA_22050387.22050900_22050509_gene	candidate
DMRTA1	sgRNA_22050387.22050900_22050509_gene	candidate
IFNB1	sgRNA_22050387.22050900_22050509_gene	candidate
IFNE	sgRNA_22050387.22050900_22050509_gene	candidate
IFNWP19	sgRNA_22050387.22050900_22050509_gene	candidate
p14.dialup	sgRNA_22050387.22050900_22050509_gene	candidate
CDKN2B	sgRNA_22050387.22050900_22050573_gene	candidate
CDKN2B-AS1	sgRNA_22050387.22050900_22050573_gene	candidate
p16.dialup	sgRNA_22050387.22050900_22050573_gene	candidate
MTAP	sgRNA_22050387.22050900_22050573_gene	candidate
DMRTA1	sgRNA_22050387.22050900_22050573_gene	candidate
IFNB1	sgRNA_22050387.22050900_22050573_gene	candidate
IFNE	sgRNA_22050387.22050900_22050573_gene	candidate
IFNWP19	sgRNA_22050387.22050900_22050573_gene	candidate
p14.dialup	sgRNA_22050387.22050900_22050573_gene	candidate
CDKN2B	sgRNA_22050387.22050900_22050721_gene	candidate
CDKN2B-AS1	sgRNA_22050387.22050900_22050721_gene	candidate
p16.dialup	sgRNA_22050387.22050900_22050721_gene	candidate
MTAP	sgRNA_22050387.22050900_22050721_gene	candidate
DMRTA1	sgRNA_22050387.22050900_22050721_gene	candidate
IFNB1	sgRNA_22050387.22050900_22050721_gene	candidate
IFNE	sgRNA_22050387.22050900_22050721_gene	candidate
IFNWP19	sgRNA_22050387.22050900_22050721_gene	candidate
p14.dialup	sgRNA_22050387.22050900_22050721_gene	candidate
CDKN2B	sgRNA_22052069.22053048_22052661_gene	candidate
CDKN2B-AS1	sgRNA_22052069.22053048_22052661_gene	candidate
p16.dialup	sgRNA_22052069.22053048_22052661_gene	candidate
MTAP	sgRNA_22052069.22053048_22052661_gene	candidate
DMRTA1	sgRNA_22052069.22053048_22052661_gene	candidate
IFNB1	sgRNA_22052069.22053048_22052661_gene	candidate
IFNE	sgRNA_22052069.22053048_22052661_gene	candidate
IFNWP19	sgRNA_22052069.22053048_22052661_gene	candidate
p14.dialup	sgRNA_22052069.22053048_22052661_gene	candidate
CDKN2B	sgRNA_22052069.22053048_22052671_gene	candidate
CDKN2B-AS1	sgRNA_22052069.22053048_22052671_gene	candidate
p16.dialup	sgRNA_22052069.22053048_22052671_gene	candidate
MTAP	sgRNA_22052069.22053048_22052671_gene	candidate
DMRTA1	sgRNA_22052069.22053048_22052671_gene	candidate
IFNB1	sgRNA_22052069.22053048_22052671_gene	candidate
IFNE	sgRNA_22052069.22053048_22052671_gene	candidate
IFNWP19	sgRNA_22052069.22053048_22052671_gene	candidate
p14.dialup	sgRNA_22052069.22053048_22052671_gene	candidate
CDKN2B	sgRNA_22052069.22053048_22052828_gene	candidate
CDKN2B-AS1	sgRNA_22052069.22053048_22052828_gene	candidate
p16.dialup	sgRNA_22052069.22053048_22052828_gene	candidate
MTAP	sgRNA_22052069.22053048_22052828_gene	candidate
DMRTA1	sgRNA_22052069.22053048_22052828_gene	candidate
IFNB1	sgRNA_22052069.22053048_22052828_gene	candidate
IFNE	sgRNA_22052069.22053048_22052828_gene	candidate
IFNWP19	sgRNA_22052069.22053048_22052828_gene	candidate
p14.dialup	sgRNA_22052069.22053048_22052828_gene	candidate
CDKN2B	sgRNA_22052069.22053048_22052831_gene	candidate
CDKN2B-AS1	sgRNA_22052069.22053048_22052831_gene	candidate
p16.dialup	sgRNA_22052069.22053048_22052831_gene	candidate
MTAP	sgRNA_22052069.22053048_22052831_gene	candidate
DMRTA1	sgRNA_22052069.22053048_22052831_gene	candidate
IFNB1	sgRNA_22052069.22053048_22052831_gene	candidate
IFNE	sgRNA_22052069.22053048_22052831_gene	candidate
IFNWP19	sgRNA_22052069.22053048_22052831_gene	candidate
p14.dialup	sgRNA_22052069.22053048_22052831_gene	candidate
CDKN2B	sgRNA_22053682.22054045_22053811_gene	candidate
CDKN2B-AS1	sgRNA_22053682.22054045_22053811_gene	candidate
p16.dialup	sgRNA_22053682.22054045_22053811_gene	candidate
MTAP	sgRNA_22053682.22054045_22053811_gene	candidate
DMRTA1	sgRNA_22053682.22054045_22053811_gene	candidate
IFNB1	sgRNA_22053682.22054045_22053811_gene	candidate
IFNE	sgRNA_22053682.22054045_22053811_gene	candidate
IFNWP19	sgRNA_22053682.22054045_22053811_gene	candidate
p14.dialup	sgRNA_22053682.22054045_22053811_gene	candidate
CDKN2B	sgRNA_22053682.22054045_22053819_gene	candidate
CDKN2B-AS1	sgRNA_22053682.22054045_22053819_gene	candidate
p16.dialup	sgRNA_22053682.22054045_22053819_gene	candidate
MTAP	sgRNA_22053682.22054045_22053819_gene	candidate
DMRTA1	sgRNA_22053682.22054045_22053819_gene	candidate
IFNB1	sgRNA_22053682.22054045_22053819_gene	candidate
IFNE	sgRNA_22053682.22054045_22053819_gene	candidate
IFNWP19	sgRNA_22053682.22054045_22053819_gene	candidate
p14.dialup	sgRNA_22053682.22054045_22053819_gene	candidate
CDKN2B	sgRNA_22053682.22054045_22053839_gene	candidate
CDKN2B-AS1	sgRNA_22053682.22054045_22053839_gene	candidate
p16.dialup	sgRNA_22053682.22054045_22053839_gene	candidate
MTAP	sgRNA_22053682.22054045_22053839_gene	candidate
DMRTA1	sgRNA_22053682.22054045_22053839_gene	candidate
IFNB1	sgRNA_22053682.22054045_22053839_gene	candidate
IFNE	sgRNA_22053682.22054045_22053839_gene	candidate
IFNWP19	sgRNA_22053682.22054045_22053839_gene	candidate
p14.dialup	sgRNA_22053682.22054045_22053839_gene	candidate
CDKN2B	sgRNA_22053682.22054045_22054018_gene	candidate
CDKN2B-AS1	sgRNA_22053682.22054045_22054018_gene	candidate
p16.dialup	sgRNA_22053682.22054045_22054018_gene	candidate
MTAP	sgRNA_22053682.22054045_22054018_gene	candidate
DMRTA1	sgRNA_22053682.22054045_22054018_gene	candidate
IFNB1	sgRNA_22053682.22054045_22054018_gene	candidate
IFNE	sgRNA_22053682.22054045_22054018_gene	candidate
IFNWP19	sgRNA_22053682.22054045_22054018_gene	candidate
p14.dialup	sgRNA_22053682.22054045_22054018_gene	candidate
CDKN2B	sgRNA_22054180.22054370_22054250_gene	candidate
CDKN2B-AS1	sgRNA_22054180.22054370_22054250_gene	candidate
p16.dialup	sgRNA_22054180.22054370_22054250_gene	candidate
MTAP	sgRNA_22054180.22054370_22054250_gene	candidate
DMRTA1	sgRNA_22054180.22054370_22054250_gene	candidate
IFNB1	sgRNA_22054180.22054370_22054250_gene	candidate
IFNE	sgRNA_22054180.22054370_22054250_gene	candidate
IFNWP19	sgRNA_22054180.22054370_22054250_gene	candidate
p14.dialup	sgRNA_22054180.22054370_22054250_gene	candidate
CDKN2B	sgRNA_22054180.22054370_22054342_gene	candidate
CDKN2B-AS1	sgRNA_22054180.22054370_22054342_gene	candidate
p16.dialup	sgRNA_22054180.22054370_22054342_gene	candidate
MTAP	sgRNA_22054180.22054370_22054342_gene	candidate
DMRTA1	sgRNA_22054180.22054370_22054342_gene	candidate
IFNB1	sgRNA_22054180.22054370_22054342_gene	candidate
IFNE	sgRNA_22054180.22054370_22054342_gene	candidate
IFNWP19	sgRNA_22054180.22054370_22054342_gene	candidate
p14.dialup	sgRNA_22054180.22054370_22054342_gene	candidate
CDKN2B	sgRNA_22054180.22054370_22054345_gene	candidate
CDKN2B-AS1	sgRNA_22054180.22054370_22054345_gene	candidate
p16.dialup	sgRNA_22054180.22054370_22054345_gene	candidate
MTAP	sgRNA_22054180.22054370_22054345_gene	candidate
DMRTA1	sgRNA_22054180.22054370_22054345_gene	candidate
IFNB1	sgRNA_22054180.22054370_22054345_gene	candidate
IFNE	sgRNA_22054180.22054370_22054345_gene	candidate
IFNWP19	sgRNA_22054180.22054370_22054345_gene	candidate
p14.dialup	sgRNA_22054180.22054370_22054345_gene	candidate
CDKN2B	sgRNA_22054180.22054370_22054359_gene	candidate
CDKN2B-AS1	sgRNA_22054180.22054370_22054359_gene	candidate
p16.dialup	sgRNA_22054180.22054370_22054359_gene	candidate
MTAP	sgRNA_22054180.22054370_22054359_gene	candidate
DMRTA1	sgRNA_22054180.22054370_22054359_gene	candidate
IFNB1	sgRNA_22054180.22054370_22054359_gene	candidate
IFNE	sgRNA_22054180.22054370_22054359_gene	candidate
IFNWP19	sgRNA_22054180.22054370_22054359_gene	candidate
p14.dialup	sgRNA_22054180.22054370_22054359_gene	candidate
CDKN2B	sgRNA_22054599.22054753_22054611_gene	candidate
CDKN2B-AS1	sgRNA_22054599.22054753_22054611_gene	candidate
p16.dialup	sgRNA_22054599.22054753_22054611_gene	candidate
MTAP	sgRNA_22054599.22054753_22054611_gene	candidate
DMRTA1	sgRNA_22054599.22054753_22054611_gene	candidate
IFNB1	sgRNA_22054599.22054753_22054611_gene	candidate
IFNE	sgRNA_22054599.22054753_22054611_gene	candidate
IFNWP19	sgRNA_22054599.22054753_22054611_gene	candidate
p14.dialup	sgRNA_22054599.22054753_22054611_gene	candidate
CDKN2B	sgRNA_22054599.22054753_22054659_gene	candidate
CDKN2B-AS1	sgRNA_22054599.22054753_22054659_gene	candidate
p16.dialup	sgRNA_22054599.22054753_22054659_gene	candidate
MTAP	sgRNA_22054599.22054753_22054659_gene	candidate
DMRTA1	sgRNA_22054599.22054753_22054659_gene	candidate
IFNB1	sgRNA_22054599.22054753_22054659_gene	candidate
IFNE	sgRNA_22054599.22054753_22054659_gene	candidate
IFNWP19	sgRNA_22054599.22054753_22054659_gene	candidate
p14.dialup	sgRNA_22054599.22054753_22054659_gene	candidate
CDKN2B	sgRNA_22055098.22055526_22055485_gene	candidate
CDKN2B-AS1	sgRNA_22055098.22055526_22055485_gene	candidate
p16.dialup	sgRNA_22055098.22055526_22055485_gene	candidate
MTAP	sgRNA_22055098.22055526_22055485_gene	candidate
DMRTA1	sgRNA_22055098.22055526_22055485_gene	candidate
IFNB1	sgRNA_22055098.22055526_22055485_gene	candidate
IFNE	sgRNA_22055098.22055526_22055485_gene	candidate
IFNWP19	sgRNA_22055098.22055526_22055485_gene	candidate
p14.dialup	sgRNA_22055098.22055526_22055485_gene	candidate
CDKN2B	sgRNA_22055098.22055526_22055501_gene	candidate
CDKN2B-AS1	sgRNA_22055098.22055526_22055501_gene	candidate
p16.dialup	sgRNA_22055098.22055526_22055501_gene	candidate
MTAP	sgRNA_22055098.22055526_22055501_gene	candidate
DMRTA1	sgRNA_22055098.22055526_22055501_gene	candidate
IFNB1	sgRNA_22055098.22055526_22055501_gene	candidate
IFNE	sgRNA_22055098.22055526_22055501_gene	candidate
IFNWP19	sgRNA_22055098.22055526_22055501_gene	candidate
p14.dialup	sgRNA_22055098.22055526_22055501_gene	candidate
CDKN2B	sgRNA_22055098.22055526_22055505_gene	candidate
CDKN2B-AS1	sgRNA_22055098.22055526_22055505_gene	candidate
p16.dialup	sgRNA_22055098.22055526_22055505_gene	candidate
MTAP	sgRNA_22055098.22055526_22055505_gene	candidate
DMRTA1	sgRNA_22055098.22055526_22055505_gene	candidate
IFNB1	sgRNA_22055098.22055526_22055505_gene	candidate
IFNE	sgRNA_22055098.22055526_22055505_gene	candidate
IFNWP19	sgRNA_22055098.22055526_22055505_gene	candidate
p14.dialup	sgRNA_22055098.22055526_22055505_gene	candidate
CDKN2B	sgRNA_22055098.22055526_22055507_gene	candidate
CDKN2B-AS1	sgRNA_22055098.22055526_22055507_gene	candidate
p16.dialup	sgRNA_22055098.22055526_22055507_gene	candidate
MTAP	sgRNA_22055098.22055526_22055507_gene	candidate
DMRTA1	sgRNA_22055098.22055526_22055507_gene	candidate
IFNB1	sgRNA_22055098.22055526_22055507_gene	candidate
IFNE	sgRNA_22055098.22055526_22055507_gene	candidate
IFNWP19	sgRNA_22055098.22055526_22055507_gene	candidate
p14.dialup	sgRNA_22055098.22055526_22055507_gene	candidate
CDKN2B	sgRNA_22056244.22056527_22056432_gene	candidate
CDKN2B-AS1	sgRNA_22056244.22056527_22056432_gene	candidate
p16.dialup	sgRNA_22056244.22056527_22056432_gene	candidate
MTAP	sgRNA_22056244.22056527_22056432_gene	candidate
DMRTA1	sgRNA_22056244.22056527_22056432_gene	candidate
IFNB1	sgRNA_22056244.22056527_22056432_gene	candidate
IFNE	sgRNA_22056244.22056527_22056432_gene	candidate
IFNWP19	sgRNA_22056244.22056527_22056432_gene	candidate
p14.dialup	sgRNA_22056244.22056527_22056432_gene	candidate
CDKN2B	sgRNA_22056244.22056527_22056446_gene	candidate
CDKN2B-AS1	sgRNA_22056244.22056527_22056446_gene	candidate
p16.dialup	sgRNA_22056244.22056527_22056446_gene	candidate
MTAP	sgRNA_22056244.22056527_22056446_gene	candidate
DMRTA1	sgRNA_22056244.22056527_22056446_gene	candidate
IFNB1	sgRNA_22056244.22056527_22056446_gene	candidate
IFNE	sgRNA_22056244.22056527_22056446_gene	candidate
IFNWP19	sgRNA_22056244.22056527_22056446_gene	candidate
p14.dialup	sgRNA_22056244.22056527_22056446_gene	candidate
CDKN2B	sgRNA_22056244.22056527_22056474_gene	candidate
CDKN2B-AS1	sgRNA_22056244.22056527_22056474_gene	candidate
p16.dialup	sgRNA_22056244.22056527_22056474_gene	candidate
MTAP	sgRNA_22056244.22056527_22056474_gene	candidate
DMRTA1	sgRNA_22056244.22056527_22056474_gene	candidate
IFNB1	sgRNA_22056244.22056527_22056474_gene	candidate
IFNE	sgRNA_22056244.22056527_22056474_gene	candidate
IFNWP19	sgRNA_22056244.22056527_22056474_gene	candidate
p14.dialup	sgRNA_22056244.22056527_22056474_gene	candidate
CDKN2B	sgRNA_22059886.22060152_22059976_gene	candidate
CDKN2B-AS1	sgRNA_22059886.22060152_22059976_gene	candidate
p16.dialup	sgRNA_22059886.22060152_22059976_gene	candidate
MTAP	sgRNA_22059886.22060152_22059976_gene	candidate
DMRTA1	sgRNA_22059886.22060152_22059976_gene	candidate
IFNB1	sgRNA_22059886.22060152_22059976_gene	candidate
IFNE	sgRNA_22059886.22060152_22059976_gene	candidate
IFNWP19	sgRNA_22059886.22060152_22059976_gene	candidate
p14.dialup	sgRNA_22059886.22060152_22059976_gene	candidate
CDKN2B	sgRNA_22059886.22060152_22059989_gene	candidate
CDKN2B-AS1	sgRNA_22059886.22060152_22059989_gene	candidate
p16.dialup	sgRNA_22059886.22060152_22059989_gene	candidate
MTAP	sgRNA_22059886.22060152_22059989_gene	candidate
DMRTA1	sgRNA_22059886.22060152_22059989_gene	candidate
IFNB1	sgRNA_22059886.22060152_22059989_gene	candidate
IFNE	sgRNA_22059886.22060152_22059989_gene	candidate
IFNWP19	sgRNA_22059886.22060152_22059989_gene	candidate
p14.dialup	sgRNA_22059886.22060152_22059989_gene	candidate
CDKN2B	sgRNA_22059886.22060152_22060090_gene	candidate
CDKN2B-AS1	sgRNA_22059886.22060152_22060090_gene	candidate
p16.dialup	sgRNA_22059886.22060152_22060090_gene	candidate
MTAP	sgRNA_22059886.22060152_22060090_gene	candidate
DMRTA1	sgRNA_22059886.22060152_22060090_gene	candidate
IFNB1	sgRNA_22059886.22060152_22060090_gene	candidate
IFNE	sgRNA_22059886.22060152_22060090_gene	candidate
IFNWP19	sgRNA_22059886.22060152_22060090_gene	candidate
p14.dialup	sgRNA_22059886.22060152_22060090_gene	candidate
CDKN2B	sgRNA_22059886.22060152_22060118_gene	candidate
CDKN2B-AS1	sgRNA_22059886.22060152_22060118_gene	candidate
p16.dialup	sgRNA_22059886.22060152_22060118_gene	candidate
MTAP	sgRNA_22059886.22060152_22060118_gene	candidate
DMRTA1	sgRNA_22059886.22060152_22060118_gene	candidate
IFNB1	sgRNA_22059886.22060152_22060118_gene	candidate
IFNE	sgRNA_22059886.22060152_22060118_gene	candidate
IFNWP19	sgRNA_22059886.22060152_22060118_gene	candidate
p14.dialup	sgRNA_22059886.22060152_22060118_gene	candidate
CDKN2B	sgRNA_22062048.22062204_22062099_gene	candidate
CDKN2B-AS1	sgRNA_22062048.22062204_22062099_gene	candidate
p16.dialup	sgRNA_22062048.22062204_22062099_gene	candidate
MTAP	sgRNA_22062048.22062204_22062099_gene	candidate
DMRTA1	sgRNA_22062048.22062204_22062099_gene	candidate
IFNB1	sgRNA_22062048.22062204_22062099_gene	candidate
IFNE	sgRNA_22062048.22062204_22062099_gene	candidate
IFNWP19	sgRNA_22062048.22062204_22062099_gene	candidate
p14.dialup	sgRNA_22062048.22062204_22062099_gene	candidate
CDKN2B	sgRNA_22062048.22062204_22062132_gene	candidate
CDKN2B-AS1	sgRNA_22062048.22062204_22062132_gene	candidate
p16.dialup	sgRNA_22062048.22062204_22062132_gene	candidate
MTAP	sgRNA_22062048.22062204_22062132_gene	candidate
DMRTA1	sgRNA_22062048.22062204_22062132_gene	candidate
IFNB1	sgRNA_22062048.22062204_22062132_gene	candidate
IFNE	sgRNA_22062048.22062204_22062132_gene	candidate
IFNWP19	sgRNA_22062048.22062204_22062132_gene	candidate
p14.dialup	sgRNA_22062048.22062204_22062132_gene	candidate
CDKN2B	sgRNA_22062048.22062204_22062178_gene	candidate
CDKN2B-AS1	sgRNA_22062048.22062204_22062178_gene	candidate
p16.dialup	sgRNA_22062048.22062204_22062178_gene	candidate
MTAP	sgRNA_22062048.22062204_22062178_gene	candidate
DMRTA1	sgRNA_22062048.22062204_22062178_gene	candidate
IFNB1	sgRNA_22062048.22062204_22062178_gene	candidate
IFNE	sgRNA_22062048.22062204_22062178_gene	candidate
IFNWP19	sgRNA_22062048.22062204_22062178_gene	candidate
p14.dialup	sgRNA_22062048.22062204_22062178_gene	candidate
CDKN2B	sgRNA_22064992.22065795_22065099_gene	candidate
CDKN2B-AS1	sgRNA_22064992.22065795_22065099_gene	candidate
p16.dialup	sgRNA_22064992.22065795_22065099_gene	candidate
MTAP	sgRNA_22064992.22065795_22065099_gene	candidate
DMRTA1	sgRNA_22064992.22065795_22065099_gene	candidate
IFNB1	sgRNA_22064992.22065795_22065099_gene	candidate
IFNE	sgRNA_22064992.22065795_22065099_gene	candidate
IFNWP19	sgRNA_22064992.22065795_22065099_gene	candidate
p14.dialup	sgRNA_22064992.22065795_22065099_gene	candidate
CDKN2B	sgRNA_22064992.22065795_22065598_gene	candidate
CDKN2B-AS1	sgRNA_22064992.22065795_22065598_gene	candidate
p16.dialup	sgRNA_22064992.22065795_22065598_gene	candidate
MTAP	sgRNA_22064992.22065795_22065598_gene	candidate
DMRTA1	sgRNA_22064992.22065795_22065598_gene	candidate
IFNB1	sgRNA_22064992.22065795_22065598_gene	candidate
IFNE	sgRNA_22064992.22065795_22065598_gene	candidate
IFNWP19	sgRNA_22064992.22065795_22065598_gene	candidate
p14.dialup	sgRNA_22064992.22065795_22065598_gene	candidate
CDKN2B	sgRNA_22064992.22065795_22065728_gene	candidate
CDKN2B-AS1	sgRNA_22064992.22065795_22065728_gene	candidate
p16.dialup	sgRNA_22064992.22065795_22065728_gene	candidate
MTAP	sgRNA_22064992.22065795_22065728_gene	candidate
DMRTA1	sgRNA_22064992.22065795_22065728_gene	candidate
IFNB1	sgRNA_22064992.22065795_22065728_gene	candidate
IFNE	sgRNA_22064992.22065795_22065728_gene	candidate
IFNWP19	sgRNA_22064992.22065795_22065728_gene	candidate
p14.dialup	sgRNA_22064992.22065795_22065728_gene	candidate
CDKN2B	sgRNA_22064992.22065795_22065753_gene	candidate
CDKN2B-AS1	sgRNA_22064992.22065795_22065753_gene	candidate
p16.dialup	sgRNA_22064992.22065795_22065753_gene	candidate
MTAP	sgRNA_22064992.22065795_22065753_gene	candidate
DMRTA1	sgRNA_22064992.22065795_22065753_gene	candidate
IFNB1	sgRNA_22064992.22065795_22065753_gene	candidate
IFNE	sgRNA_22064992.22065795_22065753_gene	candidate
IFNWP19	sgRNA_22064992.22065795_22065753_gene	candidate
p14.dialup	sgRNA_22064992.22065795_22065753_gene	candidate
CDKN2B	sgRNA_22066070.22068679_22067587_gene	candidate
CDKN2B-AS1	sgRNA_22066070.22068679_22067587_gene	candidate
p16.dialup	sgRNA_22066070.22068679_22067587_gene	candidate
MTAP	sgRNA_22066070.22068679_22067587_gene	candidate
DMRTA1	sgRNA_22066070.22068679_22067587_gene	candidate
IFNB1	sgRNA_22066070.22068679_22067587_gene	candidate
IFNE	sgRNA_22066070.22068679_22067587_gene	candidate
IFNWP19	sgRNA_22066070.22068679_22067587_gene	candidate
p14.dialup	sgRNA_22066070.22068679_22067587_gene	candidate
CDKN2B	sgRNA_22066070.22068679_22068509_gene	candidate
CDKN2B-AS1	sgRNA_22066070.22068679_22068509_gene	candidate
p16.dialup	sgRNA_22066070.22068679_22068509_gene	candidate
MTAP	sgRNA_22066070.22068679_22068509_gene	candidate
DMRTA1	sgRNA_22066070.22068679_22068509_gene	candidate
IFNB1	sgRNA_22066070.22068679_22068509_gene	candidate
IFNE	sgRNA_22066070.22068679_22068509_gene	candidate
IFNWP19	sgRNA_22066070.22068679_22068509_gene	candidate
p14.dialup	sgRNA_22066070.22068679_22068509_gene	candidate
CDKN2B	sgRNA_22066070.22068679_22068583_gene	candidate
CDKN2B-AS1	sgRNA_22066070.22068679_22068583_gene	candidate
p16.dialup	sgRNA_22066070.22068679_22068583_gene	candidate
MTAP	sgRNA_22066070.22068679_22068583_gene	candidate
DMRTA1	sgRNA_22066070.22068679_22068583_gene	candidate
IFNB1	sgRNA_22066070.22068679_22068583_gene	candidate
IFNE	sgRNA_22066070.22068679_22068583_gene	candidate
IFNWP19	sgRNA_22066070.22068679_22068583_gene	candidate
p14.dialup	sgRNA_22066070.22068679_22068583_gene	candidate
CDKN2B	sgRNA_22066070.22068679_22068586_gene	candidate
CDKN2B-AS1	sgRNA_22066070.22068679_22068586_gene	candidate
p16.dialup	sgRNA_22066070.22068679_22068586_gene	candidate
MTAP	sgRNA_22066070.22068679_22068586_gene	candidate
DMRTA1	sgRNA_22066070.22068679_22068586_gene	candidate
IFNB1	sgRNA_22066070.22068679_22068586_gene	candidate
IFNE	sgRNA_22066070.22068679_22068586_gene	candidate
IFNWP19	sgRNA_22066070.22068679_22068586_gene	candidate
p14.dialup	sgRNA_22066070.22068679_22068586_gene	candidate
CDKN2B	sgRNA_22075783.22076079_22075788_gene	candidate
CDKN2B-AS1	sgRNA_22075783.22076079_22075788_gene	candidate
p16.dialup	sgRNA_22075783.22076079_22075788_gene	candidate
MTAP	sgRNA_22075783.22076079_22075788_gene	candidate
DMRTA1	sgRNA_22075783.22076079_22075788_gene	candidate
IFNB1	sgRNA_22075783.22076079_22075788_gene	candidate
IFNE	sgRNA_22075783.22076079_22075788_gene	candidate
IFNWP19	sgRNA_22075783.22076079_22075788_gene	candidate
p14.dialup	sgRNA_22075783.22076079_22075788_gene	candidate
CDKN2B	sgRNA_22075783.22076079_22075948_gene	candidate
CDKN2B-AS1	sgRNA_22075783.22076079_22075948_gene	candidate
p16.dialup	sgRNA_22075783.22076079_22075948_gene	candidate
MTAP	sgRNA_22075783.22076079_22075948_gene	candidate
DMRTA1	sgRNA_22075783.22076079_22075948_gene	candidate
IFNB1	sgRNA_22075783.22076079_22075948_gene	candidate
IFNE	sgRNA_22075783.22076079_22075948_gene	candidate
IFNWP19	sgRNA_22075783.22076079_22075948_gene	candidate
p14.dialup	sgRNA_22075783.22076079_22075948_gene	candidate
CDKN2B	sgRNA_22075783.22076079_22076039_gene	candidate
CDKN2B-AS1	sgRNA_22075783.22076079_22076039_gene	candidate
p16.dialup	sgRNA_22075783.22076079_22076039_gene	candidate
MTAP	sgRNA_22075783.22076079_22076039_gene	candidate
DMRTA1	sgRNA_22075783.22076079_22076039_gene	candidate
IFNB1	sgRNA_22075783.22076079_22076039_gene	candidate
IFNE	sgRNA_22075783.22076079_22076039_gene	candidate
IFNWP19	sgRNA_22075783.22076079_22076039_gene	candidate
p14.dialup	sgRNA_22075783.22076079_22076039_gene	candidate
CDKN2B	sgRNA_22078077.22078428_22078227_gene	candidate
CDKN2B-AS1	sgRNA_22078077.22078428_22078227_gene	candidate
p16.dialup	sgRNA_22078077.22078428_22078227_gene	candidate
MTAP	sgRNA_22078077.22078428_22078227_gene	candidate
DMRTA1	sgRNA_22078077.22078428_22078227_gene	candidate
IFNB1	sgRNA_22078077.22078428_22078227_gene	candidate
IFNE	sgRNA_22078077.22078428_22078227_gene	candidate
IFNWP19	sgRNA_22078077.22078428_22078227_gene	candidate
p14.dialup	sgRNA_22078077.22078428_22078227_gene	candidate
CDKN2B	sgRNA_22078077.22078428_22078296_gene	candidate
CDKN2B-AS1	sgRNA_22078077.22078428_22078296_gene	candidate
p16.dialup	sgRNA_22078077.22078428_22078296_gene	candidate
MTAP	sgRNA_22078077.22078428_22078296_gene	candidate
DMRTA1	sgRNA_22078077.22078428_22078296_gene	candidate
IFNB1	sgRNA_22078077.22078428_22078296_gene	candidate
IFNE	sgRNA_22078077.22078428_22078296_gene	candidate
IFNWP19	sgRNA_22078077.22078428_22078296_gene	candidate
p14.dialup	sgRNA_22078077.22078428_22078296_gene	candidate
CDKN2B	sgRNA_22078077.22078428_22078348_gene	candidate
CDKN2B-AS1	sgRNA_22078077.22078428_22078348_gene	candidate
p16.dialup	sgRNA_22078077.22078428_22078348_gene	candidate
MTAP	sgRNA_22078077.22078428_22078348_gene	candidate
DMRTA1	sgRNA_22078077.22078428_22078348_gene	candidate
IFNB1	sgRNA_22078077.22078428_22078348_gene	candidate
IFNE	sgRNA_22078077.22078428_22078348_gene	candidate
IFNWP19	sgRNA_22078077.22078428_22078348_gene	candidate
p14.dialup	sgRNA_22078077.22078428_22078348_gene	candidate
CDKN2B	sgRNA_22078077.22078428_22078355_gene	candidate
CDKN2B-AS1	sgRNA_22078077.22078428_22078355_gene	candidate
p16.dialup	sgRNA_22078077.22078428_22078355_gene	candidate
MTAP	sgRNA_22078077.22078428_22078355_gene	candidate
DMRTA1	sgRNA_22078077.22078428_22078355_gene	candidate
IFNB1	sgRNA_22078077.22078428_22078355_gene	candidate
IFNE	sgRNA_22078077.22078428_22078355_gene	candidate
IFNWP19	sgRNA_22078077.22078428_22078355_gene	candidate
p14.dialup	sgRNA_22078077.22078428_22078355_gene	candidate
CDKN2B	sgRNA_22078478.22078659_22078492_gene	candidate
CDKN2B-AS1	sgRNA_22078478.22078659_22078492_gene	candidate
p16.dialup	sgRNA_22078478.22078659_22078492_gene	candidate
MTAP	sgRNA_22078478.22078659_22078492_gene	candidate
DMRTA1	sgRNA_22078478.22078659_22078492_gene	candidate
IFNB1	sgRNA_22078478.22078659_22078492_gene	candidate
IFNE	sgRNA_22078478.22078659_22078492_gene	candidate
IFNWP19	sgRNA_22078478.22078659_22078492_gene	candidate
p14.dialup	sgRNA_22078478.22078659_22078492_gene	candidate
CDKN2B	sgRNA_22078478.22078659_22078521_gene	candidate
CDKN2B-AS1	sgRNA_22078478.22078659_22078521_gene	candidate
p16.dialup	sgRNA_22078478.22078659_22078521_gene	candidate
MTAP	sgRNA_22078478.22078659_22078521_gene	candidate
DMRTA1	sgRNA_22078478.22078659_22078521_gene	candidate
IFNB1	sgRNA_22078478.22078659_22078521_gene	candidate
IFNE	sgRNA_22078478.22078659_22078521_gene	candidate
IFNWP19	sgRNA_22078478.22078659_22078521_gene	candidate
p14.dialup	sgRNA_22078478.22078659_22078521_gene	candidate
CDKN2B	sgRNA_22078478.22078659_22078548_gene	candidate
CDKN2B-AS1	sgRNA_22078478.22078659_22078548_gene	candidate
p16.dialup	sgRNA_22078478.22078659_22078548_gene	candidate
MTAP	sgRNA_22078478.22078659_22078548_gene	candidate
DMRTA1	sgRNA_22078478.22078659_22078548_gene	candidate
IFNB1	sgRNA_22078478.22078659_22078548_gene	candidate
IFNE	sgRNA_22078478.22078659_22078548_gene	candidate
IFNWP19	sgRNA_22078478.22078659_22078548_gene	candidate
p14.dialup	sgRNA_22078478.22078659_22078548_gene	candidate
CDKN2B	sgRNA_22078478.22078659_22078591_gene	candidate
CDKN2B-AS1	sgRNA_22078478.22078659_22078591_gene	candidate
p16.dialup	sgRNA_22078478.22078659_22078591_gene	candidate
MTAP	sgRNA_22078478.22078659_22078591_gene	candidate
DMRTA1	sgRNA_22078478.22078659_22078591_gene	candidate
IFNB1	sgRNA_22078478.22078659_22078591_gene	candidate
IFNE	sgRNA_22078478.22078659_22078591_gene	candidate
IFNWP19	sgRNA_22078478.22078659_22078591_gene	candidate
p14.dialup	sgRNA_22078478.22078659_22078591_gene	candidate
CDKN2B	sgRNA_22079897.22080362_22079919_gene	candidate
CDKN2B-AS1	sgRNA_22079897.22080362_22079919_gene	candidate
p16.dialup	sgRNA_22079897.22080362_22079919_gene	candidate
MTAP	sgRNA_22079897.22080362_22079919_gene	candidate
DMRTA1	sgRNA_22079897.22080362_22079919_gene	candidate
IFNB1	sgRNA_22079897.22080362_22079919_gene	candidate
IFNE	sgRNA_22079897.22080362_22079919_gene	candidate
IFNWP19	sgRNA_22079897.22080362_22079919_gene	candidate
p14.dialup	sgRNA_22079897.22080362_22079919_gene	candidate
CDKN2B	sgRNA_22079897.22080362_22079927_gene	candidate
CDKN2B-AS1	sgRNA_22079897.22080362_22079927_gene	candidate
p16.dialup	sgRNA_22079897.22080362_22079927_gene	candidate
MTAP	sgRNA_22079897.22080362_22079927_gene	candidate
DMRTA1	sgRNA_22079897.22080362_22079927_gene	candidate
IFNB1	sgRNA_22079897.22080362_22079927_gene	candidate
IFNE	sgRNA_22079897.22080362_22079927_gene	candidate
IFNWP19	sgRNA_22079897.22080362_22079927_gene	candidate
p14.dialup	sgRNA_22079897.22080362_22079927_gene	candidate
CDKN2B	sgRNA_22079897.22080362_22080067_gene	candidate
CDKN2B-AS1	sgRNA_22079897.22080362_22080067_gene	candidate
p16.dialup	sgRNA_22079897.22080362_22080067_gene	candidate
MTAP	sgRNA_22079897.22080362_22080067_gene	candidate
DMRTA1	sgRNA_22079897.22080362_22080067_gene	candidate
IFNB1	sgRNA_22079897.22080362_22080067_gene	candidate
IFNE	sgRNA_22079897.22080362_22080067_gene	candidate
IFNWP19	sgRNA_22079897.22080362_22080067_gene	candidate
p14.dialup	sgRNA_22079897.22080362_22080067_gene	candidate
CDKN2B	sgRNA_22079897.22080362_22080188_gene	candidate
CDKN2B-AS1	sgRNA_22079897.22080362_22080188_gene	candidate
p16.dialup	sgRNA_22079897.22080362_22080188_gene	candidate
MTAP	sgRNA_22079897.22080362_22080188_gene	candidate
DMRTA1	sgRNA_22079897.22080362_22080188_gene	candidate
IFNB1	sgRNA_22079897.22080362_22080188_gene	candidate
IFNE	sgRNA_22079897.22080362_22080188_gene	candidate
IFNWP19	sgRNA_22079897.22080362_22080188_gene	candidate
p14.dialup	sgRNA_22079897.22080362_22080188_gene	candidate
CDKN2B	sgRNA_22083329.22083491_22083409_gene	candidate
CDKN2B-AS1	sgRNA_22083329.22083491_22083409_gene	candidate
p16.dialup	sgRNA_22083329.22083491_22083409_gene	candidate
MTAP	sgRNA_22083329.22083491_22083409_gene	candidate
DMRTA1	sgRNA_22083329.22083491_22083409_gene	candidate
IFNB1	sgRNA_22083329.22083491_22083409_gene	candidate
IFNE	sgRNA_22083329.22083491_22083409_gene	candidate
IFNWP19	sgRNA_22083329.22083491_22083409_gene	candidate
p14.dialup	sgRNA_22083329.22083491_22083409_gene	candidate
CDKN2B	sgRNA_22083329.22083491_22083441_gene	candidate
CDKN2B-AS1	sgRNA_22083329.22083491_22083441_gene	candidate
p16.dialup	sgRNA_22083329.22083491_22083441_gene	candidate
MTAP	sgRNA_22083329.22083491_22083441_gene	candidate
DMRTA1	sgRNA_22083329.22083491_22083441_gene	candidate
IFNB1	sgRNA_22083329.22083491_22083441_gene	candidate
IFNE	sgRNA_22083329.22083491_22083441_gene	candidate
IFNWP19	sgRNA_22083329.22083491_22083441_gene	candidate
p14.dialup	sgRNA_22083329.22083491_22083441_gene	candidate
CDKN2B	sgRNA_22083329.22083491_22083465_gene	candidate
CDKN2B-AS1	sgRNA_22083329.22083491_22083465_gene	candidate
p16.dialup	sgRNA_22083329.22083491_22083465_gene	candidate
MTAP	sgRNA_22083329.22083491_22083465_gene	candidate
DMRTA1	sgRNA_22083329.22083491_22083465_gene	candidate
IFNB1	sgRNA_22083329.22083491_22083465_gene	candidate
IFNE	sgRNA_22083329.22083491_22083465_gene	candidate
IFNWP19	sgRNA_22083329.22083491_22083465_gene	candidate
p14.dialup	sgRNA_22083329.22083491_22083465_gene	candidate
CDKN2B	sgRNA_22084660.22085153_22084801_gene	candidate
CDKN2B-AS1	sgRNA_22084660.22085153_22084801_gene	candidate
p16.dialup	sgRNA_22084660.22085153_22084801_gene	candidate
MTAP	sgRNA_22084660.22085153_22084801_gene	candidate
DMRTA1	sgRNA_22084660.22085153_22084801_gene	candidate
IFNB1	sgRNA_22084660.22085153_22084801_gene	candidate
IFNE	sgRNA_22084660.22085153_22084801_gene	candidate
IFNWP19	sgRNA_22084660.22085153_22084801_gene	candidate
p14.dialup	sgRNA_22084660.22085153_22084801_gene	candidate
CDKN2B	sgRNA_22084660.22085153_22084872_gene	candidate
CDKN2B-AS1	sgRNA_22084660.22085153_22084872_gene	candidate
p16.dialup	sgRNA_22084660.22085153_22084872_gene	candidate
MTAP	sgRNA_22084660.22085153_22084872_gene	candidate
DMRTA1	sgRNA_22084660.22085153_22084872_gene	candidate
IFNB1	sgRNA_22084660.22085153_22084872_gene	candidate
IFNE	sgRNA_22084660.22085153_22084872_gene	candidate
IFNWP19	sgRNA_22084660.22085153_22084872_gene	candidate
p14.dialup	sgRNA_22084660.22085153_22084872_gene	candidate
CDKN2B	sgRNA_22084660.22085153_22084892_gene	candidate
CDKN2B-AS1	sgRNA_22084660.22085153_22084892_gene	candidate
p16.dialup	sgRNA_22084660.22085153_22084892_gene	candidate
MTAP	sgRNA_22084660.22085153_22084892_gene	candidate
DMRTA1	sgRNA_22084660.22085153_22084892_gene	candidate
IFNB1	sgRNA_22084660.22085153_22084892_gene	candidate
IFNE	sgRNA_22084660.22085153_22084892_gene	candidate
IFNWP19	sgRNA_22084660.22085153_22084892_gene	candidate
p14.dialup	sgRNA_22084660.22085153_22084892_gene	candidate
CDKN2B	sgRNA_22084660.22085153_22084983_gene	candidate
CDKN2B-AS1	sgRNA_22084660.22085153_22084983_gene	candidate
p16.dialup	sgRNA_22084660.22085153_22084983_gene	candidate
MTAP	sgRNA_22084660.22085153_22084983_gene	candidate
DMRTA1	sgRNA_22084660.22085153_22084983_gene	candidate
IFNB1	sgRNA_22084660.22085153_22084983_gene	candidate
IFNE	sgRNA_22084660.22085153_22084983_gene	candidate
IFNWP19	sgRNA_22084660.22085153_22084983_gene	candidate
p14.dialup	sgRNA_22084660.22085153_22084983_gene	candidate
CDKN2B	sgRNA_22088687.22089037_22088902_gene	candidate
CDKN2B-AS1	sgRNA_22088687.22089037_22088902_gene	candidate
p16.dialup	sgRNA_22088687.22089037_22088902_gene	candidate
MTAP	sgRNA_22088687.22089037_22088902_gene	candidate
DMRTA1	sgRNA_22088687.22089037_22088902_gene	candidate
IFNB1	sgRNA_22088687.22089037_22088902_gene	candidate
IFNE	sgRNA_22088687.22089037_22088902_gene	candidate
IFNWP19	sgRNA_22088687.22089037_22088902_gene	candidate
p14.dialup	sgRNA_22088687.22089037_22088902_gene	candidate
CDKN2B	sgRNA_22088687.22089037_22088910_gene	candidate
CDKN2B-AS1	sgRNA_22088687.22089037_22088910_gene	candidate
p16.dialup	sgRNA_22088687.22089037_22088910_gene	candidate
MTAP	sgRNA_22088687.22089037_22088910_gene	candidate
DMRTA1	sgRNA_22088687.22089037_22088910_gene	candidate
IFNB1	sgRNA_22088687.22089037_22088910_gene	candidate
IFNE	sgRNA_22088687.22089037_22088910_gene	candidate
IFNWP19	sgRNA_22088687.22089037_22088910_gene	candidate
p14.dialup	sgRNA_22088687.22089037_22088910_gene	candidate
CDKN2B	sgRNA_22088687.22089037_22088926_gene	candidate
CDKN2B-AS1	sgRNA_22088687.22089037_22088926_gene	candidate
p16.dialup	sgRNA_22088687.22089037_22088926_gene	candidate
MTAP	sgRNA_22088687.22089037_22088926_gene	candidate
DMRTA1	sgRNA_22088687.22089037_22088926_gene	candidate
IFNB1	sgRNA_22088687.22089037_22088926_gene	candidate
IFNE	sgRNA_22088687.22089037_22088926_gene	candidate
IFNWP19	sgRNA_22088687.22089037_22088926_gene	candidate
p14.dialup	sgRNA_22088687.22089037_22088926_gene	candidate
CDKN2B	sgRNA_22088687.22089037_22088973_gene	candidate
CDKN2B-AS1	sgRNA_22088687.22089037_22088973_gene	candidate
p16.dialup	sgRNA_22088687.22089037_22088973_gene	candidate
MTAP	sgRNA_22088687.22089037_22088973_gene	candidate
DMRTA1	sgRNA_22088687.22089037_22088973_gene	candidate
IFNB1	sgRNA_22088687.22089037_22088973_gene	candidate
IFNE	sgRNA_22088687.22089037_22088973_gene	candidate
IFNWP19	sgRNA_22088687.22089037_22088973_gene	candidate
p14.dialup	sgRNA_22088687.22089037_22088973_gene	candidate
CDKN2B	sgRNA_22097733.22098066_22097842_gene	candidate
CDKN2B-AS1	sgRNA_22097733.22098066_22097842_gene	candidate
p16.dialup	sgRNA_22097733.22098066_22097842_gene	candidate
MTAP	sgRNA_22097733.22098066_22097842_gene	candidate
DMRTA1	sgRNA_22097733.22098066_22097842_gene	candidate
IFNB1	sgRNA_22097733.22098066_22097842_gene	candidate
IFNE	sgRNA_22097733.22098066_22097842_gene	candidate
IFNWP19	sgRNA_22097733.22098066_22097842_gene	candidate
p14.dialup	sgRNA_22097733.22098066_22097842_gene	candidate
CDKN2B	sgRNA_22097733.22098066_22098022_gene	candidate
CDKN2B-AS1	sgRNA_22097733.22098066_22098022_gene	candidate
p16.dialup	sgRNA_22097733.22098066_22098022_gene	candidate
MTAP	sgRNA_22097733.22098066_22098022_gene	candidate
DMRTA1	sgRNA_22097733.22098066_22098022_gene	candidate
IFNB1	sgRNA_22097733.22098066_22098022_gene	candidate
IFNE	sgRNA_22097733.22098066_22098022_gene	candidate
IFNWP19	sgRNA_22097733.22098066_22098022_gene	candidate
p14.dialup	sgRNA_22097733.22098066_22098022_gene	candidate
CDKN2B	sgRNA_22097733.22098066_22098036_gene	candidate
CDKN2B-AS1	sgRNA_22097733.22098066_22098036_gene	candidate
p16.dialup	sgRNA_22097733.22098066_22098036_gene	candidate
MTAP	sgRNA_22097733.22098066_22098036_gene	candidate
DMRTA1	sgRNA_22097733.22098066_22098036_gene	candidate
IFNB1	sgRNA_22097733.22098066_22098036_gene	candidate
IFNE	sgRNA_22097733.22098066_22098036_gene	candidate
IFNWP19	sgRNA_22097733.22098066_22098036_gene	candidate
p14.dialup	sgRNA_22097733.22098066_22098036_gene	candidate
CDKN2B	sgRNA_22098665.22099204_22098830_gene	candidate
CDKN2B-AS1	sgRNA_22098665.22099204_22098830_gene	candidate
p16.dialup	sgRNA_22098665.22099204_22098830_gene	candidate
MTAP	sgRNA_22098665.22099204_22098830_gene	candidate
DMRTA1	sgRNA_22098665.22099204_22098830_gene	candidate
IFNB1	sgRNA_22098665.22099204_22098830_gene	candidate
IFNE	sgRNA_22098665.22099204_22098830_gene	candidate
IFNWP19	sgRNA_22098665.22099204_22098830_gene	candidate
p14.dialup	sgRNA_22098665.22099204_22098830_gene	candidate
CDKN2B	sgRNA_22098665.22099204_22098835_gene	candidate
CDKN2B-AS1	sgRNA_22098665.22099204_22098835_gene	candidate
p16.dialup	sgRNA_22098665.22099204_22098835_gene	candidate
MTAP	sgRNA_22098665.22099204_22098835_gene	candidate
DMRTA1	sgRNA_22098665.22099204_22098835_gene	candidate
IFNB1	sgRNA_22098665.22099204_22098835_gene	candidate
IFNE	sgRNA_22098665.22099204_22098835_gene	candidate
IFNWP19	sgRNA_22098665.22099204_22098835_gene	candidate
p14.dialup	sgRNA_22098665.22099204_22098835_gene	candidate
CDKN2B	sgRNA_22098665.22099204_22099064_gene	candidate
CDKN2B-AS1	sgRNA_22098665.22099204_22099064_gene	candidate
p16.dialup	sgRNA_22098665.22099204_22099064_gene	candidate
MTAP	sgRNA_22098665.22099204_22099064_gene	candidate
DMRTA1	sgRNA_22098665.22099204_22099064_gene	candidate
IFNB1	sgRNA_22098665.22099204_22099064_gene	candidate
IFNE	sgRNA_22098665.22099204_22099064_gene	candidate
IFNWP19	sgRNA_22098665.22099204_22099064_gene	candidate
p14.dialup	sgRNA_22098665.22099204_22099064_gene	candidate
CDKN2B	sgRNA_22098665.22099204_22099151_gene	candidate
CDKN2B-AS1	sgRNA_22098665.22099204_22099151_gene	candidate
p16.dialup	sgRNA_22098665.22099204_22099151_gene	candidate
MTAP	sgRNA_22098665.22099204_22099151_gene	candidate
DMRTA1	sgRNA_22098665.22099204_22099151_gene	candidate
IFNB1	sgRNA_22098665.22099204_22099151_gene	candidate
IFNE	sgRNA_22098665.22099204_22099151_gene	candidate
IFNWP19	sgRNA_22098665.22099204_22099151_gene	candidate
p14.dialup	sgRNA_22098665.22099204_22099151_gene	candidate
CDKN2B	sgRNA_22100742.22100978_22100775_gene	candidate
CDKN2B-AS1	sgRNA_22100742.22100978_22100775_gene	candidate
p16.dialup	sgRNA_22100742.22100978_22100775_gene	candidate
MTAP	sgRNA_22100742.22100978_22100775_gene	candidate
DMRTA1	sgRNA_22100742.22100978_22100775_gene	candidate
IFNB1	sgRNA_22100742.22100978_22100775_gene	candidate
IFNE	sgRNA_22100742.22100978_22100775_gene	candidate
IFNWP19	sgRNA_22100742.22100978_22100775_gene	candidate
p14.dialup	sgRNA_22100742.22100978_22100775_gene	candidate
CDKN2B	sgRNA_22100742.22100978_22100844_gene	candidate
CDKN2B-AS1	sgRNA_22100742.22100978_22100844_gene	candidate
p16.dialup	sgRNA_22100742.22100978_22100844_gene	candidate
MTAP	sgRNA_22100742.22100978_22100844_gene	candidate
DMRTA1	sgRNA_22100742.22100978_22100844_gene	candidate
IFNB1	sgRNA_22100742.22100978_22100844_gene	candidate
IFNE	sgRNA_22100742.22100978_22100844_gene	candidate
IFNWP19	sgRNA_22100742.22100978_22100844_gene	candidate
p14.dialup	sgRNA_22100742.22100978_22100844_gene	candidate
CDKN2B	sgRNA_22100742.22100978_22100855_gene	candidate
CDKN2B-AS1	sgRNA_22100742.22100978_22100855_gene	candidate
p16.dialup	sgRNA_22100742.22100978_22100855_gene	candidate
MTAP	sgRNA_22100742.22100978_22100855_gene	candidate
DMRTA1	sgRNA_22100742.22100978_22100855_gene	candidate
IFNB1	sgRNA_22100742.22100978_22100855_gene	candidate
IFNE	sgRNA_22100742.22100978_22100855_gene	candidate
IFNWP19	sgRNA_22100742.22100978_22100855_gene	candidate
p14.dialup	sgRNA_22100742.22100978_22100855_gene	candidate
CDKN2B	sgRNA_22100742.22100978_22100939_gene	candidate
CDKN2B-AS1	sgRNA_22100742.22100978_22100939_gene	candidate
p16.dialup	sgRNA_22100742.22100978_22100939_gene	candidate
MTAP	sgRNA_22100742.22100978_22100939_gene	candidate
DMRTA1	sgRNA_22100742.22100978_22100939_gene	candidate
IFNB1	sgRNA_22100742.22100978_22100939_gene	candidate
IFNE	sgRNA_22100742.22100978_22100939_gene	candidate
IFNWP19	sgRNA_22100742.22100978_22100939_gene	candidate
p14.dialup	sgRNA_22100742.22100978_22100939_gene	candidate
CDKN2B	sgRNA_22102660.22103014_22102834_gene	candidate
CDKN2B-AS1	sgRNA_22102660.22103014_22102834_gene	candidate
p16.dialup	sgRNA_22102660.22103014_22102834_gene	candidate
MTAP	sgRNA_22102660.22103014_22102834_gene	candidate
DMRTA1	sgRNA_22102660.22103014_22102834_gene	candidate
IFNB1	sgRNA_22102660.22103014_22102834_gene	candidate
IFNE	sgRNA_22102660.22103014_22102834_gene	candidate
IFNWP19	sgRNA_22102660.22103014_22102834_gene	candidate
p14.dialup	sgRNA_22102660.22103014_22102834_gene	candidate
CDKN2B	sgRNA_22102660.22103014_22102863_gene	candidate
CDKN2B-AS1	sgRNA_22102660.22103014_22102863_gene	candidate
p16.dialup	sgRNA_22102660.22103014_22102863_gene	candidate
MTAP	sgRNA_22102660.22103014_22102863_gene	candidate
DMRTA1	sgRNA_22102660.22103014_22102863_gene	candidate
IFNB1	sgRNA_22102660.22103014_22102863_gene	candidate
IFNE	sgRNA_22102660.22103014_22102863_gene	candidate
IFNWP19	sgRNA_22102660.22103014_22102863_gene	candidate
p14.dialup	sgRNA_22102660.22103014_22102863_gene	candidate
CDKN2B	sgRNA_22102660.22103014_22102892_gene	candidate
CDKN2B-AS1	sgRNA_22102660.22103014_22102892_gene	candidate
p16.dialup	sgRNA_22102660.22103014_22102892_gene	candidate
MTAP	sgRNA_22102660.22103014_22102892_gene	candidate
DMRTA1	sgRNA_22102660.22103014_22102892_gene	candidate
IFNB1	sgRNA_22102660.22103014_22102892_gene	candidate
IFNE	sgRNA_22102660.22103014_22102892_gene	candidate
IFNWP19	sgRNA_22102660.22103014_22102892_gene	candidate
p14.dialup	sgRNA_22102660.22103014_22102892_gene	candidate
CDKN2B	sgRNA_22102660.22103014_22102936_gene	candidate
CDKN2B-AS1	sgRNA_22102660.22103014_22102936_gene	candidate
p16.dialup	sgRNA_22102660.22103014_22102936_gene	candidate
MTAP	sgRNA_22102660.22103014_22102936_gene	candidate
DMRTA1	sgRNA_22102660.22103014_22102936_gene	candidate
IFNB1	sgRNA_22102660.22103014_22102936_gene	candidate
IFNE	sgRNA_22102660.22103014_22102936_gene	candidate
IFNWP19	sgRNA_22102660.22103014_22102936_gene	candidate
p14.dialup	sgRNA_22102660.22103014_22102936_gene	candidate
CDKN2B	sgRNA_22103197.22103638_22103368_gene	candidate
CDKN2B-AS1	sgRNA_22103197.22103638_22103368_gene	candidate
p16.dialup	sgRNA_22103197.22103638_22103368_gene	candidate
MTAP	sgRNA_22103197.22103638_22103368_gene	candidate
DMRTA1	sgRNA_22103197.22103638_22103368_gene	candidate
IFNB1	sgRNA_22103197.22103638_22103368_gene	candidate
IFNE	sgRNA_22103197.22103638_22103368_gene	candidate
IFNWP19	sgRNA_22103197.22103638_22103368_gene	candidate
p14.dialup	sgRNA_22103197.22103638_22103368_gene	candidate
CDKN2B	sgRNA_22103197.22103638_22103513_gene	candidate
CDKN2B-AS1	sgRNA_22103197.22103638_22103513_gene	candidate
p16.dialup	sgRNA_22103197.22103638_22103513_gene	candidate
MTAP	sgRNA_22103197.22103638_22103513_gene	candidate
DMRTA1	sgRNA_22103197.22103638_22103513_gene	candidate
IFNB1	sgRNA_22103197.22103638_22103513_gene	candidate
IFNE	sgRNA_22103197.22103638_22103513_gene	candidate
IFNWP19	sgRNA_22103197.22103638_22103513_gene	candidate
p14.dialup	sgRNA_22103197.22103638_22103513_gene	candidate
CDKN2B	sgRNA_22103197.22103638_22103560_gene	candidate
CDKN2B-AS1	sgRNA_22103197.22103638_22103560_gene	candidate
p16.dialup	sgRNA_22103197.22103638_22103560_gene	candidate
MTAP	sgRNA_22103197.22103638_22103560_gene	candidate
DMRTA1	sgRNA_22103197.22103638_22103560_gene	candidate
IFNB1	sgRNA_22103197.22103638_22103560_gene	candidate
IFNE	sgRNA_22103197.22103638_22103560_gene	candidate
IFNWP19	sgRNA_22103197.22103638_22103560_gene	candidate
p14.dialup	sgRNA_22103197.22103638_22103560_gene	candidate
CDKN2B	sgRNA_22107196.22107619_22107228_gene	candidate
CDKN2B-AS1	sgRNA_22107196.22107619_22107228_gene	candidate
p16.dialup	sgRNA_22107196.22107619_22107228_gene	candidate
MTAP	sgRNA_22107196.22107619_22107228_gene	candidate
DMRTA1	sgRNA_22107196.22107619_22107228_gene	candidate
IFNB1	sgRNA_22107196.22107619_22107228_gene	candidate
IFNE	sgRNA_22107196.22107619_22107228_gene	candidate
IFNWP19	sgRNA_22107196.22107619_22107228_gene	candidate
p14.dialup	sgRNA_22107196.22107619_22107228_gene	candidate
CDKN2B	sgRNA_22107196.22107619_22107295_gene	candidate
CDKN2B-AS1	sgRNA_22107196.22107619_22107295_gene	candidate
p16.dialup	sgRNA_22107196.22107619_22107295_gene	candidate
MTAP	sgRNA_22107196.22107619_22107295_gene	candidate
DMRTA1	sgRNA_22107196.22107619_22107295_gene	candidate
IFNB1	sgRNA_22107196.22107619_22107295_gene	candidate
IFNE	sgRNA_22107196.22107619_22107295_gene	candidate
IFNWP19	sgRNA_22107196.22107619_22107295_gene	candidate
p14.dialup	sgRNA_22107196.22107619_22107295_gene	candidate
CDKN2B	sgRNA_22107196.22107619_22107334_gene	candidate
CDKN2B-AS1	sgRNA_22107196.22107619_22107334_gene	candidate
p16.dialup	sgRNA_22107196.22107619_22107334_gene	candidate
MTAP	sgRNA_22107196.22107619_22107334_gene	candidate
DMRTA1	sgRNA_22107196.22107619_22107334_gene	candidate
IFNB1	sgRNA_22107196.22107619_22107334_gene	candidate
IFNE	sgRNA_22107196.22107619_22107334_gene	candidate
IFNWP19	sgRNA_22107196.22107619_22107334_gene	candidate
p14.dialup	sgRNA_22107196.22107619_22107334_gene	candidate
CDKN2B	sgRNA_22107196.22107619_22107369_gene	candidate
CDKN2B-AS1	sgRNA_22107196.22107619_22107369_gene	candidate
p16.dialup	sgRNA_22107196.22107619_22107369_gene	candidate
MTAP	sgRNA_22107196.22107619_22107369_gene	candidate
DMRTA1	sgRNA_22107196.22107619_22107369_gene	candidate
IFNB1	sgRNA_22107196.22107619_22107369_gene	candidate
IFNE	sgRNA_22107196.22107619_22107369_gene	candidate
IFNWP19	sgRNA_22107196.22107619_22107369_gene	candidate
p14.dialup	sgRNA_22107196.22107619_22107369_gene	candidate
CDKN2B	sgRNA_22107679.22107951_22107794_gene	candidate
CDKN2B-AS1	sgRNA_22107679.22107951_22107794_gene	candidate
p16.dialup	sgRNA_22107679.22107951_22107794_gene	candidate
MTAP	sgRNA_22107679.22107951_22107794_gene	candidate
DMRTA1	sgRNA_22107679.22107951_22107794_gene	candidate
IFNB1	sgRNA_22107679.22107951_22107794_gene	candidate
IFNE	sgRNA_22107679.22107951_22107794_gene	candidate
IFNWP19	sgRNA_22107679.22107951_22107794_gene	candidate
p14.dialup	sgRNA_22107679.22107951_22107794_gene	candidate
CDKN2B	sgRNA_22107679.22107951_22107843_gene	candidate
CDKN2B-AS1	sgRNA_22107679.22107951_22107843_gene	candidate
p16.dialup	sgRNA_22107679.22107951_22107843_gene	candidate
MTAP	sgRNA_22107679.22107951_22107843_gene	candidate
DMRTA1	sgRNA_22107679.22107951_22107843_gene	candidate
IFNB1	sgRNA_22107679.22107951_22107843_gene	candidate
IFNE	sgRNA_22107679.22107951_22107843_gene	candidate
IFNWP19	sgRNA_22107679.22107951_22107843_gene	candidate
p14.dialup	sgRNA_22107679.22107951_22107843_gene	candidate
CDKN2B	sgRNA_22107679.22107951_22107871_gene	candidate
CDKN2B-AS1	sgRNA_22107679.22107951_22107871_gene	candidate
p16.dialup	sgRNA_22107679.22107951_22107871_gene	candidate
MTAP	sgRNA_22107679.22107951_22107871_gene	candidate
DMRTA1	sgRNA_22107679.22107951_22107871_gene	candidate
IFNB1	sgRNA_22107679.22107951_22107871_gene	candidate
IFNE	sgRNA_22107679.22107951_22107871_gene	candidate
IFNWP19	sgRNA_22107679.22107951_22107871_gene	candidate
p14.dialup	sgRNA_22107679.22107951_22107871_gene	candidate
CDKN2B	sgRNA_22107679.22107951_22107887_gene	candidate
CDKN2B-AS1	sgRNA_22107679.22107951_22107887_gene	candidate
p16.dialup	sgRNA_22107679.22107951_22107887_gene	candidate
MTAP	sgRNA_22107679.22107951_22107887_gene	candidate
DMRTA1	sgRNA_22107679.22107951_22107887_gene	candidate
IFNB1	sgRNA_22107679.22107951_22107887_gene	candidate
IFNE	sgRNA_22107679.22107951_22107887_gene	candidate
IFNWP19	sgRNA_22107679.22107951_22107887_gene	candidate
p14.dialup	sgRNA_22107679.22107951_22107887_gene	candidate
CDKN2B	sgRNA_22108542.22108924_22108544_gene	candidate
CDKN2B-AS1	sgRNA_22108542.22108924_22108544_gene	candidate
p16.dialup	sgRNA_22108542.22108924_22108544_gene	candidate
MTAP	sgRNA_22108542.22108924_22108544_gene	candidate
DMRTA1	sgRNA_22108542.22108924_22108544_gene	candidate
IFNB1	sgRNA_22108542.22108924_22108544_gene	candidate
IFNE	sgRNA_22108542.22108924_22108544_gene	candidate
IFNWP19	sgRNA_22108542.22108924_22108544_gene	candidate
p14.dialup	sgRNA_22108542.22108924_22108544_gene	candidate
CDKN2B	sgRNA_22108542.22108924_22108774_gene	candidate
CDKN2B-AS1	sgRNA_22108542.22108924_22108774_gene	candidate
p16.dialup	sgRNA_22108542.22108924_22108774_gene	candidate
MTAP	sgRNA_22108542.22108924_22108774_gene	candidate
DMRTA1	sgRNA_22108542.22108924_22108774_gene	candidate
IFNB1	sgRNA_22108542.22108924_22108774_gene	candidate
IFNE	sgRNA_22108542.22108924_22108774_gene	candidate
IFNWP19	sgRNA_22108542.22108924_22108774_gene	candidate
p14.dialup	sgRNA_22108542.22108924_22108774_gene	candidate
CDKN2B	sgRNA_22108542.22108924_22108812_gene	candidate
CDKN2B-AS1	sgRNA_22108542.22108924_22108812_gene	candidate
p16.dialup	sgRNA_22108542.22108924_22108812_gene	candidate
MTAP	sgRNA_22108542.22108924_22108812_gene	candidate
DMRTA1	sgRNA_22108542.22108924_22108812_gene	candidate
IFNB1	sgRNA_22108542.22108924_22108812_gene	candidate
IFNE	sgRNA_22108542.22108924_22108812_gene	candidate
IFNWP19	sgRNA_22108542.22108924_22108812_gene	candidate
p14.dialup	sgRNA_22108542.22108924_22108812_gene	candidate
CDKN2B	sgRNA_22108542.22108924_22108818_gene	candidate
CDKN2B-AS1	sgRNA_22108542.22108924_22108818_gene	candidate
p16.dialup	sgRNA_22108542.22108924_22108818_gene	candidate
MTAP	sgRNA_22108542.22108924_22108818_gene	candidate
DMRTA1	sgRNA_22108542.22108924_22108818_gene	candidate
IFNB1	sgRNA_22108542.22108924_22108818_gene	candidate
IFNE	sgRNA_22108542.22108924_22108818_gene	candidate
IFNWP19	sgRNA_22108542.22108924_22108818_gene	candidate
p14.dialup	sgRNA_22108542.22108924_22108818_gene	candidate
CDKN2B	sgRNA_22109107.22109299_22109107_gene	candidate
CDKN2B-AS1	sgRNA_22109107.22109299_22109107_gene	candidate
p16.dialup	sgRNA_22109107.22109299_22109107_gene	candidate
MTAP	sgRNA_22109107.22109299_22109107_gene	candidate
DMRTA1	sgRNA_22109107.22109299_22109107_gene	candidate
IFNB1	sgRNA_22109107.22109299_22109107_gene	candidate
IFNE	sgRNA_22109107.22109299_22109107_gene	candidate
IFNWP19	sgRNA_22109107.22109299_22109107_gene	candidate
p14.dialup	sgRNA_22109107.22109299_22109107_gene	candidate
CDKN2B	sgRNA_22109107.22109299_22109192_gene	candidate
CDKN2B-AS1	sgRNA_22109107.22109299_22109192_gene	candidate
p16.dialup	sgRNA_22109107.22109299_22109192_gene	candidate
MTAP	sgRNA_22109107.22109299_22109192_gene	candidate
DMRTA1	sgRNA_22109107.22109299_22109192_gene	candidate
IFNB1	sgRNA_22109107.22109299_22109192_gene	candidate
IFNE	sgRNA_22109107.22109299_22109192_gene	candidate
IFNWP19	sgRNA_22109107.22109299_22109192_gene	candidate
p14.dialup	sgRNA_22109107.22109299_22109192_gene	candidate
CDKN2B	sgRNA_22109107.22109299_22109245_gene	candidate
CDKN2B-AS1	sgRNA_22109107.22109299_22109245_gene	candidate
p16.dialup	sgRNA_22109107.22109299_22109245_gene	candidate
MTAP	sgRNA_22109107.22109299_22109245_gene	candidate
DMRTA1	sgRNA_22109107.22109299_22109245_gene	candidate
IFNB1	sgRNA_22109107.22109299_22109245_gene	candidate
IFNE	sgRNA_22109107.22109299_22109245_gene	candidate
IFNWP19	sgRNA_22109107.22109299_22109245_gene	candidate
p14.dialup	sgRNA_22109107.22109299_22109245_gene	candidate
CDKN2B	sgRNA_22109107.22109299_22109260_gene	candidate
CDKN2B-AS1	sgRNA_22109107.22109299_22109260_gene	candidate
p16.dialup	sgRNA_22109107.22109299_22109260_gene	candidate
MTAP	sgRNA_22109107.22109299_22109260_gene	candidate
DMRTA1	sgRNA_22109107.22109299_22109260_gene	candidate
IFNB1	sgRNA_22109107.22109299_22109260_gene	candidate
IFNE	sgRNA_22109107.22109299_22109260_gene	candidate
IFNWP19	sgRNA_22109107.22109299_22109260_gene	candidate
p14.dialup	sgRNA_22109107.22109299_22109260_gene	candidate
CDKN2B	sgRNA_22110048.22110235_22110071_gene	candidate
CDKN2B-AS1	sgRNA_22110048.22110235_22110071_gene	candidate
p16.dialup	sgRNA_22110048.22110235_22110071_gene	candidate
MTAP	sgRNA_22110048.22110235_22110071_gene	candidate
DMRTA1	sgRNA_22110048.22110235_22110071_gene	candidate
IFNB1	sgRNA_22110048.22110235_22110071_gene	candidate
IFNE	sgRNA_22110048.22110235_22110071_gene	candidate
IFNWP19	sgRNA_22110048.22110235_22110071_gene	candidate
p14.dialup	sgRNA_22110048.22110235_22110071_gene	candidate
CDKN2B	sgRNA_22110048.22110235_22110123_gene	candidate
CDKN2B-AS1	sgRNA_22110048.22110235_22110123_gene	candidate
p16.dialup	sgRNA_22110048.22110235_22110123_gene	candidate
MTAP	sgRNA_22110048.22110235_22110123_gene	candidate
DMRTA1	sgRNA_22110048.22110235_22110123_gene	candidate
IFNB1	sgRNA_22110048.22110235_22110123_gene	candidate
IFNE	sgRNA_22110048.22110235_22110123_gene	candidate
IFNWP19	sgRNA_22110048.22110235_22110123_gene	candidate
p14.dialup	sgRNA_22110048.22110235_22110123_gene	candidate
CDKN2B	sgRNA_22110048.22110235_22110157_gene	candidate
CDKN2B-AS1	sgRNA_22110048.22110235_22110157_gene	candidate
p16.dialup	sgRNA_22110048.22110235_22110157_gene	candidate
MTAP	sgRNA_22110048.22110235_22110157_gene	candidate
DMRTA1	sgRNA_22110048.22110235_22110157_gene	candidate
IFNB1	sgRNA_22110048.22110235_22110157_gene	candidate
IFNE	sgRNA_22110048.22110235_22110157_gene	candidate
IFNWP19	sgRNA_22110048.22110235_22110157_gene	candidate
p14.dialup	sgRNA_22110048.22110235_22110157_gene	candidate
CDKN2B	sgRNA_22111189.22111552_22111262_gene	candidate
CDKN2B-AS1	sgRNA_22111189.22111552_22111262_gene	candidate
p16.dialup	sgRNA_22111189.22111552_22111262_gene	candidate
MTAP	sgRNA_22111189.22111552_22111262_gene	candidate
DMRTA1	sgRNA_22111189.22111552_22111262_gene	candidate
IFNB1	sgRNA_22111189.22111552_22111262_gene	candidate
IFNE	sgRNA_22111189.22111552_22111262_gene	candidate
IFNWP19	sgRNA_22111189.22111552_22111262_gene	candidate
p14.dialup	sgRNA_22111189.22111552_22111262_gene	candidate
CDKN2B	sgRNA_22111189.22111552_22111265_gene	candidate
CDKN2B-AS1	sgRNA_22111189.22111552_22111265_gene	candidate
p16.dialup	sgRNA_22111189.22111552_22111265_gene	candidate
MTAP	sgRNA_22111189.22111552_22111265_gene	candidate
DMRTA1	sgRNA_22111189.22111552_22111265_gene	candidate
IFNB1	sgRNA_22111189.22111552_22111265_gene	candidate
IFNE	sgRNA_22111189.22111552_22111265_gene	candidate
IFNWP19	sgRNA_22111189.22111552_22111265_gene	candidate
p14.dialup	sgRNA_22111189.22111552_22111265_gene	candidate
CDKN2B	sgRNA_22111189.22111552_22111309_gene	candidate
CDKN2B-AS1	sgRNA_22111189.22111552_22111309_gene	candidate
p16.dialup	sgRNA_22111189.22111552_22111309_gene	candidate
MTAP	sgRNA_22111189.22111552_22111309_gene	candidate
DMRTA1	sgRNA_22111189.22111552_22111309_gene	candidate
IFNB1	sgRNA_22111189.22111552_22111309_gene	candidate
IFNE	sgRNA_22111189.22111552_22111309_gene	candidate
IFNWP19	sgRNA_22111189.22111552_22111309_gene	candidate
p14.dialup	sgRNA_22111189.22111552_22111309_gene	candidate
CDKN2B	sgRNA_22111189.22111552_22111328_gene	candidate
CDKN2B-AS1	sgRNA_22111189.22111552_22111328_gene	candidate
p16.dialup	sgRNA_22111189.22111552_22111328_gene	candidate
MTAP	sgRNA_22111189.22111552_22111328_gene	candidate
DMRTA1	sgRNA_22111189.22111552_22111328_gene	candidate
IFNB1	sgRNA_22111189.22111552_22111328_gene	candidate
IFNE	sgRNA_22111189.22111552_22111328_gene	candidate
IFNWP19	sgRNA_22111189.22111552_22111328_gene	candidate
p14.dialup	sgRNA_22111189.22111552_22111328_gene	candidate
CDKN2B	sgRNA_22111884.22112211_22111910_gene	candidate
CDKN2B-AS1	sgRNA_22111884.22112211_22111910_gene	candidate
p16.dialup	sgRNA_22111884.22112211_22111910_gene	candidate
MTAP	sgRNA_22111884.22112211_22111910_gene	candidate
DMRTA1	sgRNA_22111884.22112211_22111910_gene	candidate
IFNB1	sgRNA_22111884.22112211_22111910_gene	candidate
IFNE	sgRNA_22111884.22112211_22111910_gene	candidate
IFNWP19	sgRNA_22111884.22112211_22111910_gene	candidate
p14.dialup	sgRNA_22111884.22112211_22111910_gene	candidate
CDKN2B	sgRNA_22111884.22112211_22111985_gene	candidate
CDKN2B-AS1	sgRNA_22111884.22112211_22111985_gene	candidate
p16.dialup	sgRNA_22111884.22112211_22111985_gene	candidate
MTAP	sgRNA_22111884.22112211_22111985_gene	candidate
DMRTA1	sgRNA_22111884.22112211_22111985_gene	candidate
IFNB1	sgRNA_22111884.22112211_22111985_gene	candidate
IFNE	sgRNA_22111884.22112211_22111985_gene	candidate
IFNWP19	sgRNA_22111884.22112211_22111985_gene	candidate
p14.dialup	sgRNA_22111884.22112211_22111985_gene	candidate
CDKN2B	sgRNA_22111884.22112211_22112102_gene	candidate
CDKN2B-AS1	sgRNA_22111884.22112211_22112102_gene	candidate
p16.dialup	sgRNA_22111884.22112211_22112102_gene	candidate
MTAP	sgRNA_22111884.22112211_22112102_gene	candidate
DMRTA1	sgRNA_22111884.22112211_22112102_gene	candidate
IFNB1	sgRNA_22111884.22112211_22112102_gene	candidate
IFNE	sgRNA_22111884.22112211_22112102_gene	candidate
IFNWP19	sgRNA_22111884.22112211_22112102_gene	candidate
p14.dialup	sgRNA_22111884.22112211_22112102_gene	candidate
CDKN2B	sgRNA_22111884.22112211_22112128_gene	candidate
CDKN2B-AS1	sgRNA_22111884.22112211_22112128_gene	candidate
p16.dialup	sgRNA_22111884.22112211_22112128_gene	candidate
MTAP	sgRNA_22111884.22112211_22112128_gene	candidate
DMRTA1	sgRNA_22111884.22112211_22112128_gene	candidate
IFNB1	sgRNA_22111884.22112211_22112128_gene	candidate
IFNE	sgRNA_22111884.22112211_22112128_gene	candidate
IFNWP19	sgRNA_22111884.22112211_22112128_gene	candidate
p14.dialup	sgRNA_22111884.22112211_22112128_gene	candidate
CDKN2B	sgRNA_22114639.22115733_22115198_gene	candidate
CDKN2B-AS1	sgRNA_22114639.22115733_22115198_gene	candidate
p16.dialup	sgRNA_22114639.22115733_22115198_gene	candidate
MTAP	sgRNA_22114639.22115733_22115198_gene	candidate
DMRTA1	sgRNA_22114639.22115733_22115198_gene	candidate
IFNB1	sgRNA_22114639.22115733_22115198_gene	candidate
IFNE	sgRNA_22114639.22115733_22115198_gene	candidate
IFNWP19	sgRNA_22114639.22115733_22115198_gene	candidate
p14.dialup	sgRNA_22114639.22115733_22115198_gene	candidate
CDKN2B	sgRNA_22114639.22115733_22115349_gene	candidate
CDKN2B-AS1	sgRNA_22114639.22115733_22115349_gene	candidate
p16.dialup	sgRNA_22114639.22115733_22115349_gene	candidate
MTAP	sgRNA_22114639.22115733_22115349_gene	candidate
DMRTA1	sgRNA_22114639.22115733_22115349_gene	candidate
IFNB1	sgRNA_22114639.22115733_22115349_gene	candidate
IFNE	sgRNA_22114639.22115733_22115349_gene	candidate
IFNWP19	sgRNA_22114639.22115733_22115349_gene	candidate
p14.dialup	sgRNA_22114639.22115733_22115349_gene	candidate
CDKN2B	sgRNA_22114639.22115733_22115620_gene	candidate
CDKN2B-AS1	sgRNA_22114639.22115733_22115620_gene	candidate
p16.dialup	sgRNA_22114639.22115733_22115620_gene	candidate
MTAP	sgRNA_22114639.22115733_22115620_gene	candidate
DMRTA1	sgRNA_22114639.22115733_22115620_gene	candidate
IFNB1	sgRNA_22114639.22115733_22115620_gene	candidate
IFNE	sgRNA_22114639.22115733_22115620_gene	candidate
IFNWP19	sgRNA_22114639.22115733_22115620_gene	candidate
p14.dialup	sgRNA_22114639.22115733_22115620_gene	candidate
CDKN2B	sgRNA_22114639.22115733_22115653_gene	candidate
CDKN2B-AS1	sgRNA_22114639.22115733_22115653_gene	candidate
p16.dialup	sgRNA_22114639.22115733_22115653_gene	candidate
MTAP	sgRNA_22114639.22115733_22115653_gene	candidate
DMRTA1	sgRNA_22114639.22115733_22115653_gene	candidate
IFNB1	sgRNA_22114639.22115733_22115653_gene	candidate
IFNE	sgRNA_22114639.22115733_22115653_gene	candidate
IFNWP19	sgRNA_22114639.22115733_22115653_gene	candidate
p14.dialup	sgRNA_22114639.22115733_22115653_gene	candidate
CDKN2B	sgRNA_22117396.22117775_22117513_gene	candidate
CDKN2B-AS1	sgRNA_22117396.22117775_22117513_gene	candidate
p16.dialup	sgRNA_22117396.22117775_22117513_gene	candidate
MTAP	sgRNA_22117396.22117775_22117513_gene	candidate
DMRTA1	sgRNA_22117396.22117775_22117513_gene	candidate
IFNB1	sgRNA_22117396.22117775_22117513_gene	candidate
IFNE	sgRNA_22117396.22117775_22117513_gene	candidate
IFNWP19	sgRNA_22117396.22117775_22117513_gene	candidate
p14.dialup	sgRNA_22117396.22117775_22117513_gene	candidate
CDKN2B	sgRNA_22117396.22117775_22117631_gene	candidate
CDKN2B-AS1	sgRNA_22117396.22117775_22117631_gene	candidate
p16.dialup	sgRNA_22117396.22117775_22117631_gene	candidate
MTAP	sgRNA_22117396.22117775_22117631_gene	candidate
DMRTA1	sgRNA_22117396.22117775_22117631_gene	candidate
IFNB1	sgRNA_22117396.22117775_22117631_gene	candidate
IFNE	sgRNA_22117396.22117775_22117631_gene	candidate
IFNWP19	sgRNA_22117396.22117775_22117631_gene	candidate
p14.dialup	sgRNA_22117396.22117775_22117631_gene	candidate
CDKN2B	sgRNA_22117396.22117775_22117691_gene	candidate
CDKN2B-AS1	sgRNA_22117396.22117775_22117691_gene	candidate
p16.dialup	sgRNA_22117396.22117775_22117691_gene	candidate
MTAP	sgRNA_22117396.22117775_22117691_gene	candidate
DMRTA1	sgRNA_22117396.22117775_22117691_gene	candidate
IFNB1	sgRNA_22117396.22117775_22117691_gene	candidate
IFNE	sgRNA_22117396.22117775_22117691_gene	candidate
IFNWP19	sgRNA_22117396.22117775_22117691_gene	candidate
p14.dialup	sgRNA_22117396.22117775_22117691_gene	candidate
CDKN2B	sgRNA_22117396.22117775_22117737_gene	candidate
CDKN2B-AS1	sgRNA_22117396.22117775_22117737_gene	candidate
p16.dialup	sgRNA_22117396.22117775_22117737_gene	candidate
MTAP	sgRNA_22117396.22117775_22117737_gene	candidate
DMRTA1	sgRNA_22117396.22117775_22117737_gene	candidate
IFNB1	sgRNA_22117396.22117775_22117737_gene	candidate
IFNE	sgRNA_22117396.22117775_22117737_gene	candidate
IFNWP19	sgRNA_22117396.22117775_22117737_gene	candidate
p14.dialup	sgRNA_22117396.22117775_22117737_gene	candidate
CDKN2B	sgRNA_22117784.22118022_22117876_gene	candidate
CDKN2B-AS1	sgRNA_22117784.22118022_22117876_gene	candidate
p16.dialup	sgRNA_22117784.22118022_22117876_gene	candidate
MTAP	sgRNA_22117784.22118022_22117876_gene	candidate
DMRTA1	sgRNA_22117784.22118022_22117876_gene	candidate
IFNB1	sgRNA_22117784.22118022_22117876_gene	candidate
IFNE	sgRNA_22117784.22118022_22117876_gene	candidate
IFNWP19	sgRNA_22117784.22118022_22117876_gene	candidate
p14.dialup	sgRNA_22117784.22118022_22117876_gene	candidate
CDKN2B	sgRNA_22117784.22118022_22117914_gene	candidate
CDKN2B-AS1	sgRNA_22117784.22118022_22117914_gene	candidate
p16.dialup	sgRNA_22117784.22118022_22117914_gene	candidate
MTAP	sgRNA_22117784.22118022_22117914_gene	candidate
DMRTA1	sgRNA_22117784.22118022_22117914_gene	candidate
IFNB1	sgRNA_22117784.22118022_22117914_gene	candidate
IFNE	sgRNA_22117784.22118022_22117914_gene	candidate
IFNWP19	sgRNA_22117784.22118022_22117914_gene	candidate
p14.dialup	sgRNA_22117784.22118022_22117914_gene	candidate
CDKN2B	sgRNA_22117784.22118022_22117988_gene	candidate
CDKN2B-AS1	sgRNA_22117784.22118022_22117988_gene	candidate
p16.dialup	sgRNA_22117784.22118022_22117988_gene	candidate
MTAP	sgRNA_22117784.22118022_22117988_gene	candidate
DMRTA1	sgRNA_22117784.22118022_22117988_gene	candidate
IFNB1	sgRNA_22117784.22118022_22117988_gene	candidate
IFNE	sgRNA_22117784.22118022_22117988_gene	candidate
IFNWP19	sgRNA_22117784.22118022_22117988_gene	candidate
p14.dialup	sgRNA_22117784.22118022_22117988_gene	candidate
CDKN2B	sgRNA_22117784.22118022_22118017_gene	candidate
CDKN2B-AS1	sgRNA_22117784.22118022_22118017_gene	candidate
p16.dialup	sgRNA_22117784.22118022_22118017_gene	candidate
MTAP	sgRNA_22117784.22118022_22118017_gene	candidate
DMRTA1	sgRNA_22117784.22118022_22118017_gene	candidate
IFNB1	sgRNA_22117784.22118022_22118017_gene	candidate
IFNE	sgRNA_22117784.22118022_22118017_gene	candidate
IFNWP19	sgRNA_22117784.22118022_22118017_gene	candidate
p14.dialup	sgRNA_22117784.22118022_22118017_gene	candidate
CDKN2B	sgRNA_22118100.22118351_22118122_gene	candidate
CDKN2B-AS1	sgRNA_22118100.22118351_22118122_gene	candidate
p16.dialup	sgRNA_22118100.22118351_22118122_gene	candidate
MTAP	sgRNA_22118100.22118351_22118122_gene	candidate
DMRTA1	sgRNA_22118100.22118351_22118122_gene	candidate
IFNB1	sgRNA_22118100.22118351_22118122_gene	candidate
IFNE	sgRNA_22118100.22118351_22118122_gene	candidate
IFNWP19	sgRNA_22118100.22118351_22118122_gene	candidate
p14.dialup	sgRNA_22118100.22118351_22118122_gene	candidate
CDKN2B	sgRNA_22118100.22118351_22118151_gene	candidate
CDKN2B-AS1	sgRNA_22118100.22118351_22118151_gene	candidate
p16.dialup	sgRNA_22118100.22118351_22118151_gene	candidate
MTAP	sgRNA_22118100.22118351_22118151_gene	candidate
DMRTA1	sgRNA_22118100.22118351_22118151_gene	candidate
IFNB1	sgRNA_22118100.22118351_22118151_gene	candidate
IFNE	sgRNA_22118100.22118351_22118151_gene	candidate
IFNWP19	sgRNA_22118100.22118351_22118151_gene	candidate
p14.dialup	sgRNA_22118100.22118351_22118151_gene	candidate
CDKN2B	sgRNA_22118100.22118351_22118193_gene	candidate
CDKN2B-AS1	sgRNA_22118100.22118351_22118193_gene	candidate
p16.dialup	sgRNA_22118100.22118351_22118193_gene	candidate
MTAP	sgRNA_22118100.22118351_22118193_gene	candidate
DMRTA1	sgRNA_22118100.22118351_22118193_gene	candidate
IFNB1	sgRNA_22118100.22118351_22118193_gene	candidate
IFNE	sgRNA_22118100.22118351_22118193_gene	candidate
IFNWP19	sgRNA_22118100.22118351_22118193_gene	candidate
p14.dialup	sgRNA_22118100.22118351_22118193_gene	candidate
CDKN2B	sgRNA_22118100.22118351_22118216_gene	candidate
CDKN2B-AS1	sgRNA_22118100.22118351_22118216_gene	candidate
p16.dialup	sgRNA_22118100.22118351_22118216_gene	candidate
MTAP	sgRNA_22118100.22118351_22118216_gene	candidate
DMRTA1	sgRNA_22118100.22118351_22118216_gene	candidate
IFNB1	sgRNA_22118100.22118351_22118216_gene	candidate
IFNE	sgRNA_22118100.22118351_22118216_gene	candidate
IFNWP19	sgRNA_22118100.22118351_22118216_gene	candidate
p14.dialup	sgRNA_22118100.22118351_22118216_gene	candidate
CDKN2B	sgRNA_22118558.22118792_22118580_gene	candidate
CDKN2B-AS1	sgRNA_22118558.22118792_22118580_gene	candidate
p16.dialup	sgRNA_22118558.22118792_22118580_gene	candidate
MTAP	sgRNA_22118558.22118792_22118580_gene	candidate
DMRTA1	sgRNA_22118558.22118792_22118580_gene	candidate
IFNB1	sgRNA_22118558.22118792_22118580_gene	candidate
IFNE	sgRNA_22118558.22118792_22118580_gene	candidate
IFNWP19	sgRNA_22118558.22118792_22118580_gene	candidate
p14.dialup	sgRNA_22118558.22118792_22118580_gene	candidate
CDKN2B	sgRNA_22118558.22118792_22118602_gene	candidate
CDKN2B-AS1	sgRNA_22118558.22118792_22118602_gene	candidate
p16.dialup	sgRNA_22118558.22118792_22118602_gene	candidate
MTAP	sgRNA_22118558.22118792_22118602_gene	candidate
DMRTA1	sgRNA_22118558.22118792_22118602_gene	candidate
IFNB1	sgRNA_22118558.22118792_22118602_gene	candidate
IFNE	sgRNA_22118558.22118792_22118602_gene	candidate
IFNWP19	sgRNA_22118558.22118792_22118602_gene	candidate
p14.dialup	sgRNA_22118558.22118792_22118602_gene	candidate
CDKN2B	sgRNA_22118558.22118792_22118662_gene	candidate
CDKN2B-AS1	sgRNA_22118558.22118792_22118662_gene	candidate
p16.dialup	sgRNA_22118558.22118792_22118662_gene	candidate
MTAP	sgRNA_22118558.22118792_22118662_gene	candidate
DMRTA1	sgRNA_22118558.22118792_22118662_gene	candidate
IFNB1	sgRNA_22118558.22118792_22118662_gene	candidate
IFNE	sgRNA_22118558.22118792_22118662_gene	candidate
IFNWP19	sgRNA_22118558.22118792_22118662_gene	candidate
p14.dialup	sgRNA_22118558.22118792_22118662_gene	candidate
CDKN2B	sgRNA_22118558.22118792_22118744_gene	candidate
CDKN2B-AS1	sgRNA_22118558.22118792_22118744_gene	candidate
p16.dialup	sgRNA_22118558.22118792_22118744_gene	candidate
MTAP	sgRNA_22118558.22118792_22118744_gene	candidate
DMRTA1	sgRNA_22118558.22118792_22118744_gene	candidate
IFNB1	sgRNA_22118558.22118792_22118744_gene	candidate
IFNE	sgRNA_22118558.22118792_22118744_gene	candidate
IFNWP19	sgRNA_22118558.22118792_22118744_gene	candidate
p14.dialup	sgRNA_22118558.22118792_22118744_gene	candidate
CDKN2B	sgRNA_22119168.22119366_22119172_gene	candidate
CDKN2B-AS1	sgRNA_22119168.22119366_22119172_gene	candidate
p16.dialup	sgRNA_22119168.22119366_22119172_gene	candidate
MTAP	sgRNA_22119168.22119366_22119172_gene	candidate
DMRTA1	sgRNA_22119168.22119366_22119172_gene	candidate
IFNB1	sgRNA_22119168.22119366_22119172_gene	candidate
IFNE	sgRNA_22119168.22119366_22119172_gene	candidate
IFNWP19	sgRNA_22119168.22119366_22119172_gene	candidate
p14.dialup	sgRNA_22119168.22119366_22119172_gene	candidate
CDKN2B	sgRNA_22119168.22119366_22119195_gene	candidate
CDKN2B-AS1	sgRNA_22119168.22119366_22119195_gene	candidate
p16.dialup	sgRNA_22119168.22119366_22119195_gene	candidate
MTAP	sgRNA_22119168.22119366_22119195_gene	candidate
DMRTA1	sgRNA_22119168.22119366_22119195_gene	candidate
IFNB1	sgRNA_22119168.22119366_22119195_gene	candidate
IFNE	sgRNA_22119168.22119366_22119195_gene	candidate
IFNWP19	sgRNA_22119168.22119366_22119195_gene	candidate
p14.dialup	sgRNA_22119168.22119366_22119195_gene	candidate
CDKN2B	sgRNA_22119168.22119366_22119359_gene	candidate
CDKN2B-AS1	sgRNA_22119168.22119366_22119359_gene	candidate
p16.dialup	sgRNA_22119168.22119366_22119359_gene	candidate
MTAP	sgRNA_22119168.22119366_22119359_gene	candidate
DMRTA1	sgRNA_22119168.22119366_22119359_gene	candidate
IFNB1	sgRNA_22119168.22119366_22119359_gene	candidate
IFNE	sgRNA_22119168.22119366_22119359_gene	candidate
IFNWP19	sgRNA_22119168.22119366_22119359_gene	candidate
p14.dialup	sgRNA_22119168.22119366_22119359_gene	candidate
CDKN2B	sgRNA_22119639.22119853_22119657_gene	candidate
CDKN2B-AS1	sgRNA_22119639.22119853_22119657_gene	candidate
p16.dialup	sgRNA_22119639.22119853_22119657_gene	candidate
MTAP	sgRNA_22119639.22119853_22119657_gene	candidate
DMRTA1	sgRNA_22119639.22119853_22119657_gene	candidate
IFNB1	sgRNA_22119639.22119853_22119657_gene	candidate
IFNE	sgRNA_22119639.22119853_22119657_gene	candidate
IFNWP19	sgRNA_22119639.22119853_22119657_gene	candidate
p14.dialup	sgRNA_22119639.22119853_22119657_gene	candidate
CDKN2B	sgRNA_22119639.22119853_22119736_gene	candidate
CDKN2B-AS1	sgRNA_22119639.22119853_22119736_gene	candidate
p16.dialup	sgRNA_22119639.22119853_22119736_gene	candidate
MTAP	sgRNA_22119639.22119853_22119736_gene	candidate
DMRTA1	sgRNA_22119639.22119853_22119736_gene	candidate
IFNB1	sgRNA_22119639.22119853_22119736_gene	candidate
IFNE	sgRNA_22119639.22119853_22119736_gene	candidate
IFNWP19	sgRNA_22119639.22119853_22119736_gene	candidate
p14.dialup	sgRNA_22119639.22119853_22119736_gene	candidate
CDKN2B	sgRNA_22119639.22119853_22119770_gene	candidate
CDKN2B-AS1	sgRNA_22119639.22119853_22119770_gene	candidate
p16.dialup	sgRNA_22119639.22119853_22119770_gene	candidate
MTAP	sgRNA_22119639.22119853_22119770_gene	candidate
DMRTA1	sgRNA_22119639.22119853_22119770_gene	candidate
IFNB1	sgRNA_22119639.22119853_22119770_gene	candidate
IFNE	sgRNA_22119639.22119853_22119770_gene	candidate
IFNWP19	sgRNA_22119639.22119853_22119770_gene	candidate
p14.dialup	sgRNA_22119639.22119853_22119770_gene	candidate
CDKN2B	sgRNA_22119639.22119853_22119807_gene	candidate
CDKN2B-AS1	sgRNA_22119639.22119853_22119807_gene	candidate
p16.dialup	sgRNA_22119639.22119853_22119807_gene	candidate
MTAP	sgRNA_22119639.22119853_22119807_gene	candidate
DMRTA1	sgRNA_22119639.22119853_22119807_gene	candidate
IFNB1	sgRNA_22119639.22119853_22119807_gene	candidate
IFNE	sgRNA_22119639.22119853_22119807_gene	candidate
IFNWP19	sgRNA_22119639.22119853_22119807_gene	candidate
p14.dialup	sgRNA_22119639.22119853_22119807_gene	candidate
CDKN2B	sgRNA_22120609.22120986_22120665_gene	candidate
CDKN2B-AS1	sgRNA_22120609.22120986_22120665_gene	candidate
p16.dialup	sgRNA_22120609.22120986_22120665_gene	candidate
MTAP	sgRNA_22120609.22120986_22120665_gene	candidate
DMRTA1	sgRNA_22120609.22120986_22120665_gene	candidate
IFNB1	sgRNA_22120609.22120986_22120665_gene	candidate
IFNE	sgRNA_22120609.22120986_22120665_gene	candidate
IFNWP19	sgRNA_22120609.22120986_22120665_gene	candidate
p14.dialup	sgRNA_22120609.22120986_22120665_gene	candidate
CDKN2B	sgRNA_22120609.22120986_22120747_gene	candidate
CDKN2B-AS1	sgRNA_22120609.22120986_22120747_gene	candidate
p16.dialup	sgRNA_22120609.22120986_22120747_gene	candidate
MTAP	sgRNA_22120609.22120986_22120747_gene	candidate
DMRTA1	sgRNA_22120609.22120986_22120747_gene	candidate
IFNB1	sgRNA_22120609.22120986_22120747_gene	candidate
IFNE	sgRNA_22120609.22120986_22120747_gene	candidate
IFNWP19	sgRNA_22120609.22120986_22120747_gene	candidate
p14.dialup	sgRNA_22120609.22120986_22120747_gene	candidate
CDKN2B	sgRNA_22120609.22120986_22120831_gene	candidate
CDKN2B-AS1	sgRNA_22120609.22120986_22120831_gene	candidate
p16.dialup	sgRNA_22120609.22120986_22120831_gene	candidate
MTAP	sgRNA_22120609.22120986_22120831_gene	candidate
DMRTA1	sgRNA_22120609.22120986_22120831_gene	candidate
IFNB1	sgRNA_22120609.22120986_22120831_gene	candidate
IFNE	sgRNA_22120609.22120986_22120831_gene	candidate
IFNWP19	sgRNA_22120609.22120986_22120831_gene	candidate
p14.dialup	sgRNA_22120609.22120986_22120831_gene	candidate
CDKN2B	sgRNA_22120609.22120986_22120987_gene	candidate
CDKN2B-AS1	sgRNA_22120609.22120986_22120987_gene	candidate
p16.dialup	sgRNA_22120609.22120986_22120987_gene	candidate
MTAP	sgRNA_22120609.22120986_22120987_gene	candidate
DMRTA1	sgRNA_22120609.22120986_22120987_gene	candidate
IFNB1	sgRNA_22120609.22120986_22120987_gene	candidate
IFNE	sgRNA_22120609.22120986_22120987_gene	candidate
IFNWP19	sgRNA_22120609.22120986_22120987_gene	candidate
p14.dialup	sgRNA_22120609.22120986_22120987_gene	candidate
CDKN2B	sgRNA_22121333.22121499_22121403_gene	candidate
CDKN2B-AS1	sgRNA_22121333.22121499_22121403_gene	candidate
p16.dialup	sgRNA_22121333.22121499_22121403_gene	candidate
MTAP	sgRNA_22121333.22121499_22121403_gene	candidate
DMRTA1	sgRNA_22121333.22121499_22121403_gene	candidate
IFNB1	sgRNA_22121333.22121499_22121403_gene	candidate
IFNE	sgRNA_22121333.22121499_22121403_gene	candidate
IFNWP19	sgRNA_22121333.22121499_22121403_gene	candidate
p14.dialup	sgRNA_22121333.22121499_22121403_gene	candidate
CDKN2B	sgRNA_22121333.22121499_22121464_gene	candidate
CDKN2B-AS1	sgRNA_22121333.22121499_22121464_gene	candidate
p16.dialup	sgRNA_22121333.22121499_22121464_gene	candidate
MTAP	sgRNA_22121333.22121499_22121464_gene	candidate
DMRTA1	sgRNA_22121333.22121499_22121464_gene	candidate
IFNB1	sgRNA_22121333.22121499_22121464_gene	candidate
IFNE	sgRNA_22121333.22121499_22121464_gene	candidate
IFNWP19	sgRNA_22121333.22121499_22121464_gene	candidate
p14.dialup	sgRNA_22121333.22121499_22121464_gene	candidate
CDKN2B	sgRNA_22121333.22121499_22121472_gene	candidate
CDKN2B-AS1	sgRNA_22121333.22121499_22121472_gene	candidate
p16.dialup	sgRNA_22121333.22121499_22121472_gene	candidate
MTAP	sgRNA_22121333.22121499_22121472_gene	candidate
DMRTA1	sgRNA_22121333.22121499_22121472_gene	candidate
IFNB1	sgRNA_22121333.22121499_22121472_gene	candidate
IFNE	sgRNA_22121333.22121499_22121472_gene	candidate
IFNWP19	sgRNA_22121333.22121499_22121472_gene	candidate
p14.dialup	sgRNA_22121333.22121499_22121472_gene	candidate
CDKN2B	sgRNA_22121333.22121499_22121473_gene	candidate
CDKN2B-AS1	sgRNA_22121333.22121499_22121473_gene	candidate
p16.dialup	sgRNA_22121333.22121499_22121473_gene	candidate
MTAP	sgRNA_22121333.22121499_22121473_gene	candidate
DMRTA1	sgRNA_22121333.22121499_22121473_gene	candidate
IFNB1	sgRNA_22121333.22121499_22121473_gene	candidate
IFNE	sgRNA_22121333.22121499_22121473_gene	candidate
IFNWP19	sgRNA_22121333.22121499_22121473_gene	candidate
p14.dialup	sgRNA_22121333.22121499_22121473_gene	candidate
CDKN2B	sgRNA_22124373.22124582_22124383_gene	candidate
CDKN2B-AS1	sgRNA_22124373.22124582_22124383_gene	candidate
p16.dialup	sgRNA_22124373.22124582_22124383_gene	candidate
MTAP	sgRNA_22124373.22124582_22124383_gene	candidate
DMRTA1	sgRNA_22124373.22124582_22124383_gene	candidate
IFNB1	sgRNA_22124373.22124582_22124383_gene	candidate
IFNE	sgRNA_22124373.22124582_22124383_gene	candidate
IFNWP19	sgRNA_22124373.22124582_22124383_gene	candidate
p14.dialup	sgRNA_22124373.22124582_22124383_gene	candidate
CDKN2B	sgRNA_22124373.22124582_22124428_gene	candidate
CDKN2B-AS1	sgRNA_22124373.22124582_22124428_gene	candidate
p16.dialup	sgRNA_22124373.22124582_22124428_gene	candidate
MTAP	sgRNA_22124373.22124582_22124428_gene	candidate
DMRTA1	sgRNA_22124373.22124582_22124428_gene	candidate
IFNB1	sgRNA_22124373.22124582_22124428_gene	candidate
IFNE	sgRNA_22124373.22124582_22124428_gene	candidate
IFNWP19	sgRNA_22124373.22124582_22124428_gene	candidate
p14.dialup	sgRNA_22124373.22124582_22124428_gene	candidate
CDKN2B	sgRNA_22124373.22124582_22124438_gene	candidate
CDKN2B-AS1	sgRNA_22124373.22124582_22124438_gene	candidate
p16.dialup	sgRNA_22124373.22124582_22124438_gene	candidate
MTAP	sgRNA_22124373.22124582_22124438_gene	candidate
DMRTA1	sgRNA_22124373.22124582_22124438_gene	candidate
IFNB1	sgRNA_22124373.22124582_22124438_gene	candidate
IFNE	sgRNA_22124373.22124582_22124438_gene	candidate
IFNWP19	sgRNA_22124373.22124582_22124438_gene	candidate
p14.dialup	sgRNA_22124373.22124582_22124438_gene	candidate
CDKN2B	sgRNA_22124373.22124582_22124455_gene	candidate
CDKN2B-AS1	sgRNA_22124373.22124582_22124455_gene	candidate
p16.dialup	sgRNA_22124373.22124582_22124455_gene	candidate
MTAP	sgRNA_22124373.22124582_22124455_gene	candidate
DMRTA1	sgRNA_22124373.22124582_22124455_gene	candidate
IFNB1	sgRNA_22124373.22124582_22124455_gene	candidate
IFNE	sgRNA_22124373.22124582_22124455_gene	candidate
IFNWP19	sgRNA_22124373.22124582_22124455_gene	candidate
p14.dialup	sgRNA_22124373.22124582_22124455_gene	candidate
CDKN2B	sgRNA_22124598.22124976_22124694_gene	candidate
CDKN2B-AS1	sgRNA_22124598.22124976_22124694_gene	candidate
p16.dialup	sgRNA_22124598.22124976_22124694_gene	candidate
MTAP	sgRNA_22124598.22124976_22124694_gene	candidate
DMRTA1	sgRNA_22124598.22124976_22124694_gene	candidate
IFNB1	sgRNA_22124598.22124976_22124694_gene	candidate
IFNE	sgRNA_22124598.22124976_22124694_gene	candidate
IFNWP19	sgRNA_22124598.22124976_22124694_gene	candidate
p14.dialup	sgRNA_22124598.22124976_22124694_gene	candidate
CDKN2B	sgRNA_22124598.22124976_22124786_gene	candidate
CDKN2B-AS1	sgRNA_22124598.22124976_22124786_gene	candidate
p16.dialup	sgRNA_22124598.22124976_22124786_gene	candidate
MTAP	sgRNA_22124598.22124976_22124786_gene	candidate
DMRTA1	sgRNA_22124598.22124976_22124786_gene	candidate
IFNB1	sgRNA_22124598.22124976_22124786_gene	candidate
IFNE	sgRNA_22124598.22124976_22124786_gene	candidate
IFNWP19	sgRNA_22124598.22124976_22124786_gene	candidate
p14.dialup	sgRNA_22124598.22124976_22124786_gene	candidate
CDKN2B	sgRNA_22124598.22124976_22124798_gene	candidate
CDKN2B-AS1	sgRNA_22124598.22124976_22124798_gene	candidate
p16.dialup	sgRNA_22124598.22124976_22124798_gene	candidate
MTAP	sgRNA_22124598.22124976_22124798_gene	candidate
DMRTA1	sgRNA_22124598.22124976_22124798_gene	candidate
IFNB1	sgRNA_22124598.22124976_22124798_gene	candidate
IFNE	sgRNA_22124598.22124976_22124798_gene	candidate
IFNWP19	sgRNA_22124598.22124976_22124798_gene	candidate
p14.dialup	sgRNA_22124598.22124976_22124798_gene	candidate
CDKN2B	sgRNA_22124598.22124976_22124931_gene	candidate
CDKN2B-AS1	sgRNA_22124598.22124976_22124931_gene	candidate
p16.dialup	sgRNA_22124598.22124976_22124931_gene	candidate
MTAP	sgRNA_22124598.22124976_22124931_gene	candidate
DMRTA1	sgRNA_22124598.22124976_22124931_gene	candidate
IFNB1	sgRNA_22124598.22124976_22124931_gene	candidate
IFNE	sgRNA_22124598.22124976_22124931_gene	candidate
IFNWP19	sgRNA_22124598.22124976_22124931_gene	candidate
p14.dialup	sgRNA_22124598.22124976_22124931_gene	candidate
CDKN2B	sgRNA_22125328.22125519_22125412_gene	candidate
CDKN2B-AS1	sgRNA_22125328.22125519_22125412_gene	candidate
p16.dialup	sgRNA_22125328.22125519_22125412_gene	candidate
MTAP	sgRNA_22125328.22125519_22125412_gene	candidate
DMRTA1	sgRNA_22125328.22125519_22125412_gene	candidate
IFNB1	sgRNA_22125328.22125519_22125412_gene	candidate
IFNE	sgRNA_22125328.22125519_22125412_gene	candidate
IFNWP19	sgRNA_22125328.22125519_22125412_gene	candidate
p14.dialup	sgRNA_22125328.22125519_22125412_gene	candidate
CDKN2B	sgRNA_22125328.22125519_22125451_gene	candidate
CDKN2B-AS1	sgRNA_22125328.22125519_22125451_gene	candidate
p16.dialup	sgRNA_22125328.22125519_22125451_gene	candidate
MTAP	sgRNA_22125328.22125519_22125451_gene	candidate
DMRTA1	sgRNA_22125328.22125519_22125451_gene	candidate
IFNB1	sgRNA_22125328.22125519_22125451_gene	candidate
IFNE	sgRNA_22125328.22125519_22125451_gene	candidate
IFNWP19	sgRNA_22125328.22125519_22125451_gene	candidate
p14.dialup	sgRNA_22125328.22125519_22125451_gene	candidate
CDKN2B	sgRNA_22125328.22125519_22125519_gene	candidate
CDKN2B-AS1	sgRNA_22125328.22125519_22125519_gene	candidate
p16.dialup	sgRNA_22125328.22125519_22125519_gene	candidate
MTAP	sgRNA_22125328.22125519_22125519_gene	candidate
DMRTA1	sgRNA_22125328.22125519_22125519_gene	candidate
IFNB1	sgRNA_22125328.22125519_22125519_gene	candidate
IFNE	sgRNA_22125328.22125519_22125519_gene	candidate
IFNWP19	sgRNA_22125328.22125519_22125519_gene	candidate
p14.dialup	sgRNA_22125328.22125519_22125519_gene	candidate
CDKN2B	sgRNA_22125328.22125519_22125520_gene	candidate
CDKN2B-AS1	sgRNA_22125328.22125519_22125520_gene	candidate
p16.dialup	sgRNA_22125328.22125519_22125520_gene	candidate
MTAP	sgRNA_22125328.22125519_22125520_gene	candidate
DMRTA1	sgRNA_22125328.22125519_22125520_gene	candidate
IFNB1	sgRNA_22125328.22125519_22125520_gene	candidate
IFNE	sgRNA_22125328.22125519_22125520_gene	candidate
IFNWP19	sgRNA_22125328.22125519_22125520_gene	candidate
p14.dialup	sgRNA_22125328.22125519_22125520_gene	candidate
CDKN2B	sgRNA_22129183.22129538_22129263_gene	candidate
CDKN2B-AS1	sgRNA_22129183.22129538_22129263_gene	candidate
p16.dialup	sgRNA_22129183.22129538_22129263_gene	candidate
MTAP	sgRNA_22129183.22129538_22129263_gene	candidate
DMRTA1	sgRNA_22129183.22129538_22129263_gene	candidate
IFNB1	sgRNA_22129183.22129538_22129263_gene	candidate
IFNE	sgRNA_22129183.22129538_22129263_gene	candidate
IFNWP19	sgRNA_22129183.22129538_22129263_gene	candidate
p14.dialup	sgRNA_22129183.22129538_22129263_gene	candidate
CDKN2B	sgRNA_22129183.22129538_22129268_gene	candidate
CDKN2B-AS1	sgRNA_22129183.22129538_22129268_gene	candidate
p16.dialup	sgRNA_22129183.22129538_22129268_gene	candidate
MTAP	sgRNA_22129183.22129538_22129268_gene	candidate
DMRTA1	sgRNA_22129183.22129538_22129268_gene	candidate
IFNB1	sgRNA_22129183.22129538_22129268_gene	candidate
IFNE	sgRNA_22129183.22129538_22129268_gene	candidate
IFNWP19	sgRNA_22129183.22129538_22129268_gene	candidate
p14.dialup	sgRNA_22129183.22129538_22129268_gene	candidate
CDKN2B	sgRNA_22129183.22129538_22129362_gene	candidate
CDKN2B-AS1	sgRNA_22129183.22129538_22129362_gene	candidate
p16.dialup	sgRNA_22129183.22129538_22129362_gene	candidate
MTAP	sgRNA_22129183.22129538_22129362_gene	candidate
DMRTA1	sgRNA_22129183.22129538_22129362_gene	candidate
IFNB1	sgRNA_22129183.22129538_22129362_gene	candidate
IFNE	sgRNA_22129183.22129538_22129362_gene	candidate
IFNWP19	sgRNA_22129183.22129538_22129362_gene	candidate
p14.dialup	sgRNA_22129183.22129538_22129362_gene	candidate
CDKN2B	sgRNA_22136699.22137102_22136856_gene	candidate
CDKN2B-AS1	sgRNA_22136699.22137102_22136856_gene	candidate
p16.dialup	sgRNA_22136699.22137102_22136856_gene	candidate
MTAP	sgRNA_22136699.22137102_22136856_gene	candidate
DMRTA1	sgRNA_22136699.22137102_22136856_gene	candidate
IFNB1	sgRNA_22136699.22137102_22136856_gene	candidate
IFNE	sgRNA_22136699.22137102_22136856_gene	candidate
IFNWP19	sgRNA_22136699.22137102_22136856_gene	candidate
p14.dialup	sgRNA_22136699.22137102_22136856_gene	candidate
CDKN2B	sgRNA_22136699.22137102_22136952_gene	candidate
CDKN2B-AS1	sgRNA_22136699.22137102_22136952_gene	candidate
p16.dialup	sgRNA_22136699.22137102_22136952_gene	candidate
MTAP	sgRNA_22136699.22137102_22136952_gene	candidate
DMRTA1	sgRNA_22136699.22137102_22136952_gene	candidate
IFNB1	sgRNA_22136699.22137102_22136952_gene	candidate
IFNE	sgRNA_22136699.22137102_22136952_gene	candidate
IFNWP19	sgRNA_22136699.22137102_22136952_gene	candidate
p14.dialup	sgRNA_22136699.22137102_22136952_gene	candidate
CDKN2B	sgRNA_22136699.22137102_22136958_gene	candidate
CDKN2B-AS1	sgRNA_22136699.22137102_22136958_gene	candidate
p16.dialup	sgRNA_22136699.22137102_22136958_gene	candidate
MTAP	sgRNA_22136699.22137102_22136958_gene	candidate
DMRTA1	sgRNA_22136699.22137102_22136958_gene	candidate
IFNB1	sgRNA_22136699.22137102_22136958_gene	candidate
IFNE	sgRNA_22136699.22137102_22136958_gene	candidate
IFNWP19	sgRNA_22136699.22137102_22136958_gene	candidate
p14.dialup	sgRNA_22136699.22137102_22136958_gene	candidate
CDKN2B	sgRNA_22136699.22137102_22136971_gene	candidate
CDKN2B-AS1	sgRNA_22136699.22137102_22136971_gene	candidate
p16.dialup	sgRNA_22136699.22137102_22136971_gene	candidate
MTAP	sgRNA_22136699.22137102_22136971_gene	candidate
DMRTA1	sgRNA_22136699.22137102_22136971_gene	candidate
IFNB1	sgRNA_22136699.22137102_22136971_gene	candidate
IFNE	sgRNA_22136699.22137102_22136971_gene	candidate
IFNWP19	sgRNA_22136699.22137102_22136971_gene	candidate
p14.dialup	sgRNA_22136699.22137102_22136971_gene	candidate
CDKN2B	sgRNA_22139099.22139306_22139108_gene	candidate
CDKN2B-AS1	sgRNA_22139099.22139306_22139108_gene	candidate
p16.dialup	sgRNA_22139099.22139306_22139108_gene	candidate
MTAP	sgRNA_22139099.22139306_22139108_gene	candidate
DMRTA1	sgRNA_22139099.22139306_22139108_gene	candidate
IFNB1	sgRNA_22139099.22139306_22139108_gene	candidate
IFNE	sgRNA_22139099.22139306_22139108_gene	candidate
IFNWP19	sgRNA_22139099.22139306_22139108_gene	candidate
p14.dialup	sgRNA_22139099.22139306_22139108_gene	candidate
CDKN2B	sgRNA_22139099.22139306_22139143_gene	candidate
CDKN2B-AS1	sgRNA_22139099.22139306_22139143_gene	candidate
p16.dialup	sgRNA_22139099.22139306_22139143_gene	candidate
MTAP	sgRNA_22139099.22139306_22139143_gene	candidate
DMRTA1	sgRNA_22139099.22139306_22139143_gene	candidate
IFNB1	sgRNA_22139099.22139306_22139143_gene	candidate
IFNE	sgRNA_22139099.22139306_22139143_gene	candidate
IFNWP19	sgRNA_22139099.22139306_22139143_gene	candidate
p14.dialup	sgRNA_22139099.22139306_22139143_gene	candidate
CDKN2B	sgRNA_22139099.22139306_22139173_gene	candidate
CDKN2B-AS1	sgRNA_22139099.22139306_22139173_gene	candidate
p16.dialup	sgRNA_22139099.22139306_22139173_gene	candidate
MTAP	sgRNA_22139099.22139306_22139173_gene	candidate
DMRTA1	sgRNA_22139099.22139306_22139173_gene	candidate
IFNB1	sgRNA_22139099.22139306_22139173_gene	candidate
IFNE	sgRNA_22139099.22139306_22139173_gene	candidate
IFNWP19	sgRNA_22139099.22139306_22139173_gene	candidate
p14.dialup	sgRNA_22139099.22139306_22139173_gene	candidate
CDKN2B	sgRNA_22141948.22142311_22141987_gene	candidate
CDKN2B-AS1	sgRNA_22141948.22142311_22141987_gene	candidate
p16.dialup	sgRNA_22141948.22142311_22141987_gene	candidate
MTAP	sgRNA_22141948.22142311_22141987_gene	candidate
DMRTA1	sgRNA_22141948.22142311_22141987_gene	candidate
IFNB1	sgRNA_22141948.22142311_22141987_gene	candidate
IFNE	sgRNA_22141948.22142311_22141987_gene	candidate
IFNWP19	sgRNA_22141948.22142311_22141987_gene	candidate
p14.dialup	sgRNA_22141948.22142311_22141987_gene	candidate
CDKN2B	sgRNA_22141948.22142311_22142075_gene	candidate
CDKN2B-AS1	sgRNA_22141948.22142311_22142075_gene	candidate
p16.dialup	sgRNA_22141948.22142311_22142075_gene	candidate
MTAP	sgRNA_22141948.22142311_22142075_gene	candidate
DMRTA1	sgRNA_22141948.22142311_22142075_gene	candidate
IFNB1	sgRNA_22141948.22142311_22142075_gene	candidate
IFNE	sgRNA_22141948.22142311_22142075_gene	candidate
IFNWP19	sgRNA_22141948.22142311_22142075_gene	candidate
p14.dialup	sgRNA_22141948.22142311_22142075_gene	candidate
CDKN2B	sgRNA_22141948.22142311_22142108_gene	candidate
CDKN2B-AS1	sgRNA_22141948.22142311_22142108_gene	candidate
p16.dialup	sgRNA_22141948.22142311_22142108_gene	candidate
MTAP	sgRNA_22141948.22142311_22142108_gene	candidate
DMRTA1	sgRNA_22141948.22142311_22142108_gene	candidate
IFNB1	sgRNA_22141948.22142311_22142108_gene	candidate
IFNE	sgRNA_22141948.22142311_22142108_gene	candidate
IFNWP19	sgRNA_22141948.22142311_22142108_gene	candidate
p14.dialup	sgRNA_22141948.22142311_22142108_gene	candidate
CDKN2B	sgRNA_22141948.22142311_22142145_gene	candidate
CDKN2B-AS1	sgRNA_22141948.22142311_22142145_gene	candidate
p16.dialup	sgRNA_22141948.22142311_22142145_gene	candidate
MTAP	sgRNA_22141948.22142311_22142145_gene	candidate
DMRTA1	sgRNA_22141948.22142311_22142145_gene	candidate
IFNB1	sgRNA_22141948.22142311_22142145_gene	candidate
IFNE	sgRNA_22141948.22142311_22142145_gene	candidate
IFNWP19	sgRNA_22141948.22142311_22142145_gene	candidate
p14.dialup	sgRNA_22141948.22142311_22142145_gene	candidate
CDKN2B	sgRNA_22142693.22143075_22142831_gene	candidate
CDKN2B-AS1	sgRNA_22142693.22143075_22142831_gene	candidate
p16.dialup	sgRNA_22142693.22143075_22142831_gene	candidate
MTAP	sgRNA_22142693.22143075_22142831_gene	candidate
DMRTA1	sgRNA_22142693.22143075_22142831_gene	candidate
IFNB1	sgRNA_22142693.22143075_22142831_gene	candidate
IFNE	sgRNA_22142693.22143075_22142831_gene	candidate
IFNWP19	sgRNA_22142693.22143075_22142831_gene	candidate
p14.dialup	sgRNA_22142693.22143075_22142831_gene	candidate
CDKN2B	sgRNA_22142693.22143075_22142900_gene	candidate
CDKN2B-AS1	sgRNA_22142693.22143075_22142900_gene	candidate
p16.dialup	sgRNA_22142693.22143075_22142900_gene	candidate
MTAP	sgRNA_22142693.22143075_22142900_gene	candidate
DMRTA1	sgRNA_22142693.22143075_22142900_gene	candidate
IFNB1	sgRNA_22142693.22143075_22142900_gene	candidate
IFNE	sgRNA_22142693.22143075_22142900_gene	candidate
IFNWP19	sgRNA_22142693.22143075_22142900_gene	candidate
p14.dialup	sgRNA_22142693.22143075_22142900_gene	candidate
CDKN2B	sgRNA_22142693.22143075_22142904_gene	candidate
CDKN2B-AS1	sgRNA_22142693.22143075_22142904_gene	candidate
p16.dialup	sgRNA_22142693.22143075_22142904_gene	candidate
MTAP	sgRNA_22142693.22143075_22142904_gene	candidate
DMRTA1	sgRNA_22142693.22143075_22142904_gene	candidate
IFNB1	sgRNA_22142693.22143075_22142904_gene	candidate
IFNE	sgRNA_22142693.22143075_22142904_gene	candidate
IFNWP19	sgRNA_22142693.22143075_22142904_gene	candidate
p14.dialup	sgRNA_22142693.22143075_22142904_gene	candidate
CDKN2B	sgRNA_22142693.22143075_22142983_gene	candidate
CDKN2B-AS1	sgRNA_22142693.22143075_22142983_gene	candidate
p16.dialup	sgRNA_22142693.22143075_22142983_gene	candidate
MTAP	sgRNA_22142693.22143075_22142983_gene	candidate
DMRTA1	sgRNA_22142693.22143075_22142983_gene	candidate
IFNB1	sgRNA_22142693.22143075_22142983_gene	candidate
IFNE	sgRNA_22142693.22143075_22142983_gene	candidate
IFNWP19	sgRNA_22142693.22143075_22142983_gene	candidate
p14.dialup	sgRNA_22142693.22143075_22142983_gene	candidate
CDKN2B	sgRNA_22144295.22144611_22144340_gene	candidate
CDKN2B-AS1	sgRNA_22144295.22144611_22144340_gene	candidate
p16.dialup	sgRNA_22144295.22144611_22144340_gene	candidate
MTAP	sgRNA_22144295.22144611_22144340_gene	candidate
DMRTA1	sgRNA_22144295.22144611_22144340_gene	candidate
IFNB1	sgRNA_22144295.22144611_22144340_gene	candidate
IFNE	sgRNA_22144295.22144611_22144340_gene	candidate
IFNWP19	sgRNA_22144295.22144611_22144340_gene	candidate
p14.dialup	sgRNA_22144295.22144611_22144340_gene	candidate
CDKN2B	sgRNA_22144295.22144611_22144410_gene	candidate
CDKN2B-AS1	sgRNA_22144295.22144611_22144410_gene	candidate
p16.dialup	sgRNA_22144295.22144611_22144410_gene	candidate
MTAP	sgRNA_22144295.22144611_22144410_gene	candidate
DMRTA1	sgRNA_22144295.22144611_22144410_gene	candidate
IFNB1	sgRNA_22144295.22144611_22144410_gene	candidate
IFNE	sgRNA_22144295.22144611_22144410_gene	candidate
IFNWP19	sgRNA_22144295.22144611_22144410_gene	candidate
p14.dialup	sgRNA_22144295.22144611_22144410_gene	candidate
CDKN2B	sgRNA_22144295.22144611_22144472_gene	candidate
CDKN2B-AS1	sgRNA_22144295.22144611_22144472_gene	candidate
p16.dialup	sgRNA_22144295.22144611_22144472_gene	candidate
MTAP	sgRNA_22144295.22144611_22144472_gene	candidate
DMRTA1	sgRNA_22144295.22144611_22144472_gene	candidate
IFNB1	sgRNA_22144295.22144611_22144472_gene	candidate
IFNE	sgRNA_22144295.22144611_22144472_gene	candidate
IFNWP19	sgRNA_22144295.22144611_22144472_gene	candidate
p14.dialup	sgRNA_22144295.22144611_22144472_gene	candidate
CDKN2B	sgRNA_22144295.22144611_22144514_gene	candidate
CDKN2B-AS1	sgRNA_22144295.22144611_22144514_gene	candidate
p16.dialup	sgRNA_22144295.22144611_22144514_gene	candidate
MTAP	sgRNA_22144295.22144611_22144514_gene	candidate
DMRTA1	sgRNA_22144295.22144611_22144514_gene	candidate
IFNB1	sgRNA_22144295.22144611_22144514_gene	candidate
IFNE	sgRNA_22144295.22144611_22144514_gene	candidate
IFNWP19	sgRNA_22144295.22144611_22144514_gene	candidate
p14.dialup	sgRNA_22144295.22144611_22144514_gene	candidate
CDKN2B	sgRNA_22147840.22148133_22147864_gene	candidate
CDKN2B-AS1	sgRNA_22147840.22148133_22147864_gene	candidate
p16.dialup	sgRNA_22147840.22148133_22147864_gene	candidate
MTAP	sgRNA_22147840.22148133_22147864_gene	candidate
DMRTA1	sgRNA_22147840.22148133_22147864_gene	candidate
IFNB1	sgRNA_22147840.22148133_22147864_gene	candidate
IFNE	sgRNA_22147840.22148133_22147864_gene	candidate
IFNWP19	sgRNA_22147840.22148133_22147864_gene	candidate
p14.dialup	sgRNA_22147840.22148133_22147864_gene	candidate
CDKN2B	sgRNA_22147840.22148133_22147884_gene	candidate
CDKN2B-AS1	sgRNA_22147840.22148133_22147884_gene	candidate
p16.dialup	sgRNA_22147840.22148133_22147884_gene	candidate
MTAP	sgRNA_22147840.22148133_22147884_gene	candidate
DMRTA1	sgRNA_22147840.22148133_22147884_gene	candidate
IFNB1	sgRNA_22147840.22148133_22147884_gene	candidate
IFNE	sgRNA_22147840.22148133_22147884_gene	candidate
IFNWP19	sgRNA_22147840.22148133_22147884_gene	candidate
p14.dialup	sgRNA_22147840.22148133_22147884_gene	candidate
CDKN2B	sgRNA_22147840.22148133_22147981_gene	candidate
CDKN2B-AS1	sgRNA_22147840.22148133_22147981_gene	candidate
p16.dialup	sgRNA_22147840.22148133_22147981_gene	candidate
MTAP	sgRNA_22147840.22148133_22147981_gene	candidate
DMRTA1	sgRNA_22147840.22148133_22147981_gene	candidate
IFNB1	sgRNA_22147840.22148133_22147981_gene	candidate
IFNE	sgRNA_22147840.22148133_22147981_gene	candidate
IFNWP19	sgRNA_22147840.22148133_22147981_gene	candidate
p14.dialup	sgRNA_22147840.22148133_22147981_gene	candidate
CDKN2B	sgRNA_22147840.22148133_22148120_gene	candidate
CDKN2B-AS1	sgRNA_22147840.22148133_22148120_gene	candidate
p16.dialup	sgRNA_22147840.22148133_22148120_gene	candidate
MTAP	sgRNA_22147840.22148133_22148120_gene	candidate
DMRTA1	sgRNA_22147840.22148133_22148120_gene	candidate
IFNB1	sgRNA_22147840.22148133_22148120_gene	candidate
IFNE	sgRNA_22147840.22148133_22148120_gene	candidate
IFNWP19	sgRNA_22147840.22148133_22148120_gene	candidate
p14.dialup	sgRNA_22147840.22148133_22148120_gene	candidate
CDKN2B	sgRNA_22148199.22148548_22148299_gene	candidate
CDKN2B-AS1	sgRNA_22148199.22148548_22148299_gene	candidate
p16.dialup	sgRNA_22148199.22148548_22148299_gene	candidate
MTAP	sgRNA_22148199.22148548_22148299_gene	candidate
DMRTA1	sgRNA_22148199.22148548_22148299_gene	candidate
IFNB1	sgRNA_22148199.22148548_22148299_gene	candidate
IFNE	sgRNA_22148199.22148548_22148299_gene	candidate
IFNWP19	sgRNA_22148199.22148548_22148299_gene	candidate
p14.dialup	sgRNA_22148199.22148548_22148299_gene	candidate
CDKN2B	sgRNA_22148199.22148548_22148321_gene	candidate
CDKN2B-AS1	sgRNA_22148199.22148548_22148321_gene	candidate
p16.dialup	sgRNA_22148199.22148548_22148321_gene	candidate
MTAP	sgRNA_22148199.22148548_22148321_gene	candidate
DMRTA1	sgRNA_22148199.22148548_22148321_gene	candidate
IFNB1	sgRNA_22148199.22148548_22148321_gene	candidate
IFNE	sgRNA_22148199.22148548_22148321_gene	candidate
IFNWP19	sgRNA_22148199.22148548_22148321_gene	candidate
p14.dialup	sgRNA_22148199.22148548_22148321_gene	candidate
CDKN2B	sgRNA_22148199.22148548_22148387_gene	candidate
CDKN2B-AS1	sgRNA_22148199.22148548_22148387_gene	candidate
p16.dialup	sgRNA_22148199.22148548_22148387_gene	candidate
MTAP	sgRNA_22148199.22148548_22148387_gene	candidate
DMRTA1	sgRNA_22148199.22148548_22148387_gene	candidate
IFNB1	sgRNA_22148199.22148548_22148387_gene	candidate
IFNE	sgRNA_22148199.22148548_22148387_gene	candidate
IFNWP19	sgRNA_22148199.22148548_22148387_gene	candidate
p14.dialup	sgRNA_22148199.22148548_22148387_gene	candidate
CDKN2B	sgRNA_22148199.22148548_22148458_gene	candidate
CDKN2B-AS1	sgRNA_22148199.22148548_22148458_gene	candidate
p16.dialup	sgRNA_22148199.22148548_22148458_gene	candidate
MTAP	sgRNA_22148199.22148548_22148458_gene	candidate
DMRTA1	sgRNA_22148199.22148548_22148458_gene	candidate
IFNB1	sgRNA_22148199.22148548_22148458_gene	candidate
IFNE	sgRNA_22148199.22148548_22148458_gene	candidate
IFNWP19	sgRNA_22148199.22148548_22148458_gene	candidate
p14.dialup	sgRNA_22148199.22148548_22148458_gene	candidate
CDKN2B	sgRNA_22148828.22149225_22148956_gene	candidate
CDKN2B-AS1	sgRNA_22148828.22149225_22148956_gene	candidate
p16.dialup	sgRNA_22148828.22149225_22148956_gene	candidate
MTAP	sgRNA_22148828.22149225_22148956_gene	candidate
DMRTA1	sgRNA_22148828.22149225_22148956_gene	candidate
IFNB1	sgRNA_22148828.22149225_22148956_gene	candidate
IFNE	sgRNA_22148828.22149225_22148956_gene	candidate
IFNWP19	sgRNA_22148828.22149225_22148956_gene	candidate
p14.dialup	sgRNA_22148828.22149225_22148956_gene	candidate
CDKN2B	sgRNA_22148828.22149225_22149049_gene	candidate
CDKN2B-AS1	sgRNA_22148828.22149225_22149049_gene	candidate
p16.dialup	sgRNA_22148828.22149225_22149049_gene	candidate
MTAP	sgRNA_22148828.22149225_22149049_gene	candidate
DMRTA1	sgRNA_22148828.22149225_22149049_gene	candidate
IFNB1	sgRNA_22148828.22149225_22149049_gene	candidate
IFNE	sgRNA_22148828.22149225_22149049_gene	candidate
IFNWP19	sgRNA_22148828.22149225_22149049_gene	candidate
p14.dialup	sgRNA_22148828.22149225_22149049_gene	candidate
CDKN2B	sgRNA_22148828.22149225_22149088_gene	candidate
CDKN2B-AS1	sgRNA_22148828.22149225_22149088_gene	candidate
p16.dialup	sgRNA_22148828.22149225_22149088_gene	candidate
MTAP	sgRNA_22148828.22149225_22149088_gene	candidate
DMRTA1	sgRNA_22148828.22149225_22149088_gene	candidate
IFNB1	sgRNA_22148828.22149225_22149088_gene	candidate
IFNE	sgRNA_22148828.22149225_22149088_gene	candidate
IFNWP19	sgRNA_22148828.22149225_22149088_gene	candidate
p14.dialup	sgRNA_22148828.22149225_22149088_gene	candidate
CDKN2B	sgRNA_22148828.22149225_22149194_gene	candidate
CDKN2B-AS1	sgRNA_22148828.22149225_22149194_gene	candidate
p16.dialup	sgRNA_22148828.22149225_22149194_gene	candidate
MTAP	sgRNA_22148828.22149225_22149194_gene	candidate
DMRTA1	sgRNA_22148828.22149225_22149194_gene	candidate
IFNB1	sgRNA_22148828.22149225_22149194_gene	candidate
IFNE	sgRNA_22148828.22149225_22149194_gene	candidate
IFNWP19	sgRNA_22148828.22149225_22149194_gene	candidate
p14.dialup	sgRNA_22148828.22149225_22149194_gene	candidate
CDKN2B	sgRNA_22152945.22153183_22152965_gene	candidate
CDKN2B-AS1	sgRNA_22152945.22153183_22152965_gene	candidate
p16.dialup	sgRNA_22152945.22153183_22152965_gene	candidate
MTAP	sgRNA_22152945.22153183_22152965_gene	candidate
DMRTA1	sgRNA_22152945.22153183_22152965_gene	candidate
IFNB1	sgRNA_22152945.22153183_22152965_gene	candidate
IFNE	sgRNA_22152945.22153183_22152965_gene	candidate
IFNWP19	sgRNA_22152945.22153183_22152965_gene	candidate
p14.dialup	sgRNA_22152945.22153183_22152965_gene	candidate
CDKN2B	sgRNA_22152945.22153183_22153102_gene	candidate
CDKN2B-AS1	sgRNA_22152945.22153183_22153102_gene	candidate
p16.dialup	sgRNA_22152945.22153183_22153102_gene	candidate
MTAP	sgRNA_22152945.22153183_22153102_gene	candidate
DMRTA1	sgRNA_22152945.22153183_22153102_gene	candidate
IFNB1	sgRNA_22152945.22153183_22153102_gene	candidate
IFNE	sgRNA_22152945.22153183_22153102_gene	candidate
IFNWP19	sgRNA_22152945.22153183_22153102_gene	candidate
p14.dialup	sgRNA_22152945.22153183_22153102_gene	candidate
CDKN2B	sgRNA_22152945.22153183_22153103_gene	candidate
CDKN2B-AS1	sgRNA_22152945.22153183_22153103_gene	candidate
p16.dialup	sgRNA_22152945.22153183_22153103_gene	candidate
MTAP	sgRNA_22152945.22153183_22153103_gene	candidate
DMRTA1	sgRNA_22152945.22153183_22153103_gene	candidate
IFNB1	sgRNA_22152945.22153183_22153103_gene	candidate
IFNE	sgRNA_22152945.22153183_22153103_gene	candidate
IFNWP19	sgRNA_22152945.22153183_22153103_gene	candidate
p14.dialup	sgRNA_22152945.22153183_22153103_gene	candidate
CDKN2B	sgRNA_22152945.22153183_22153107_gene	candidate
CDKN2B-AS1	sgRNA_22152945.22153183_22153107_gene	candidate
p16.dialup	sgRNA_22152945.22153183_22153107_gene	candidate
MTAP	sgRNA_22152945.22153183_22153107_gene	candidate
DMRTA1	sgRNA_22152945.22153183_22153107_gene	candidate
IFNB1	sgRNA_22152945.22153183_22153107_gene	candidate
IFNE	sgRNA_22152945.22153183_22153107_gene	candidate
IFNWP19	sgRNA_22152945.22153183_22153107_gene	candidate
p14.dialup	sgRNA_22152945.22153183_22153107_gene	candidate
CDKN2B	sgRNA_22154472.22154754_22154673_gene	candidate
CDKN2B-AS1	sgRNA_22154472.22154754_22154673_gene	candidate
p16.dialup	sgRNA_22154472.22154754_22154673_gene	candidate
MTAP	sgRNA_22154472.22154754_22154673_gene	candidate
DMRTA1	sgRNA_22154472.22154754_22154673_gene	candidate
IFNB1	sgRNA_22154472.22154754_22154673_gene	candidate
IFNE	sgRNA_22154472.22154754_22154673_gene	candidate
IFNWP19	sgRNA_22154472.22154754_22154673_gene	candidate
p14.dialup	sgRNA_22154472.22154754_22154673_gene	candidate
CDKN2B	sgRNA_22154472.22154754_22154707_gene	candidate
CDKN2B-AS1	sgRNA_22154472.22154754_22154707_gene	candidate
p16.dialup	sgRNA_22154472.22154754_22154707_gene	candidate
MTAP	sgRNA_22154472.22154754_22154707_gene	candidate
DMRTA1	sgRNA_22154472.22154754_22154707_gene	candidate
IFNB1	sgRNA_22154472.22154754_22154707_gene	candidate
IFNE	sgRNA_22154472.22154754_22154707_gene	candidate
IFNWP19	sgRNA_22154472.22154754_22154707_gene	candidate
p14.dialup	sgRNA_22154472.22154754_22154707_gene	candidate
CDKN2B	sgRNA_22154472.22154754_22154722_gene	candidate
CDKN2B-AS1	sgRNA_22154472.22154754_22154722_gene	candidate
p16.dialup	sgRNA_22154472.22154754_22154722_gene	candidate
MTAP	sgRNA_22154472.22154754_22154722_gene	candidate
DMRTA1	sgRNA_22154472.22154754_22154722_gene	candidate
IFNB1	sgRNA_22154472.22154754_22154722_gene	candidate
IFNE	sgRNA_22154472.22154754_22154722_gene	candidate
IFNWP19	sgRNA_22154472.22154754_22154722_gene	candidate
p14.dialup	sgRNA_22154472.22154754_22154722_gene	candidate
CDKN2B	sgRNA_22154758.22154864_22154773_gene	candidate
CDKN2B-AS1	sgRNA_22154758.22154864_22154773_gene	candidate
p16.dialup	sgRNA_22154758.22154864_22154773_gene	candidate
MTAP	sgRNA_22154758.22154864_22154773_gene	candidate
DMRTA1	sgRNA_22154758.22154864_22154773_gene	candidate
IFNB1	sgRNA_22154758.22154864_22154773_gene	candidate
IFNE	sgRNA_22154758.22154864_22154773_gene	candidate
IFNWP19	sgRNA_22154758.22154864_22154773_gene	candidate
p14.dialup	sgRNA_22154758.22154864_22154773_gene	candidate
CDKN2B	sgRNA_22154758.22154864_22154792_gene	candidate
CDKN2B-AS1	sgRNA_22154758.22154864_22154792_gene	candidate
p16.dialup	sgRNA_22154758.22154864_22154792_gene	candidate
MTAP	sgRNA_22154758.22154864_22154792_gene	candidate
DMRTA1	sgRNA_22154758.22154864_22154792_gene	candidate
IFNB1	sgRNA_22154758.22154864_22154792_gene	candidate
IFNE	sgRNA_22154758.22154864_22154792_gene	candidate
IFNWP19	sgRNA_22154758.22154864_22154792_gene	candidate
p14.dialup	sgRNA_22154758.22154864_22154792_gene	candidate
CDKN2B	sgRNA_22154758.22154864_22154811_gene	candidate
CDKN2B-AS1	sgRNA_22154758.22154864_22154811_gene	candidate
p16.dialup	sgRNA_22154758.22154864_22154811_gene	candidate
MTAP	sgRNA_22154758.22154864_22154811_gene	candidate
DMRTA1	sgRNA_22154758.22154864_22154811_gene	candidate
IFNB1	sgRNA_22154758.22154864_22154811_gene	candidate
IFNE	sgRNA_22154758.22154864_22154811_gene	candidate
IFNWP19	sgRNA_22154758.22154864_22154811_gene	candidate
p14.dialup	sgRNA_22154758.22154864_22154811_gene	candidate
CDKN2B	sgRNA_22154758.22154864_22154828_gene	candidate
CDKN2B-AS1	sgRNA_22154758.22154864_22154828_gene	candidate
p16.dialup	sgRNA_22154758.22154864_22154828_gene	candidate
MTAP	sgRNA_22154758.22154864_22154828_gene	candidate
DMRTA1	sgRNA_22154758.22154864_22154828_gene	candidate
IFNB1	sgRNA_22154758.22154864_22154828_gene	candidate
IFNE	sgRNA_22154758.22154864_22154828_gene	candidate
IFNWP19	sgRNA_22154758.22154864_22154828_gene	candidate
p14.dialup	sgRNA_22154758.22154864_22154828_gene	candidate
CDKN2B	sgRNA_22156679.22156971_22156697_gene	candidate
CDKN2B-AS1	sgRNA_22156679.22156971_22156697_gene	candidate
p16.dialup	sgRNA_22156679.22156971_22156697_gene	candidate
MTAP	sgRNA_22156679.22156971_22156697_gene	candidate
DMRTA1	sgRNA_22156679.22156971_22156697_gene	candidate
IFNB1	sgRNA_22156679.22156971_22156697_gene	candidate
IFNE	sgRNA_22156679.22156971_22156697_gene	candidate
IFNWP19	sgRNA_22156679.22156971_22156697_gene	candidate
p14.dialup	sgRNA_22156679.22156971_22156697_gene	candidate
CDKN2B	sgRNA_22156679.22156971_22156794_gene	candidate
CDKN2B-AS1	sgRNA_22156679.22156971_22156794_gene	candidate
p16.dialup	sgRNA_22156679.22156971_22156794_gene	candidate
MTAP	sgRNA_22156679.22156971_22156794_gene	candidate
DMRTA1	sgRNA_22156679.22156971_22156794_gene	candidate
IFNB1	sgRNA_22156679.22156971_22156794_gene	candidate
IFNE	sgRNA_22156679.22156971_22156794_gene	candidate
IFNWP19	sgRNA_22156679.22156971_22156794_gene	candidate
p14.dialup	sgRNA_22156679.22156971_22156794_gene	candidate
CDKN2B	sgRNA_22157140.22157718_22157338_gene	candidate
CDKN2B-AS1	sgRNA_22157140.22157718_22157338_gene	candidate
p16.dialup	sgRNA_22157140.22157718_22157338_gene	candidate
MTAP	sgRNA_22157140.22157718_22157338_gene	candidate
DMRTA1	sgRNA_22157140.22157718_22157338_gene	candidate
IFNB1	sgRNA_22157140.22157718_22157338_gene	candidate
IFNE	sgRNA_22157140.22157718_22157338_gene	candidate
IFNWP19	sgRNA_22157140.22157718_22157338_gene	candidate
p14.dialup	sgRNA_22157140.22157718_22157338_gene	candidate
CDKN2B	sgRNA_22157140.22157718_22157341_gene	candidate
CDKN2B-AS1	sgRNA_22157140.22157718_22157341_gene	candidate
p16.dialup	sgRNA_22157140.22157718_22157341_gene	candidate
MTAP	sgRNA_22157140.22157718_22157341_gene	candidate
DMRTA1	sgRNA_22157140.22157718_22157341_gene	candidate
IFNB1	sgRNA_22157140.22157718_22157341_gene	candidate
IFNE	sgRNA_22157140.22157718_22157341_gene	candidate
IFNWP19	sgRNA_22157140.22157718_22157341_gene	candidate
p14.dialup	sgRNA_22157140.22157718_22157341_gene	candidate
CDKN2B	sgRNA_22157140.22157718_22157437_gene	candidate
CDKN2B-AS1	sgRNA_22157140.22157718_22157437_gene	candidate
p16.dialup	sgRNA_22157140.22157718_22157437_gene	candidate
MTAP	sgRNA_22157140.22157718_22157437_gene	candidate
DMRTA1	sgRNA_22157140.22157718_22157437_gene	candidate
IFNB1	sgRNA_22157140.22157718_22157437_gene	candidate
IFNE	sgRNA_22157140.22157718_22157437_gene	candidate
IFNWP19	sgRNA_22157140.22157718_22157437_gene	candidate
p14.dialup	sgRNA_22157140.22157718_22157437_gene	candidate
CDKN2B	sgRNA_22157140.22157718_22157447_gene	candidate
CDKN2B-AS1	sgRNA_22157140.22157718_22157447_gene	candidate
p16.dialup	sgRNA_22157140.22157718_22157447_gene	candidate
MTAP	sgRNA_22157140.22157718_22157447_gene	candidate
DMRTA1	sgRNA_22157140.22157718_22157447_gene	candidate
IFNB1	sgRNA_22157140.22157718_22157447_gene	candidate
IFNE	sgRNA_22157140.22157718_22157447_gene	candidate
IFNWP19	sgRNA_22157140.22157718_22157447_gene	candidate
p14.dialup	sgRNA_22157140.22157718_22157447_gene	candidate
CDKN2B	sgRNA_22158341.22158535_22158342_gene	candidate
CDKN2B-AS1	sgRNA_22158341.22158535_22158342_gene	candidate
p16.dialup	sgRNA_22158341.22158535_22158342_gene	candidate
MTAP	sgRNA_22158341.22158535_22158342_gene	candidate
DMRTA1	sgRNA_22158341.22158535_22158342_gene	candidate
IFNB1	sgRNA_22158341.22158535_22158342_gene	candidate
IFNE	sgRNA_22158341.22158535_22158342_gene	candidate
IFNWP19	sgRNA_22158341.22158535_22158342_gene	candidate
p14.dialup	sgRNA_22158341.22158535_22158342_gene	candidate
CDKN2B	sgRNA_22158341.22158535_22158392_gene	candidate
CDKN2B-AS1	sgRNA_22158341.22158535_22158392_gene	candidate
p16.dialup	sgRNA_22158341.22158535_22158392_gene	candidate
MTAP	sgRNA_22158341.22158535_22158392_gene	candidate
DMRTA1	sgRNA_22158341.22158535_22158392_gene	candidate
IFNB1	sgRNA_22158341.22158535_22158392_gene	candidate
IFNE	sgRNA_22158341.22158535_22158392_gene	candidate
IFNWP19	sgRNA_22158341.22158535_22158392_gene	candidate
p14.dialup	sgRNA_22158341.22158535_22158392_gene	candidate
CDKN2B	sgRNA_22158341.22158535_22158433_gene	candidate
CDKN2B-AS1	sgRNA_22158341.22158535_22158433_gene	candidate
p16.dialup	sgRNA_22158341.22158535_22158433_gene	candidate
MTAP	sgRNA_22158341.22158535_22158433_gene	candidate
DMRTA1	sgRNA_22158341.22158535_22158433_gene	candidate
IFNB1	sgRNA_22158341.22158535_22158433_gene	candidate
IFNE	sgRNA_22158341.22158535_22158433_gene	candidate
IFNWP19	sgRNA_22158341.22158535_22158433_gene	candidate
p14.dialup	sgRNA_22158341.22158535_22158433_gene	candidate
CDKN2B	sgRNA_22158341.22158535_22158438_gene	candidate
CDKN2B-AS1	sgRNA_22158341.22158535_22158438_gene	candidate
p16.dialup	sgRNA_22158341.22158535_22158438_gene	candidate
MTAP	sgRNA_22158341.22158535_22158438_gene	candidate
DMRTA1	sgRNA_22158341.22158535_22158438_gene	candidate
IFNB1	sgRNA_22158341.22158535_22158438_gene	candidate
IFNE	sgRNA_22158341.22158535_22158438_gene	candidate
IFNWP19	sgRNA_22158341.22158535_22158438_gene	candidate
p14.dialup	sgRNA_22158341.22158535_22158438_gene	candidate
CDKN2B	sgRNA_22158913.22159439_22159063_gene	candidate
CDKN2B-AS1	sgRNA_22158913.22159439_22159063_gene	candidate
p16.dialup	sgRNA_22158913.22159439_22159063_gene	candidate
MTAP	sgRNA_22158913.22159439_22159063_gene	candidate
DMRTA1	sgRNA_22158913.22159439_22159063_gene	candidate
IFNB1	sgRNA_22158913.22159439_22159063_gene	candidate
IFNE	sgRNA_22158913.22159439_22159063_gene	candidate
IFNWP19	sgRNA_22158913.22159439_22159063_gene	candidate
p14.dialup	sgRNA_22158913.22159439_22159063_gene	candidate
CDKN2B	sgRNA_22158913.22159439_22159097_gene	candidate
CDKN2B-AS1	sgRNA_22158913.22159439_22159097_gene	candidate
p16.dialup	sgRNA_22158913.22159439_22159097_gene	candidate
MTAP	sgRNA_22158913.22159439_22159097_gene	candidate
DMRTA1	sgRNA_22158913.22159439_22159097_gene	candidate
IFNB1	sgRNA_22158913.22159439_22159097_gene	candidate
IFNE	sgRNA_22158913.22159439_22159097_gene	candidate
IFNWP19	sgRNA_22158913.22159439_22159097_gene	candidate
p14.dialup	sgRNA_22158913.22159439_22159097_gene	candidate
CDKN2B	sgRNA_22158913.22159439_22159129_gene	candidate
CDKN2B-AS1	sgRNA_22158913.22159439_22159129_gene	candidate
p16.dialup	sgRNA_22158913.22159439_22159129_gene	candidate
MTAP	sgRNA_22158913.22159439_22159129_gene	candidate
DMRTA1	sgRNA_22158913.22159439_22159129_gene	candidate
IFNB1	sgRNA_22158913.22159439_22159129_gene	candidate
IFNE	sgRNA_22158913.22159439_22159129_gene	candidate
IFNWP19	sgRNA_22158913.22159439_22159129_gene	candidate
p14.dialup	sgRNA_22158913.22159439_22159129_gene	candidate
CDKN2B	sgRNA_22158913.22159439_22159158_gene	candidate
CDKN2B-AS1	sgRNA_22158913.22159439_22159158_gene	candidate
p16.dialup	sgRNA_22158913.22159439_22159158_gene	candidate
MTAP	sgRNA_22158913.22159439_22159158_gene	candidate
DMRTA1	sgRNA_22158913.22159439_22159158_gene	candidate
IFNB1	sgRNA_22158913.22159439_22159158_gene	candidate
IFNE	sgRNA_22158913.22159439_22159158_gene	candidate
IFNWP19	sgRNA_22158913.22159439_22159158_gene	candidate
p14.dialup	sgRNA_22158913.22159439_22159158_gene	candidate
CDKN2B	sgRNA_22159596.22159962_22159782_gene	candidate
CDKN2B-AS1	sgRNA_22159596.22159962_22159782_gene	candidate
p16.dialup	sgRNA_22159596.22159962_22159782_gene	candidate
MTAP	sgRNA_22159596.22159962_22159782_gene	candidate
DMRTA1	sgRNA_22159596.22159962_22159782_gene	candidate
IFNB1	sgRNA_22159596.22159962_22159782_gene	candidate
IFNE	sgRNA_22159596.22159962_22159782_gene	candidate
IFNWP19	sgRNA_22159596.22159962_22159782_gene	candidate
p14.dialup	sgRNA_22159596.22159962_22159782_gene	candidate
CDKN2B	sgRNA_22159596.22159962_22159917_gene	candidate
CDKN2B-AS1	sgRNA_22159596.22159962_22159917_gene	candidate
p16.dialup	sgRNA_22159596.22159962_22159917_gene	candidate
MTAP	sgRNA_22159596.22159962_22159917_gene	candidate
DMRTA1	sgRNA_22159596.22159962_22159917_gene	candidate
IFNB1	sgRNA_22159596.22159962_22159917_gene	candidate
IFNE	sgRNA_22159596.22159962_22159917_gene	candidate
IFNWP19	sgRNA_22159596.22159962_22159917_gene	candidate
p14.dialup	sgRNA_22159596.22159962_22159917_gene	candidate
CDKN2B	sgRNA_22159596.22159962_22159952_gene	candidate
CDKN2B-AS1	sgRNA_22159596.22159962_22159952_gene	candidate
p16.dialup	sgRNA_22159596.22159962_22159952_gene	candidate
MTAP	sgRNA_22159596.22159962_22159952_gene	candidate
DMRTA1	sgRNA_22159596.22159962_22159952_gene	candidate
IFNB1	sgRNA_22159596.22159962_22159952_gene	candidate
IFNE	sgRNA_22159596.22159962_22159952_gene	candidate
IFNWP19	sgRNA_22159596.22159962_22159952_gene	candidate
p14.dialup	sgRNA_22159596.22159962_22159952_gene	candidate
CDKN2B	sgRNA_22159596.22159962_22159956_gene	candidate
CDKN2B-AS1	sgRNA_22159596.22159962_22159956_gene	candidate
p16.dialup	sgRNA_22159596.22159962_22159956_gene	candidate
MTAP	sgRNA_22159596.22159962_22159956_gene	candidate
DMRTA1	sgRNA_22159596.22159962_22159956_gene	candidate
IFNB1	sgRNA_22159596.22159962_22159956_gene	candidate
IFNE	sgRNA_22159596.22159962_22159956_gene	candidate
IFNWP19	sgRNA_22159596.22159962_22159956_gene	candidate
p14.dialup	sgRNA_22159596.22159962_22159956_gene	candidate
CDKN2B	sgRNA_22165197.22165547_22165220_gene	candidate
CDKN2B-AS1	sgRNA_22165197.22165547_22165220_gene	candidate
p16.dialup	sgRNA_22165197.22165547_22165220_gene	candidate
MTAP	sgRNA_22165197.22165547_22165220_gene	candidate
DMRTA1	sgRNA_22165197.22165547_22165220_gene	candidate
IFNB1	sgRNA_22165197.22165547_22165220_gene	candidate
IFNE	sgRNA_22165197.22165547_22165220_gene	candidate
IFNWP19	sgRNA_22165197.22165547_22165220_gene	candidate
p14.dialup	sgRNA_22165197.22165547_22165220_gene	candidate
CDKN2B	sgRNA_22165197.22165547_22165430_gene	candidate
CDKN2B-AS1	sgRNA_22165197.22165547_22165430_gene	candidate
p16.dialup	sgRNA_22165197.22165547_22165430_gene	candidate
MTAP	sgRNA_22165197.22165547_22165430_gene	candidate
DMRTA1	sgRNA_22165197.22165547_22165430_gene	candidate
IFNB1	sgRNA_22165197.22165547_22165430_gene	candidate
IFNE	sgRNA_22165197.22165547_22165430_gene	candidate
IFNWP19	sgRNA_22165197.22165547_22165430_gene	candidate
p14.dialup	sgRNA_22165197.22165547_22165430_gene	candidate
CDKN2B	sgRNA_22165197.22165547_22165483_gene	candidate
CDKN2B-AS1	sgRNA_22165197.22165547_22165483_gene	candidate
p16.dialup	sgRNA_22165197.22165547_22165483_gene	candidate
MTAP	sgRNA_22165197.22165547_22165483_gene	candidate
DMRTA1	sgRNA_22165197.22165547_22165483_gene	candidate
IFNB1	sgRNA_22165197.22165547_22165483_gene	candidate
IFNE	sgRNA_22165197.22165547_22165483_gene	candidate
IFNWP19	sgRNA_22165197.22165547_22165483_gene	candidate
p14.dialup	sgRNA_22165197.22165547_22165483_gene	candidate
CDKN2B	sgRNA_22165197.22165547_22165541_gene	candidate
CDKN2B-AS1	sgRNA_22165197.22165547_22165541_gene	candidate
p16.dialup	sgRNA_22165197.22165547_22165541_gene	candidate
MTAP	sgRNA_22165197.22165547_22165541_gene	candidate
DMRTA1	sgRNA_22165197.22165547_22165541_gene	candidate
IFNB1	sgRNA_22165197.22165547_22165541_gene	candidate
IFNE	sgRNA_22165197.22165547_22165541_gene	candidate
IFNWP19	sgRNA_22165197.22165547_22165541_gene	candidate
p14.dialup	sgRNA_22165197.22165547_22165541_gene	candidate
CDKN2B	sgRNA_22166049.22166427_22166176_gene	candidate
CDKN2B-AS1	sgRNA_22166049.22166427_22166176_gene	candidate
p16.dialup	sgRNA_22166049.22166427_22166176_gene	candidate
MTAP	sgRNA_22166049.22166427_22166176_gene	candidate
DMRTA1	sgRNA_22166049.22166427_22166176_gene	candidate
IFNB1	sgRNA_22166049.22166427_22166176_gene	candidate
IFNE	sgRNA_22166049.22166427_22166176_gene	candidate
IFNWP19	sgRNA_22166049.22166427_22166176_gene	candidate
p14.dialup	sgRNA_22166049.22166427_22166176_gene	candidate
CDKN2B	sgRNA_22166049.22166427_22166222_gene	candidate
CDKN2B-AS1	sgRNA_22166049.22166427_22166222_gene	candidate
p16.dialup	sgRNA_22166049.22166427_22166222_gene	candidate
MTAP	sgRNA_22166049.22166427_22166222_gene	candidate
DMRTA1	sgRNA_22166049.22166427_22166222_gene	candidate
IFNB1	sgRNA_22166049.22166427_22166222_gene	candidate
IFNE	sgRNA_22166049.22166427_22166222_gene	candidate
IFNWP19	sgRNA_22166049.22166427_22166222_gene	candidate
p14.dialup	sgRNA_22166049.22166427_22166222_gene	candidate
CDKN2B	sgRNA_22166049.22166427_22166244_gene	candidate
CDKN2B-AS1	sgRNA_22166049.22166427_22166244_gene	candidate
p16.dialup	sgRNA_22166049.22166427_22166244_gene	candidate
MTAP	sgRNA_22166049.22166427_22166244_gene	candidate
DMRTA1	sgRNA_22166049.22166427_22166244_gene	candidate
IFNB1	sgRNA_22166049.22166427_22166244_gene	candidate
IFNE	sgRNA_22166049.22166427_22166244_gene	candidate
IFNWP19	sgRNA_22166049.22166427_22166244_gene	candidate
p14.dialup	sgRNA_22166049.22166427_22166244_gene	candidate
CDKN2B	sgRNA_22166049.22166427_22166264_gene	candidate
CDKN2B-AS1	sgRNA_22166049.22166427_22166264_gene	candidate
p16.dialup	sgRNA_22166049.22166427_22166264_gene	candidate
MTAP	sgRNA_22166049.22166427_22166264_gene	candidate
DMRTA1	sgRNA_22166049.22166427_22166264_gene	candidate
IFNB1	sgRNA_22166049.22166427_22166264_gene	candidate
IFNE	sgRNA_22166049.22166427_22166264_gene	candidate
IFNWP19	sgRNA_22166049.22166427_22166264_gene	candidate
p14.dialup	sgRNA_22166049.22166427_22166264_gene	candidate
CDKN2B	sgRNA_22167088.22167312_22167160_gene	candidate
CDKN2B-AS1	sgRNA_22167088.22167312_22167160_gene	candidate
p16.dialup	sgRNA_22167088.22167312_22167160_gene	candidate
MTAP	sgRNA_22167088.22167312_22167160_gene	candidate
DMRTA1	sgRNA_22167088.22167312_22167160_gene	candidate
IFNB1	sgRNA_22167088.22167312_22167160_gene	candidate
IFNE	sgRNA_22167088.22167312_22167160_gene	candidate
IFNWP19	sgRNA_22167088.22167312_22167160_gene	candidate
p14.dialup	sgRNA_22167088.22167312_22167160_gene	candidate
CDKN2B	sgRNA_22167088.22167312_22167169_gene	candidate
CDKN2B-AS1	sgRNA_22167088.22167312_22167169_gene	candidate
p16.dialup	sgRNA_22167088.22167312_22167169_gene	candidate
MTAP	sgRNA_22167088.22167312_22167169_gene	candidate
DMRTA1	sgRNA_22167088.22167312_22167169_gene	candidate
IFNB1	sgRNA_22167088.22167312_22167169_gene	candidate
IFNE	sgRNA_22167088.22167312_22167169_gene	candidate
IFNWP19	sgRNA_22167088.22167312_22167169_gene	candidate
p14.dialup	sgRNA_22167088.22167312_22167169_gene	candidate
CDKN2B	sgRNA_22167088.22167312_22167173_gene	candidate
CDKN2B-AS1	sgRNA_22167088.22167312_22167173_gene	candidate
p16.dialup	sgRNA_22167088.22167312_22167173_gene	candidate
MTAP	sgRNA_22167088.22167312_22167173_gene	candidate
DMRTA1	sgRNA_22167088.22167312_22167173_gene	candidate
IFNB1	sgRNA_22167088.22167312_22167173_gene	candidate
IFNE	sgRNA_22167088.22167312_22167173_gene	candidate
IFNWP19	sgRNA_22167088.22167312_22167173_gene	candidate
p14.dialup	sgRNA_22167088.22167312_22167173_gene	candidate
CDKN2B	sgRNA_22167088.22167312_22167208_gene	candidate
CDKN2B-AS1	sgRNA_22167088.22167312_22167208_gene	candidate
p16.dialup	sgRNA_22167088.22167312_22167208_gene	candidate
MTAP	sgRNA_22167088.22167312_22167208_gene	candidate
DMRTA1	sgRNA_22167088.22167312_22167208_gene	candidate
IFNB1	sgRNA_22167088.22167312_22167208_gene	candidate
IFNE	sgRNA_22167088.22167312_22167208_gene	candidate
IFNWP19	sgRNA_22167088.22167312_22167208_gene	candidate
p14.dialup	sgRNA_22167088.22167312_22167208_gene	candidate
CDKN2B	sgRNA_22168991.22169151_22169003_gene	candidate
CDKN2B-AS1	sgRNA_22168991.22169151_22169003_gene	candidate
p16.dialup	sgRNA_22168991.22169151_22169003_gene	candidate
MTAP	sgRNA_22168991.22169151_22169003_gene	candidate
DMRTA1	sgRNA_22168991.22169151_22169003_gene	candidate
IFNB1	sgRNA_22168991.22169151_22169003_gene	candidate
IFNE	sgRNA_22168991.22169151_22169003_gene	candidate
IFNWP19	sgRNA_22168991.22169151_22169003_gene	candidate
p14.dialup	sgRNA_22168991.22169151_22169003_gene	candidate
CDKN2B	sgRNA_22168991.22169151_22169007_gene	candidate
CDKN2B-AS1	sgRNA_22168991.22169151_22169007_gene	candidate
p16.dialup	sgRNA_22168991.22169151_22169007_gene	candidate
MTAP	sgRNA_22168991.22169151_22169007_gene	candidate
DMRTA1	sgRNA_22168991.22169151_22169007_gene	candidate
IFNB1	sgRNA_22168991.22169151_22169007_gene	candidate
IFNE	sgRNA_22168991.22169151_22169007_gene	candidate
IFNWP19	sgRNA_22168991.22169151_22169007_gene	candidate
p14.dialup	sgRNA_22168991.22169151_22169007_gene	candidate
CDKN2B	sgRNA_22168991.22169151_22169095_gene	candidate
CDKN2B-AS1	sgRNA_22168991.22169151_22169095_gene	candidate
p16.dialup	sgRNA_22168991.22169151_22169095_gene	candidate
MTAP	sgRNA_22168991.22169151_22169095_gene	candidate
DMRTA1	sgRNA_22168991.22169151_22169095_gene	candidate
IFNB1	sgRNA_22168991.22169151_22169095_gene	candidate
IFNE	sgRNA_22168991.22169151_22169095_gene	candidate
IFNWP19	sgRNA_22168991.22169151_22169095_gene	candidate
p14.dialup	sgRNA_22168991.22169151_22169095_gene	candidate
CDKN2B	sgRNA_22169216.22169589_22169280_gene	candidate
CDKN2B-AS1	sgRNA_22169216.22169589_22169280_gene	candidate
p16.dialup	sgRNA_22169216.22169589_22169280_gene	candidate
MTAP	sgRNA_22169216.22169589_22169280_gene	candidate
DMRTA1	sgRNA_22169216.22169589_22169280_gene	candidate
IFNB1	sgRNA_22169216.22169589_22169280_gene	candidate
IFNE	sgRNA_22169216.22169589_22169280_gene	candidate
IFNWP19	sgRNA_22169216.22169589_22169280_gene	candidate
p14.dialup	sgRNA_22169216.22169589_22169280_gene	candidate
CDKN2B	sgRNA_22169216.22169589_22169315_gene	candidate
CDKN2B-AS1	sgRNA_22169216.22169589_22169315_gene	candidate
p16.dialup	sgRNA_22169216.22169589_22169315_gene	candidate
MTAP	sgRNA_22169216.22169589_22169315_gene	candidate
DMRTA1	sgRNA_22169216.22169589_22169315_gene	candidate
IFNB1	sgRNA_22169216.22169589_22169315_gene	candidate
IFNE	sgRNA_22169216.22169589_22169315_gene	candidate
IFNWP19	sgRNA_22169216.22169589_22169315_gene	candidate
p14.dialup	sgRNA_22169216.22169589_22169315_gene	candidate
CDKN2B	sgRNA_22169216.22169589_22169406_gene	candidate
CDKN2B-AS1	sgRNA_22169216.22169589_22169406_gene	candidate
p16.dialup	sgRNA_22169216.22169589_22169406_gene	candidate
MTAP	sgRNA_22169216.22169589_22169406_gene	candidate
DMRTA1	sgRNA_22169216.22169589_22169406_gene	candidate
IFNB1	sgRNA_22169216.22169589_22169406_gene	candidate
IFNE	sgRNA_22169216.22169589_22169406_gene	candidate
IFNWP19	sgRNA_22169216.22169589_22169406_gene	candidate
p14.dialup	sgRNA_22169216.22169589_22169406_gene	candidate
CDKN2B	sgRNA_22169216.22169589_22169422_gene	candidate
CDKN2B-AS1	sgRNA_22169216.22169589_22169422_gene	candidate
p16.dialup	sgRNA_22169216.22169589_22169422_gene	candidate
MTAP	sgRNA_22169216.22169589_22169422_gene	candidate
DMRTA1	sgRNA_22169216.22169589_22169422_gene	candidate
IFNB1	sgRNA_22169216.22169589_22169422_gene	candidate
IFNE	sgRNA_22169216.22169589_22169422_gene	candidate
IFNWP19	sgRNA_22169216.22169589_22169422_gene	candidate
p14.dialup	sgRNA_22169216.22169589_22169422_gene	candidate
CDKN2B	sgRNA_22170179.22170509_22170333_gene	candidate
CDKN2B-AS1	sgRNA_22170179.22170509_22170333_gene	candidate
p16.dialup	sgRNA_22170179.22170509_22170333_gene	candidate
MTAP	sgRNA_22170179.22170509_22170333_gene	candidate
DMRTA1	sgRNA_22170179.22170509_22170333_gene	candidate
IFNB1	sgRNA_22170179.22170509_22170333_gene	candidate
IFNE	sgRNA_22170179.22170509_22170333_gene	candidate
IFNWP19	sgRNA_22170179.22170509_22170333_gene	candidate
p14.dialup	sgRNA_22170179.22170509_22170333_gene	candidate
CDKN2B	sgRNA_22170179.22170509_22170356_gene	candidate
CDKN2B-AS1	sgRNA_22170179.22170509_22170356_gene	candidate
p16.dialup	sgRNA_22170179.22170509_22170356_gene	candidate
MTAP	sgRNA_22170179.22170509_22170356_gene	candidate
DMRTA1	sgRNA_22170179.22170509_22170356_gene	candidate
IFNB1	sgRNA_22170179.22170509_22170356_gene	candidate
IFNE	sgRNA_22170179.22170509_22170356_gene	candidate
IFNWP19	sgRNA_22170179.22170509_22170356_gene	candidate
p14.dialup	sgRNA_22170179.22170509_22170356_gene	candidate
CDKN2B	sgRNA_22170179.22170509_22170461_gene	candidate
CDKN2B-AS1	sgRNA_22170179.22170509_22170461_gene	candidate
p16.dialup	sgRNA_22170179.22170509_22170461_gene	candidate
MTAP	sgRNA_22170179.22170509_22170461_gene	candidate
DMRTA1	sgRNA_22170179.22170509_22170461_gene	candidate
IFNB1	sgRNA_22170179.22170509_22170461_gene	candidate
IFNE	sgRNA_22170179.22170509_22170461_gene	candidate
IFNWP19	sgRNA_22170179.22170509_22170461_gene	candidate
p14.dialup	sgRNA_22170179.22170509_22170461_gene	candidate
CDKN2B	sgRNA_22170179.22170509_22170469_gene	candidate
CDKN2B-AS1	sgRNA_22170179.22170509_22170469_gene	candidate
p16.dialup	sgRNA_22170179.22170509_22170469_gene	candidate
MTAP	sgRNA_22170179.22170509_22170469_gene	candidate
DMRTA1	sgRNA_22170179.22170509_22170469_gene	candidate
IFNB1	sgRNA_22170179.22170509_22170469_gene	candidate
IFNE	sgRNA_22170179.22170509_22170469_gene	candidate
IFNWP19	sgRNA_22170179.22170509_22170469_gene	candidate
p14.dialup	sgRNA_22170179.22170509_22170469_gene	candidate
CDKN2B	sgRNA_22171367.22171595_22171405_gene	candidate
CDKN2B-AS1	sgRNA_22171367.22171595_22171405_gene	candidate
p16.dialup	sgRNA_22171367.22171595_22171405_gene	candidate
MTAP	sgRNA_22171367.22171595_22171405_gene	candidate
DMRTA1	sgRNA_22171367.22171595_22171405_gene	candidate
IFNB1	sgRNA_22171367.22171595_22171405_gene	candidate
IFNE	sgRNA_22171367.22171595_22171405_gene	candidate
IFNWP19	sgRNA_22171367.22171595_22171405_gene	candidate
p14.dialup	sgRNA_22171367.22171595_22171405_gene	candidate
CDKN2B	sgRNA_22171367.22171595_22171454_gene	candidate
CDKN2B-AS1	sgRNA_22171367.22171595_22171454_gene	candidate
p16.dialup	sgRNA_22171367.22171595_22171454_gene	candidate
MTAP	sgRNA_22171367.22171595_22171454_gene	candidate
DMRTA1	sgRNA_22171367.22171595_22171454_gene	candidate
IFNB1	sgRNA_22171367.22171595_22171454_gene	candidate
IFNE	sgRNA_22171367.22171595_22171454_gene	candidate
IFNWP19	sgRNA_22171367.22171595_22171454_gene	candidate
p14.dialup	sgRNA_22171367.22171595_22171454_gene	candidate
CDKN2B	sgRNA_22171367.22171595_22171486_gene	candidate
CDKN2B-AS1	sgRNA_22171367.22171595_22171486_gene	candidate
p16.dialup	sgRNA_22171367.22171595_22171486_gene	candidate
MTAP	sgRNA_22171367.22171595_22171486_gene	candidate
DMRTA1	sgRNA_22171367.22171595_22171486_gene	candidate
IFNB1	sgRNA_22171367.22171595_22171486_gene	candidate
IFNE	sgRNA_22171367.22171595_22171486_gene	candidate
IFNWP19	sgRNA_22171367.22171595_22171486_gene	candidate
p14.dialup	sgRNA_22171367.22171595_22171486_gene	candidate
CDKN2B	sgRNA_22175988.22176348_22176121_gene	candidate
CDKN2B-AS1	sgRNA_22175988.22176348_22176121_gene	candidate
p16.dialup	sgRNA_22175988.22176348_22176121_gene	candidate
MTAP	sgRNA_22175988.22176348_22176121_gene	candidate
DMRTA1	sgRNA_22175988.22176348_22176121_gene	candidate
IFNB1	sgRNA_22175988.22176348_22176121_gene	candidate
IFNE	sgRNA_22175988.22176348_22176121_gene	candidate
IFNWP19	sgRNA_22175988.22176348_22176121_gene	candidate
p14.dialup	sgRNA_22175988.22176348_22176121_gene	candidate
CDKN2B	sgRNA_22175988.22176348_22176152_gene	candidate
CDKN2B-AS1	sgRNA_22175988.22176348_22176152_gene	candidate
p16.dialup	sgRNA_22175988.22176348_22176152_gene	candidate
MTAP	sgRNA_22175988.22176348_22176152_gene	candidate
DMRTA1	sgRNA_22175988.22176348_22176152_gene	candidate
IFNB1	sgRNA_22175988.22176348_22176152_gene	candidate
IFNE	sgRNA_22175988.22176348_22176152_gene	candidate
IFNWP19	sgRNA_22175988.22176348_22176152_gene	candidate
p14.dialup	sgRNA_22175988.22176348_22176152_gene	candidate
CDKN2B	sgRNA_22175988.22176348_22176186_gene	candidate
CDKN2B-AS1	sgRNA_22175988.22176348_22176186_gene	candidate
p16.dialup	sgRNA_22175988.22176348_22176186_gene	candidate
MTAP	sgRNA_22175988.22176348_22176186_gene	candidate
DMRTA1	sgRNA_22175988.22176348_22176186_gene	candidate
IFNB1	sgRNA_22175988.22176348_22176186_gene	candidate
IFNE	sgRNA_22175988.22176348_22176186_gene	candidate
IFNWP19	sgRNA_22175988.22176348_22176186_gene	candidate
p14.dialup	sgRNA_22175988.22176348_22176186_gene	candidate
CDKN2B	sgRNA_22175988.22176348_22176188_gene	candidate
CDKN2B-AS1	sgRNA_22175988.22176348_22176188_gene	candidate
p16.dialup	sgRNA_22175988.22176348_22176188_gene	candidate
MTAP	sgRNA_22175988.22176348_22176188_gene	candidate
DMRTA1	sgRNA_22175988.22176348_22176188_gene	candidate
IFNB1	sgRNA_22175988.22176348_22176188_gene	candidate
IFNE	sgRNA_22175988.22176348_22176188_gene	candidate
IFNWP19	sgRNA_22175988.22176348_22176188_gene	candidate
p14.dialup	sgRNA_22175988.22176348_22176188_gene	candidate
CDKN2B	sgRNA_22176354.22176885_22176495_gene	candidate
CDKN2B-AS1	sgRNA_22176354.22176885_22176495_gene	candidate
p16.dialup	sgRNA_22176354.22176885_22176495_gene	candidate
MTAP	sgRNA_22176354.22176885_22176495_gene	candidate
DMRTA1	sgRNA_22176354.22176885_22176495_gene	candidate
IFNB1	sgRNA_22176354.22176885_22176495_gene	candidate
IFNE	sgRNA_22176354.22176885_22176495_gene	candidate
IFNWP19	sgRNA_22176354.22176885_22176495_gene	candidate
p14.dialup	sgRNA_22176354.22176885_22176495_gene	candidate
CDKN2B	sgRNA_22176354.22176885_22176610_gene	candidate
CDKN2B-AS1	sgRNA_22176354.22176885_22176610_gene	candidate
p16.dialup	sgRNA_22176354.22176885_22176610_gene	candidate
MTAP	sgRNA_22176354.22176885_22176610_gene	candidate
DMRTA1	sgRNA_22176354.22176885_22176610_gene	candidate
IFNB1	sgRNA_22176354.22176885_22176610_gene	candidate
IFNE	sgRNA_22176354.22176885_22176610_gene	candidate
IFNWP19	sgRNA_22176354.22176885_22176610_gene	candidate
p14.dialup	sgRNA_22176354.22176885_22176610_gene	candidate
CDKN2B	sgRNA_22176354.22176885_22176687_gene	candidate
CDKN2B-AS1	sgRNA_22176354.22176885_22176687_gene	candidate
p16.dialup	sgRNA_22176354.22176885_22176687_gene	candidate
MTAP	sgRNA_22176354.22176885_22176687_gene	candidate
DMRTA1	sgRNA_22176354.22176885_22176687_gene	candidate
IFNB1	sgRNA_22176354.22176885_22176687_gene	candidate
IFNE	sgRNA_22176354.22176885_22176687_gene	candidate
IFNWP19	sgRNA_22176354.22176885_22176687_gene	candidate
p14.dialup	sgRNA_22176354.22176885_22176687_gene	candidate
CDKN2B	sgRNA_22176354.22176885_22176721_gene	candidate
CDKN2B-AS1	sgRNA_22176354.22176885_22176721_gene	candidate
p16.dialup	sgRNA_22176354.22176885_22176721_gene	candidate
MTAP	sgRNA_22176354.22176885_22176721_gene	candidate
DMRTA1	sgRNA_22176354.22176885_22176721_gene	candidate
IFNB1	sgRNA_22176354.22176885_22176721_gene	candidate
IFNE	sgRNA_22176354.22176885_22176721_gene	candidate
IFNWP19	sgRNA_22176354.22176885_22176721_gene	candidate
p14.dialup	sgRNA_22176354.22176885_22176721_gene	candidate
CDKN2B	sgRNA_22183781.22184020_22183922_gene	candidate
CDKN2B-AS1	sgRNA_22183781.22184020_22183922_gene	candidate
p16.dialup	sgRNA_22183781.22184020_22183922_gene	candidate
MTAP	sgRNA_22183781.22184020_22183922_gene	candidate
DMRTA1	sgRNA_22183781.22184020_22183922_gene	candidate
IFNB1	sgRNA_22183781.22184020_22183922_gene	candidate
IFNE	sgRNA_22183781.22184020_22183922_gene	candidate
IFNWP19	sgRNA_22183781.22184020_22183922_gene	candidate
p14.dialup	sgRNA_22183781.22184020_22183922_gene	candidate
CDKN2B	sgRNA_22183781.22184020_22183961_gene	candidate
CDKN2B-AS1	sgRNA_22183781.22184020_22183961_gene	candidate
p16.dialup	sgRNA_22183781.22184020_22183961_gene	candidate
MTAP	sgRNA_22183781.22184020_22183961_gene	candidate
DMRTA1	sgRNA_22183781.22184020_22183961_gene	candidate
IFNB1	sgRNA_22183781.22184020_22183961_gene	candidate
IFNE	sgRNA_22183781.22184020_22183961_gene	candidate
IFNWP19	sgRNA_22183781.22184020_22183961_gene	candidate
p14.dialup	sgRNA_22183781.22184020_22183961_gene	candidate
CDKN2B	sgRNA_22183781.22184020_22183969_gene	candidate
CDKN2B-AS1	sgRNA_22183781.22184020_22183969_gene	candidate
p16.dialup	sgRNA_22183781.22184020_22183969_gene	candidate
MTAP	sgRNA_22183781.22184020_22183969_gene	candidate
DMRTA1	sgRNA_22183781.22184020_22183969_gene	candidate
IFNB1	sgRNA_22183781.22184020_22183969_gene	candidate
IFNE	sgRNA_22183781.22184020_22183969_gene	candidate
IFNWP19	sgRNA_22183781.22184020_22183969_gene	candidate
p14.dialup	sgRNA_22183781.22184020_22183969_gene	candidate
CDKN2B	sgRNA_22183781.22184020_22183998_gene	candidate
CDKN2B-AS1	sgRNA_22183781.22184020_22183998_gene	candidate
p16.dialup	sgRNA_22183781.22184020_22183998_gene	candidate
MTAP	sgRNA_22183781.22184020_22183998_gene	candidate
DMRTA1	sgRNA_22183781.22184020_22183998_gene	candidate
IFNB1	sgRNA_22183781.22184020_22183998_gene	candidate
IFNE	sgRNA_22183781.22184020_22183998_gene	candidate
IFNWP19	sgRNA_22183781.22184020_22183998_gene	candidate
p14.dialup	sgRNA_22183781.22184020_22183998_gene	candidate
CDKN2B	sgRNA_22186896.22187389_22186992_gene	candidate
CDKN2B-AS1	sgRNA_22186896.22187389_22186992_gene	candidate
p16.dialup	sgRNA_22186896.22187389_22186992_gene	candidate
MTAP	sgRNA_22186896.22187389_22186992_gene	candidate
DMRTA1	sgRNA_22186896.22187389_22186992_gene	candidate
IFNB1	sgRNA_22186896.22187389_22186992_gene	candidate
IFNE	sgRNA_22186896.22187389_22186992_gene	candidate
IFNWP19	sgRNA_22186896.22187389_22186992_gene	candidate
p14.dialup	sgRNA_22186896.22187389_22186992_gene	candidate
CDKN2B	sgRNA_22186896.22187389_22186998_gene	candidate
CDKN2B-AS1	sgRNA_22186896.22187389_22186998_gene	candidate
p16.dialup	sgRNA_22186896.22187389_22186998_gene	candidate
MTAP	sgRNA_22186896.22187389_22186998_gene	candidate
DMRTA1	sgRNA_22186896.22187389_22186998_gene	candidate
IFNB1	sgRNA_22186896.22187389_22186998_gene	candidate
IFNE	sgRNA_22186896.22187389_22186998_gene	candidate
IFNWP19	sgRNA_22186896.22187389_22186998_gene	candidate
p14.dialup	sgRNA_22186896.22187389_22186998_gene	candidate
CDKN2B	sgRNA_22186896.22187389_22187220_gene	candidate
CDKN2B-AS1	sgRNA_22186896.22187389_22187220_gene	candidate
p16.dialup	sgRNA_22186896.22187389_22187220_gene	candidate
MTAP	sgRNA_22186896.22187389_22187220_gene	candidate
DMRTA1	sgRNA_22186896.22187389_22187220_gene	candidate
IFNB1	sgRNA_22186896.22187389_22187220_gene	candidate
IFNE	sgRNA_22186896.22187389_22187220_gene	candidate
IFNWP19	sgRNA_22186896.22187389_22187220_gene	candidate
p14.dialup	sgRNA_22186896.22187389_22187220_gene	candidate
CDKN2B	sgRNA_22192993.22193454_22193131_gene	candidate
CDKN2B-AS1	sgRNA_22192993.22193454_22193131_gene	candidate
p16.dialup	sgRNA_22192993.22193454_22193131_gene	candidate
MTAP	sgRNA_22192993.22193454_22193131_gene	candidate
DMRTA1	sgRNA_22192993.22193454_22193131_gene	candidate
IFNB1	sgRNA_22192993.22193454_22193131_gene	candidate
IFNE	sgRNA_22192993.22193454_22193131_gene	candidate
IFNWP19	sgRNA_22192993.22193454_22193131_gene	candidate
p14.dialup	sgRNA_22192993.22193454_22193131_gene	candidate
CDKN2B	sgRNA_22192993.22193454_22193156_gene	candidate
CDKN2B-AS1	sgRNA_22192993.22193454_22193156_gene	candidate
p16.dialup	sgRNA_22192993.22193454_22193156_gene	candidate
MTAP	sgRNA_22192993.22193454_22193156_gene	candidate
DMRTA1	sgRNA_22192993.22193454_22193156_gene	candidate
IFNB1	sgRNA_22192993.22193454_22193156_gene	candidate
IFNE	sgRNA_22192993.22193454_22193156_gene	candidate
IFNWP19	sgRNA_22192993.22193454_22193156_gene	candidate
p14.dialup	sgRNA_22192993.22193454_22193156_gene	candidate
CDKN2B	sgRNA_22192993.22193454_22193223_gene	candidate
CDKN2B-AS1	sgRNA_22192993.22193454_22193223_gene	candidate
p16.dialup	sgRNA_22192993.22193454_22193223_gene	candidate
MTAP	sgRNA_22192993.22193454_22193223_gene	candidate
DMRTA1	sgRNA_22192993.22193454_22193223_gene	candidate
IFNB1	sgRNA_22192993.22193454_22193223_gene	candidate
IFNE	sgRNA_22192993.22193454_22193223_gene	candidate
IFNWP19	sgRNA_22192993.22193454_22193223_gene	candidate
p14.dialup	sgRNA_22192993.22193454_22193223_gene	candidate
CDKN2B	sgRNA_22197037.22197402_22197170_gene	candidate
CDKN2B-AS1	sgRNA_22197037.22197402_22197170_gene	candidate
p16.dialup	sgRNA_22197037.22197402_22197170_gene	candidate
MTAP	sgRNA_22197037.22197402_22197170_gene	candidate
DMRTA1	sgRNA_22197037.22197402_22197170_gene	candidate
IFNB1	sgRNA_22197037.22197402_22197170_gene	candidate
IFNE	sgRNA_22197037.22197402_22197170_gene	candidate
IFNWP19	sgRNA_22197037.22197402_22197170_gene	candidate
p14.dialup	sgRNA_22197037.22197402_22197170_gene	candidate
CDKN2B	sgRNA_22197037.22197402_22197180_gene	candidate
CDKN2B-AS1	sgRNA_22197037.22197402_22197180_gene	candidate
p16.dialup	sgRNA_22197037.22197402_22197180_gene	candidate
MTAP	sgRNA_22197037.22197402_22197180_gene	candidate
DMRTA1	sgRNA_22197037.22197402_22197180_gene	candidate
IFNB1	sgRNA_22197037.22197402_22197180_gene	candidate
IFNE	sgRNA_22197037.22197402_22197180_gene	candidate
IFNWP19	sgRNA_22197037.22197402_22197180_gene	candidate
p14.dialup	sgRNA_22197037.22197402_22197180_gene	candidate
CDKN2B	sgRNA_22197037.22197402_22197194_gene	candidate
CDKN2B-AS1	sgRNA_22197037.22197402_22197194_gene	candidate
p16.dialup	sgRNA_22197037.22197402_22197194_gene	candidate
MTAP	sgRNA_22197037.22197402_22197194_gene	candidate
DMRTA1	sgRNA_22197037.22197402_22197194_gene	candidate
IFNB1	sgRNA_22197037.22197402_22197194_gene	candidate
IFNE	sgRNA_22197037.22197402_22197194_gene	candidate
IFNWP19	sgRNA_22197037.22197402_22197194_gene	candidate
p14.dialup	sgRNA_22197037.22197402_22197194_gene	candidate
CDKN2B	sgRNA_22200329.22200669_22200442_gene	candidate
CDKN2B-AS1	sgRNA_22200329.22200669_22200442_gene	candidate
p16.dialup	sgRNA_22200329.22200669_22200442_gene	candidate
MTAP	sgRNA_22200329.22200669_22200442_gene	candidate
DMRTA1	sgRNA_22200329.22200669_22200442_gene	candidate
IFNB1	sgRNA_22200329.22200669_22200442_gene	candidate
IFNE	sgRNA_22200329.22200669_22200442_gene	candidate
IFNWP19	sgRNA_22200329.22200669_22200442_gene	candidate
p14.dialup	sgRNA_22200329.22200669_22200442_gene	candidate
CDKN2B	sgRNA_22200329.22200669_22200466_gene	candidate
CDKN2B-AS1	sgRNA_22200329.22200669_22200466_gene	candidate
p16.dialup	sgRNA_22200329.22200669_22200466_gene	candidate
MTAP	sgRNA_22200329.22200669_22200466_gene	candidate
DMRTA1	sgRNA_22200329.22200669_22200466_gene	candidate
IFNB1	sgRNA_22200329.22200669_22200466_gene	candidate
IFNE	sgRNA_22200329.22200669_22200466_gene	candidate
IFNWP19	sgRNA_22200329.22200669_22200466_gene	candidate
p14.dialup	sgRNA_22200329.22200669_22200466_gene	candidate
CDKN2B	sgRNA_22200329.22200669_22200537_gene	candidate
CDKN2B-AS1	sgRNA_22200329.22200669_22200537_gene	candidate
p16.dialup	sgRNA_22200329.22200669_22200537_gene	candidate
MTAP	sgRNA_22200329.22200669_22200537_gene	candidate
DMRTA1	sgRNA_22200329.22200669_22200537_gene	candidate
IFNB1	sgRNA_22200329.22200669_22200537_gene	candidate
IFNE	sgRNA_22200329.22200669_22200537_gene	candidate
IFNWP19	sgRNA_22200329.22200669_22200537_gene	candidate
p14.dialup	sgRNA_22200329.22200669_22200537_gene	candidate
CDKN2B	sgRNA_22200329.22200669_22200545_gene	candidate
CDKN2B-AS1	sgRNA_22200329.22200669_22200545_gene	candidate
p16.dialup	sgRNA_22200329.22200669_22200545_gene	candidate
MTAP	sgRNA_22200329.22200669_22200545_gene	candidate
DMRTA1	sgRNA_22200329.22200669_22200545_gene	candidate
IFNB1	sgRNA_22200329.22200669_22200545_gene	candidate
IFNE	sgRNA_22200329.22200669_22200545_gene	candidate
IFNWP19	sgRNA_22200329.22200669_22200545_gene	candidate
p14.dialup	sgRNA_22200329.22200669_22200545_gene	candidate
CDKN2B	sgRNA_22201152.22201748_22201421_gene	candidate
CDKN2B-AS1	sgRNA_22201152.22201748_22201421_gene	candidate
p16.dialup	sgRNA_22201152.22201748_22201421_gene	candidate
MTAP	sgRNA_22201152.22201748_22201421_gene	candidate
DMRTA1	sgRNA_22201152.22201748_22201421_gene	candidate
IFNB1	sgRNA_22201152.22201748_22201421_gene	candidate
IFNE	sgRNA_22201152.22201748_22201421_gene	candidate
IFNWP19	sgRNA_22201152.22201748_22201421_gene	candidate
p14.dialup	sgRNA_22201152.22201748_22201421_gene	candidate
CDKN2B	sgRNA_22201152.22201748_22201454_gene	candidate
CDKN2B-AS1	sgRNA_22201152.22201748_22201454_gene	candidate
p16.dialup	sgRNA_22201152.22201748_22201454_gene	candidate
MTAP	sgRNA_22201152.22201748_22201454_gene	candidate
DMRTA1	sgRNA_22201152.22201748_22201454_gene	candidate
IFNB1	sgRNA_22201152.22201748_22201454_gene	candidate
IFNE	sgRNA_22201152.22201748_22201454_gene	candidate
IFNWP19	sgRNA_22201152.22201748_22201454_gene	candidate
p14.dialup	sgRNA_22201152.22201748_22201454_gene	candidate
CDKN2B	sgRNA_22201152.22201748_22201473_gene	candidate
CDKN2B-AS1	sgRNA_22201152.22201748_22201473_gene	candidate
p16.dialup	sgRNA_22201152.22201748_22201473_gene	candidate
MTAP	sgRNA_22201152.22201748_22201473_gene	candidate
DMRTA1	sgRNA_22201152.22201748_22201473_gene	candidate
IFNB1	sgRNA_22201152.22201748_22201473_gene	candidate
IFNE	sgRNA_22201152.22201748_22201473_gene	candidate
IFNWP19	sgRNA_22201152.22201748_22201473_gene	candidate
p14.dialup	sgRNA_22201152.22201748_22201473_gene	candidate
CDKN2B	sgRNA_22201152.22201748_22201538_gene	candidate
CDKN2B-AS1	sgRNA_22201152.22201748_22201538_gene	candidate
p16.dialup	sgRNA_22201152.22201748_22201538_gene	candidate
MTAP	sgRNA_22201152.22201748_22201538_gene	candidate
DMRTA1	sgRNA_22201152.22201748_22201538_gene	candidate
IFNB1	sgRNA_22201152.22201748_22201538_gene	candidate
IFNE	sgRNA_22201152.22201748_22201538_gene	candidate
IFNWP19	sgRNA_22201152.22201748_22201538_gene	candidate
p14.dialup	sgRNA_22201152.22201748_22201538_gene	candidate
CDKN2B	sgRNA_22203607.22203994_22203647_gene	candidate
CDKN2B-AS1	sgRNA_22203607.22203994_22203647_gene	candidate
p16.dialup	sgRNA_22203607.22203994_22203647_gene	candidate
MTAP	sgRNA_22203607.22203994_22203647_gene	candidate
DMRTA1	sgRNA_22203607.22203994_22203647_gene	candidate
IFNB1	sgRNA_22203607.22203994_22203647_gene	candidate
IFNE	sgRNA_22203607.22203994_22203647_gene	candidate
IFNWP19	sgRNA_22203607.22203994_22203647_gene	candidate
p14.dialup	sgRNA_22203607.22203994_22203647_gene	candidate
CDKN2B	sgRNA_22203607.22203994_22203827_gene	candidate
CDKN2B-AS1	sgRNA_22203607.22203994_22203827_gene	candidate
p16.dialup	sgRNA_22203607.22203994_22203827_gene	candidate
MTAP	sgRNA_22203607.22203994_22203827_gene	candidate
DMRTA1	sgRNA_22203607.22203994_22203827_gene	candidate
IFNB1	sgRNA_22203607.22203994_22203827_gene	candidate
IFNE	sgRNA_22203607.22203994_22203827_gene	candidate
IFNWP19	sgRNA_22203607.22203994_22203827_gene	candidate
p14.dialup	sgRNA_22203607.22203994_22203827_gene	candidate
CDKN2B	sgRNA_22203607.22203994_22203841_gene	candidate
CDKN2B-AS1	sgRNA_22203607.22203994_22203841_gene	candidate
p16.dialup	sgRNA_22203607.22203994_22203841_gene	candidate
MTAP	sgRNA_22203607.22203994_22203841_gene	candidate
DMRTA1	sgRNA_22203607.22203994_22203841_gene	candidate
IFNB1	sgRNA_22203607.22203994_22203841_gene	candidate
IFNE	sgRNA_22203607.22203994_22203841_gene	candidate
IFNWP19	sgRNA_22203607.22203994_22203841_gene	candidate
p14.dialup	sgRNA_22203607.22203994_22203841_gene	candidate
CDKN2B	sgRNA_22203607.22203994_22203929_gene	candidate
CDKN2B-AS1	sgRNA_22203607.22203994_22203929_gene	candidate
p16.dialup	sgRNA_22203607.22203994_22203929_gene	candidate
MTAP	sgRNA_22203607.22203994_22203929_gene	candidate
DMRTA1	sgRNA_22203607.22203994_22203929_gene	candidate
IFNB1	sgRNA_22203607.22203994_22203929_gene	candidate
IFNE	sgRNA_22203607.22203994_22203929_gene	candidate
IFNWP19	sgRNA_22203607.22203994_22203929_gene	candidate
p14.dialup	sgRNA_22203607.22203994_22203929_gene	candidate
CDKN2B	sgRNA_22204322.22204670_22204487_gene	candidate
CDKN2B-AS1	sgRNA_22204322.22204670_22204487_gene	candidate
p16.dialup	sgRNA_22204322.22204670_22204487_gene	candidate
MTAP	sgRNA_22204322.22204670_22204487_gene	candidate
DMRTA1	sgRNA_22204322.22204670_22204487_gene	candidate
IFNB1	sgRNA_22204322.22204670_22204487_gene	candidate
IFNE	sgRNA_22204322.22204670_22204487_gene	candidate
IFNWP19	sgRNA_22204322.22204670_22204487_gene	candidate
p14.dialup	sgRNA_22204322.22204670_22204487_gene	candidate
CDKN2B	sgRNA_22204322.22204670_22204492_gene	candidate
CDKN2B-AS1	sgRNA_22204322.22204670_22204492_gene	candidate
p16.dialup	sgRNA_22204322.22204670_22204492_gene	candidate
MTAP	sgRNA_22204322.22204670_22204492_gene	candidate
DMRTA1	sgRNA_22204322.22204670_22204492_gene	candidate
IFNB1	sgRNA_22204322.22204670_22204492_gene	candidate
IFNE	sgRNA_22204322.22204670_22204492_gene	candidate
IFNWP19	sgRNA_22204322.22204670_22204492_gene	candidate
p14.dialup	sgRNA_22204322.22204670_22204492_gene	candidate
CDKN2B	sgRNA_22204322.22204670_22204530_gene	candidate
CDKN2B-AS1	sgRNA_22204322.22204670_22204530_gene	candidate
p16.dialup	sgRNA_22204322.22204670_22204530_gene	candidate
MTAP	sgRNA_22204322.22204670_22204530_gene	candidate
DMRTA1	sgRNA_22204322.22204670_22204530_gene	candidate
IFNB1	sgRNA_22204322.22204670_22204530_gene	candidate
IFNE	sgRNA_22204322.22204670_22204530_gene	candidate
IFNWP19	sgRNA_22204322.22204670_22204530_gene	candidate
p14.dialup	sgRNA_22204322.22204670_22204530_gene	candidate
CDKN2B	sgRNA_22204322.22204670_22204551_gene	candidate
CDKN2B-AS1	sgRNA_22204322.22204670_22204551_gene	candidate
p16.dialup	sgRNA_22204322.22204670_22204551_gene	candidate
MTAP	sgRNA_22204322.22204670_22204551_gene	candidate
DMRTA1	sgRNA_22204322.22204670_22204551_gene	candidate
IFNB1	sgRNA_22204322.22204670_22204551_gene	candidate
IFNE	sgRNA_22204322.22204670_22204551_gene	candidate
IFNWP19	sgRNA_22204322.22204670_22204551_gene	candidate
p14.dialup	sgRNA_22204322.22204670_22204551_gene	candidate
CDKN2B	sgRNA_22206899.22207239_22206907_gene	candidate
CDKN2B-AS1	sgRNA_22206899.22207239_22206907_gene	candidate
p16.dialup	sgRNA_22206899.22207239_22206907_gene	candidate
MTAP	sgRNA_22206899.22207239_22206907_gene	candidate
DMRTA1	sgRNA_22206899.22207239_22206907_gene	candidate
IFNB1	sgRNA_22206899.22207239_22206907_gene	candidate
IFNE	sgRNA_22206899.22207239_22206907_gene	candidate
IFNWP19	sgRNA_22206899.22207239_22206907_gene	candidate
p14.dialup	sgRNA_22206899.22207239_22206907_gene	candidate
CDKN2B	sgRNA_22206899.22207239_22206922_gene	candidate
CDKN2B-AS1	sgRNA_22206899.22207239_22206922_gene	candidate
p16.dialup	sgRNA_22206899.22207239_22206922_gene	candidate
MTAP	sgRNA_22206899.22207239_22206922_gene	candidate
DMRTA1	sgRNA_22206899.22207239_22206922_gene	candidate
IFNB1	sgRNA_22206899.22207239_22206922_gene	candidate
IFNE	sgRNA_22206899.22207239_22206922_gene	candidate
IFNWP19	sgRNA_22206899.22207239_22206922_gene	candidate
p14.dialup	sgRNA_22206899.22207239_22206922_gene	candidate
CDKN2B	sgRNA_22206899.22207239_22207117_gene	candidate
CDKN2B-AS1	sgRNA_22206899.22207239_22207117_gene	candidate
p16.dialup	sgRNA_22206899.22207239_22207117_gene	candidate
MTAP	sgRNA_22206899.22207239_22207117_gene	candidate
DMRTA1	sgRNA_22206899.22207239_22207117_gene	candidate
IFNB1	sgRNA_22206899.22207239_22207117_gene	candidate
IFNE	sgRNA_22206899.22207239_22207117_gene	candidate
IFNWP19	sgRNA_22206899.22207239_22207117_gene	candidate
p14.dialup	sgRNA_22206899.22207239_22207117_gene	candidate
CDKN2B	sgRNA_22206899.22207239_22207124_gene	candidate
CDKN2B-AS1	sgRNA_22206899.22207239_22207124_gene	candidate
p16.dialup	sgRNA_22206899.22207239_22207124_gene	candidate
MTAP	sgRNA_22206899.22207239_22207124_gene	candidate
DMRTA1	sgRNA_22206899.22207239_22207124_gene	candidate
IFNB1	sgRNA_22206899.22207239_22207124_gene	candidate
IFNE	sgRNA_22206899.22207239_22207124_gene	candidate
IFNWP19	sgRNA_22206899.22207239_22207124_gene	candidate
p14.dialup	sgRNA_22206899.22207239_22207124_gene	candidate
CDKN2B	sgRNA_22208818.22209202_22208848_gene	candidate
CDKN2B-AS1	sgRNA_22208818.22209202_22208848_gene	candidate
p16.dialup	sgRNA_22208818.22209202_22208848_gene	candidate
MTAP	sgRNA_22208818.22209202_22208848_gene	candidate
DMRTA1	sgRNA_22208818.22209202_22208848_gene	candidate
IFNB1	sgRNA_22208818.22209202_22208848_gene	candidate
IFNE	sgRNA_22208818.22209202_22208848_gene	candidate
IFNWP19	sgRNA_22208818.22209202_22208848_gene	candidate
p14.dialup	sgRNA_22208818.22209202_22208848_gene	candidate
CDKN2B	sgRNA_22208818.22209202_22208885_gene	candidate
CDKN2B-AS1	sgRNA_22208818.22209202_22208885_gene	candidate
p16.dialup	sgRNA_22208818.22209202_22208885_gene	candidate
MTAP	sgRNA_22208818.22209202_22208885_gene	candidate
DMRTA1	sgRNA_22208818.22209202_22208885_gene	candidate
IFNB1	sgRNA_22208818.22209202_22208885_gene	candidate
IFNE	sgRNA_22208818.22209202_22208885_gene	candidate
IFNWP19	sgRNA_22208818.22209202_22208885_gene	candidate
p14.dialup	sgRNA_22208818.22209202_22208885_gene	candidate
CDKN2B	sgRNA_22208818.22209202_22209180_gene	candidate
CDKN2B-AS1	sgRNA_22208818.22209202_22209180_gene	candidate
p16.dialup	sgRNA_22208818.22209202_22209180_gene	candidate
MTAP	sgRNA_22208818.22209202_22209180_gene	candidate
DMRTA1	sgRNA_22208818.22209202_22209180_gene	candidate
IFNB1	sgRNA_22208818.22209202_22209180_gene	candidate
IFNE	sgRNA_22208818.22209202_22209180_gene	candidate
IFNWP19	sgRNA_22208818.22209202_22209180_gene	candidate
p14.dialup	sgRNA_22208818.22209202_22209180_gene	candidate
CDKN2B	sgRNA_22210299.22210642_22210406_gene	candidate
CDKN2B-AS1	sgRNA_22210299.22210642_22210406_gene	candidate
p16.dialup	sgRNA_22210299.22210642_22210406_gene	candidate
MTAP	sgRNA_22210299.22210642_22210406_gene	candidate
DMRTA1	sgRNA_22210299.22210642_22210406_gene	candidate
IFNB1	sgRNA_22210299.22210642_22210406_gene	candidate
IFNE	sgRNA_22210299.22210642_22210406_gene	candidate
IFNWP19	sgRNA_22210299.22210642_22210406_gene	candidate
p14.dialup	sgRNA_22210299.22210642_22210406_gene	candidate
CDKN2B	sgRNA_22210299.22210642_22210473_gene	candidate
CDKN2B-AS1	sgRNA_22210299.22210642_22210473_gene	candidate
p16.dialup	sgRNA_22210299.22210642_22210473_gene	candidate
MTAP	sgRNA_22210299.22210642_22210473_gene	candidate
DMRTA1	sgRNA_22210299.22210642_22210473_gene	candidate
IFNB1	sgRNA_22210299.22210642_22210473_gene	candidate
IFNE	sgRNA_22210299.22210642_22210473_gene	candidate
IFNWP19	sgRNA_22210299.22210642_22210473_gene	candidate
p14.dialup	sgRNA_22210299.22210642_22210473_gene	candidate
CDKN2B	sgRNA_22210299.22210642_22210481_gene	candidate
CDKN2B-AS1	sgRNA_22210299.22210642_22210481_gene	candidate
p16.dialup	sgRNA_22210299.22210642_22210481_gene	candidate
MTAP	sgRNA_22210299.22210642_22210481_gene	candidate
DMRTA1	sgRNA_22210299.22210642_22210481_gene	candidate
IFNB1	sgRNA_22210299.22210642_22210481_gene	candidate
IFNE	sgRNA_22210299.22210642_22210481_gene	candidate
IFNWP19	sgRNA_22210299.22210642_22210481_gene	candidate
p14.dialup	sgRNA_22210299.22210642_22210481_gene	candidate
CDKN2B	sgRNA_22210299.22210642_22210503_gene	candidate
CDKN2B-AS1	sgRNA_22210299.22210642_22210503_gene	candidate
p16.dialup	sgRNA_22210299.22210642_22210503_gene	candidate
MTAP	sgRNA_22210299.22210642_22210503_gene	candidate
DMRTA1	sgRNA_22210299.22210642_22210503_gene	candidate
IFNB1	sgRNA_22210299.22210642_22210503_gene	candidate
IFNE	sgRNA_22210299.22210642_22210503_gene	candidate
IFNWP19	sgRNA_22210299.22210642_22210503_gene	candidate
p14.dialup	sgRNA_22210299.22210642_22210503_gene	candidate
CDKN2B	sgRNA_22210978.22211316_22211080_gene	candidate
CDKN2B-AS1	sgRNA_22210978.22211316_22211080_gene	candidate
p16.dialup	sgRNA_22210978.22211316_22211080_gene	candidate
MTAP	sgRNA_22210978.22211316_22211080_gene	candidate
DMRTA1	sgRNA_22210978.22211316_22211080_gene	candidate
IFNB1	sgRNA_22210978.22211316_22211080_gene	candidate
IFNE	sgRNA_22210978.22211316_22211080_gene	candidate
IFNWP19	sgRNA_22210978.22211316_22211080_gene	candidate
p14.dialup	sgRNA_22210978.22211316_22211080_gene	candidate
CDKN2B	sgRNA_22210978.22211316_22211105_gene	candidate
CDKN2B-AS1	sgRNA_22210978.22211316_22211105_gene	candidate
p16.dialup	sgRNA_22210978.22211316_22211105_gene	candidate
MTAP	sgRNA_22210978.22211316_22211105_gene	candidate
DMRTA1	sgRNA_22210978.22211316_22211105_gene	candidate
IFNB1	sgRNA_22210978.22211316_22211105_gene	candidate
IFNE	sgRNA_22210978.22211316_22211105_gene	candidate
IFNWP19	sgRNA_22210978.22211316_22211105_gene	candidate
p14.dialup	sgRNA_22210978.22211316_22211105_gene	candidate
CDKN2B	sgRNA_22210978.22211316_22211118_gene	candidate
CDKN2B-AS1	sgRNA_22210978.22211316_22211118_gene	candidate
p16.dialup	sgRNA_22210978.22211316_22211118_gene	candidate
MTAP	sgRNA_22210978.22211316_22211118_gene	candidate
DMRTA1	sgRNA_22210978.22211316_22211118_gene	candidate
IFNB1	sgRNA_22210978.22211316_22211118_gene	candidate
IFNE	sgRNA_22210978.22211316_22211118_gene	candidate
IFNWP19	sgRNA_22210978.22211316_22211118_gene	candidate
p14.dialup	sgRNA_22210978.22211316_22211118_gene	candidate
CDKN2B	sgRNA_22210978.22211316_22211135_gene	candidate
CDKN2B-AS1	sgRNA_22210978.22211316_22211135_gene	candidate
p16.dialup	sgRNA_22210978.22211316_22211135_gene	candidate
MTAP	sgRNA_22210978.22211316_22211135_gene	candidate
DMRTA1	sgRNA_22210978.22211316_22211135_gene	candidate
IFNB1	sgRNA_22210978.22211316_22211135_gene	candidate
IFNE	sgRNA_22210978.22211316_22211135_gene	candidate
IFNWP19	sgRNA_22210978.22211316_22211135_gene	candidate
p14.dialup	sgRNA_22210978.22211316_22211135_gene	candidate
CDKN2B	sgRNA_22211647.22212006_22211767_gene	candidate
CDKN2B-AS1	sgRNA_22211647.22212006_22211767_gene	candidate
p16.dialup	sgRNA_22211647.22212006_22211767_gene	candidate
MTAP	sgRNA_22211647.22212006_22211767_gene	candidate
DMRTA1	sgRNA_22211647.22212006_22211767_gene	candidate
IFNB1	sgRNA_22211647.22212006_22211767_gene	candidate
IFNE	sgRNA_22211647.22212006_22211767_gene	candidate
IFNWP19	sgRNA_22211647.22212006_22211767_gene	candidate
p14.dialup	sgRNA_22211647.22212006_22211767_gene	candidate
CDKN2B	sgRNA_22211647.22212006_22211852_gene	candidate
CDKN2B-AS1	sgRNA_22211647.22212006_22211852_gene	candidate
p16.dialup	sgRNA_22211647.22212006_22211852_gene	candidate
MTAP	sgRNA_22211647.22212006_22211852_gene	candidate
DMRTA1	sgRNA_22211647.22212006_22211852_gene	candidate
IFNB1	sgRNA_22211647.22212006_22211852_gene	candidate
IFNE	sgRNA_22211647.22212006_22211852_gene	candidate
IFNWP19	sgRNA_22211647.22212006_22211852_gene	candidate
p14.dialup	sgRNA_22211647.22212006_22211852_gene	candidate
CDKN2B	sgRNA_22211647.22212006_22211855_gene	candidate
CDKN2B-AS1	sgRNA_22211647.22212006_22211855_gene	candidate
p16.dialup	sgRNA_22211647.22212006_22211855_gene	candidate
MTAP	sgRNA_22211647.22212006_22211855_gene	candidate
DMRTA1	sgRNA_22211647.22212006_22211855_gene	candidate
IFNB1	sgRNA_22211647.22212006_22211855_gene	candidate
IFNE	sgRNA_22211647.22212006_22211855_gene	candidate
IFNWP19	sgRNA_22211647.22212006_22211855_gene	candidate
p14.dialup	sgRNA_22211647.22212006_22211855_gene	candidate
CDKN2B	sgRNA_22211647.22212006_22211912_gene	candidate
CDKN2B-AS1	sgRNA_22211647.22212006_22211912_gene	candidate
p16.dialup	sgRNA_22211647.22212006_22211912_gene	candidate
MTAP	sgRNA_22211647.22212006_22211912_gene	candidate
DMRTA1	sgRNA_22211647.22212006_22211912_gene	candidate
IFNB1	sgRNA_22211647.22212006_22211912_gene	candidate
IFNE	sgRNA_22211647.22212006_22211912_gene	candidate
IFNWP19	sgRNA_22211647.22212006_22211912_gene	candidate
p14.dialup	sgRNA_22211647.22212006_22211912_gene	candidate
CDKN2B	sgRNA_22212033.22212267_22212104_gene	candidate
CDKN2B-AS1	sgRNA_22212033.22212267_22212104_gene	candidate
p16.dialup	sgRNA_22212033.22212267_22212104_gene	candidate
MTAP	sgRNA_22212033.22212267_22212104_gene	candidate
DMRTA1	sgRNA_22212033.22212267_22212104_gene	candidate
IFNB1	sgRNA_22212033.22212267_22212104_gene	candidate
IFNE	sgRNA_22212033.22212267_22212104_gene	candidate
IFNWP19	sgRNA_22212033.22212267_22212104_gene	candidate
p14.dialup	sgRNA_22212033.22212267_22212104_gene	candidate
CDKN2B	sgRNA_22212033.22212267_22212142_gene	candidate
CDKN2B-AS1	sgRNA_22212033.22212267_22212142_gene	candidate
p16.dialup	sgRNA_22212033.22212267_22212142_gene	candidate
MTAP	sgRNA_22212033.22212267_22212142_gene	candidate
DMRTA1	sgRNA_22212033.22212267_22212142_gene	candidate
IFNB1	sgRNA_22212033.22212267_22212142_gene	candidate
IFNE	sgRNA_22212033.22212267_22212142_gene	candidate
IFNWP19	sgRNA_22212033.22212267_22212142_gene	candidate
p14.dialup	sgRNA_22212033.22212267_22212142_gene	candidate
CDKN2B	sgRNA_22212033.22212267_22212167_gene	candidate
CDKN2B-AS1	sgRNA_22212033.22212267_22212167_gene	candidate
p16.dialup	sgRNA_22212033.22212267_22212167_gene	candidate
MTAP	sgRNA_22212033.22212267_22212167_gene	candidate
DMRTA1	sgRNA_22212033.22212267_22212167_gene	candidate
IFNB1	sgRNA_22212033.22212267_22212167_gene	candidate
IFNE	sgRNA_22212033.22212267_22212167_gene	candidate
IFNWP19	sgRNA_22212033.22212267_22212167_gene	candidate
p14.dialup	sgRNA_22212033.22212267_22212167_gene	candidate
CDKN2B	sgRNA_22212033.22212267_22212180_gene	candidate
CDKN2B-AS1	sgRNA_22212033.22212267_22212180_gene	candidate
p16.dialup	sgRNA_22212033.22212267_22212180_gene	candidate
MTAP	sgRNA_22212033.22212267_22212180_gene	candidate
DMRTA1	sgRNA_22212033.22212267_22212180_gene	candidate
IFNB1	sgRNA_22212033.22212267_22212180_gene	candidate
IFNE	sgRNA_22212033.22212267_22212180_gene	candidate
IFNWP19	sgRNA_22212033.22212267_22212180_gene	candidate
p14.dialup	sgRNA_22212033.22212267_22212180_gene	candidate
CDKN2B	sgRNA_22214099.22214353_22214160_gene	candidate
CDKN2B-AS1	sgRNA_22214099.22214353_22214160_gene	candidate
p16.dialup	sgRNA_22214099.22214353_22214160_gene	candidate
MTAP	sgRNA_22214099.22214353_22214160_gene	candidate
DMRTA1	sgRNA_22214099.22214353_22214160_gene	candidate
IFNB1	sgRNA_22214099.22214353_22214160_gene	candidate
IFNE	sgRNA_22214099.22214353_22214160_gene	candidate
IFNWP19	sgRNA_22214099.22214353_22214160_gene	candidate
p14.dialup	sgRNA_22214099.22214353_22214160_gene	candidate
CDKN2B	sgRNA_22214099.22214353_22214197_gene	candidate
CDKN2B-AS1	sgRNA_22214099.22214353_22214197_gene	candidate
p16.dialup	sgRNA_22214099.22214353_22214197_gene	candidate
MTAP	sgRNA_22214099.22214353_22214197_gene	candidate
DMRTA1	sgRNA_22214099.22214353_22214197_gene	candidate
IFNB1	sgRNA_22214099.22214353_22214197_gene	candidate
IFNE	sgRNA_22214099.22214353_22214197_gene	candidate
IFNWP19	sgRNA_22214099.22214353_22214197_gene	candidate
p14.dialup	sgRNA_22214099.22214353_22214197_gene	candidate
CDKN2B	sgRNA_22214099.22214353_22214247_gene	candidate
CDKN2B-AS1	sgRNA_22214099.22214353_22214247_gene	candidate
p16.dialup	sgRNA_22214099.22214353_22214247_gene	candidate
MTAP	sgRNA_22214099.22214353_22214247_gene	candidate
DMRTA1	sgRNA_22214099.22214353_22214247_gene	candidate
IFNB1	sgRNA_22214099.22214353_22214247_gene	candidate
IFNE	sgRNA_22214099.22214353_22214247_gene	candidate
IFNWP19	sgRNA_22214099.22214353_22214247_gene	candidate
p14.dialup	sgRNA_22214099.22214353_22214247_gene	candidate
CDKN2B	sgRNA_22214489.22215025_22214539_gene	candidate
CDKN2B-AS1	sgRNA_22214489.22215025_22214539_gene	candidate
p16.dialup	sgRNA_22214489.22215025_22214539_gene	candidate
MTAP	sgRNA_22214489.22215025_22214539_gene	candidate
DMRTA1	sgRNA_22214489.22215025_22214539_gene	candidate
IFNB1	sgRNA_22214489.22215025_22214539_gene	candidate
IFNE	sgRNA_22214489.22215025_22214539_gene	candidate
IFNWP19	sgRNA_22214489.22215025_22214539_gene	candidate
p14.dialup	sgRNA_22214489.22215025_22214539_gene	candidate
CDKN2B	sgRNA_22214489.22215025_22214730_gene	candidate
CDKN2B-AS1	sgRNA_22214489.22215025_22214730_gene	candidate
p16.dialup	sgRNA_22214489.22215025_22214730_gene	candidate
MTAP	sgRNA_22214489.22215025_22214730_gene	candidate
DMRTA1	sgRNA_22214489.22215025_22214730_gene	candidate
IFNB1	sgRNA_22214489.22215025_22214730_gene	candidate
IFNE	sgRNA_22214489.22215025_22214730_gene	candidate
IFNWP19	sgRNA_22214489.22215025_22214730_gene	candidate
p14.dialup	sgRNA_22214489.22215025_22214730_gene	candidate
CDKN2B	sgRNA_22214489.22215025_22214918_gene	candidate
CDKN2B-AS1	sgRNA_22214489.22215025_22214918_gene	candidate
p16.dialup	sgRNA_22214489.22215025_22214918_gene	candidate
MTAP	sgRNA_22214489.22215025_22214918_gene	candidate
DMRTA1	sgRNA_22214489.22215025_22214918_gene	candidate
IFNB1	sgRNA_22214489.22215025_22214918_gene	candidate
IFNE	sgRNA_22214489.22215025_22214918_gene	candidate
IFNWP19	sgRNA_22214489.22215025_22214918_gene	candidate
p14.dialup	sgRNA_22214489.22215025_22214918_gene	candidate
CDKN2B	sgRNA_22214489.22215025_22214930_gene	candidate
CDKN2B-AS1	sgRNA_22214489.22215025_22214930_gene	candidate
p16.dialup	sgRNA_22214489.22215025_22214930_gene	candidate
MTAP	sgRNA_22214489.22215025_22214930_gene	candidate
DMRTA1	sgRNA_22214489.22215025_22214930_gene	candidate
IFNB1	sgRNA_22214489.22215025_22214930_gene	candidate
IFNE	sgRNA_22214489.22215025_22214930_gene	candidate
IFNWP19	sgRNA_22214489.22215025_22214930_gene	candidate
p14.dialup	sgRNA_22214489.22215025_22214930_gene	candidate
CDKN2B	sgRNA_22216796.22217209_22216934_gene	candidate
CDKN2B-AS1	sgRNA_22216796.22217209_22216934_gene	candidate
p16.dialup	sgRNA_22216796.22217209_22216934_gene	candidate
MTAP	sgRNA_22216796.22217209_22216934_gene	candidate
DMRTA1	sgRNA_22216796.22217209_22216934_gene	candidate
IFNB1	sgRNA_22216796.22217209_22216934_gene	candidate
IFNE	sgRNA_22216796.22217209_22216934_gene	candidate
IFNWP19	sgRNA_22216796.22217209_22216934_gene	candidate
p14.dialup	sgRNA_22216796.22217209_22216934_gene	candidate
CDKN2B	sgRNA_22216796.22217209_22216966_gene	candidate
CDKN2B-AS1	sgRNA_22216796.22217209_22216966_gene	candidate
p16.dialup	sgRNA_22216796.22217209_22216966_gene	candidate
MTAP	sgRNA_22216796.22217209_22216966_gene	candidate
DMRTA1	sgRNA_22216796.22217209_22216966_gene	candidate
IFNB1	sgRNA_22216796.22217209_22216966_gene	candidate
IFNE	sgRNA_22216796.22217209_22216966_gene	candidate
IFNWP19	sgRNA_22216796.22217209_22216966_gene	candidate
p14.dialup	sgRNA_22216796.22217209_22216966_gene	candidate
CDKN2B	sgRNA_22216796.22217209_22217020_gene	candidate
CDKN2B-AS1	sgRNA_22216796.22217209_22217020_gene	candidate
p16.dialup	sgRNA_22216796.22217209_22217020_gene	candidate
MTAP	sgRNA_22216796.22217209_22217020_gene	candidate
DMRTA1	sgRNA_22216796.22217209_22217020_gene	candidate
IFNB1	sgRNA_22216796.22217209_22217020_gene	candidate
IFNE	sgRNA_22216796.22217209_22217020_gene	candidate
IFNWP19	sgRNA_22216796.22217209_22217020_gene	candidate
p14.dialup	sgRNA_22216796.22217209_22217020_gene	candidate
CDKN2B	sgRNA_22216796.22217209_22217046_gene	candidate
CDKN2B-AS1	sgRNA_22216796.22217209_22217046_gene	candidate
p16.dialup	sgRNA_22216796.22217209_22217046_gene	candidate
MTAP	sgRNA_22216796.22217209_22217046_gene	candidate
DMRTA1	sgRNA_22216796.22217209_22217046_gene	candidate
IFNB1	sgRNA_22216796.22217209_22217046_gene	candidate
IFNE	sgRNA_22216796.22217209_22217046_gene	candidate
IFNWP19	sgRNA_22216796.22217209_22217046_gene	candidate
p14.dialup	sgRNA_22216796.22217209_22217046_gene	candidate
CDKN2B	sgRNA_22228595.22228864_22228620_gene	candidate
CDKN2B-AS1	sgRNA_22228595.22228864_22228620_gene	candidate
p16.dialup	sgRNA_22228595.22228864_22228620_gene	candidate
MTAP	sgRNA_22228595.22228864_22228620_gene	candidate
DMRTA1	sgRNA_22228595.22228864_22228620_gene	candidate
IFNB1	sgRNA_22228595.22228864_22228620_gene	candidate
IFNE	sgRNA_22228595.22228864_22228620_gene	candidate
IFNWP19	sgRNA_22228595.22228864_22228620_gene	candidate
p14.dialup	sgRNA_22228595.22228864_22228620_gene	candidate
CDKN2B	sgRNA_22228595.22228864_22228625_gene	candidate
CDKN2B-AS1	sgRNA_22228595.22228864_22228625_gene	candidate
p16.dialup	sgRNA_22228595.22228864_22228625_gene	candidate
MTAP	sgRNA_22228595.22228864_22228625_gene	candidate
DMRTA1	sgRNA_22228595.22228864_22228625_gene	candidate
IFNB1	sgRNA_22228595.22228864_22228625_gene	candidate
IFNE	sgRNA_22228595.22228864_22228625_gene	candidate
IFNWP19	sgRNA_22228595.22228864_22228625_gene	candidate
p14.dialup	sgRNA_22228595.22228864_22228625_gene	candidate
CDKN2B	sgRNA_22228595.22228864_22228675_gene	candidate
CDKN2B-AS1	sgRNA_22228595.22228864_22228675_gene	candidate
p16.dialup	sgRNA_22228595.22228864_22228675_gene	candidate
MTAP	sgRNA_22228595.22228864_22228675_gene	candidate
DMRTA1	sgRNA_22228595.22228864_22228675_gene	candidate
IFNB1	sgRNA_22228595.22228864_22228675_gene	candidate
IFNE	sgRNA_22228595.22228864_22228675_gene	candidate
IFNWP19	sgRNA_22228595.22228864_22228675_gene	candidate
p14.dialup	sgRNA_22228595.22228864_22228675_gene	candidate
CDKN2B	sgRNA_22228595.22228864_22228759_gene	candidate
CDKN2B-AS1	sgRNA_22228595.22228864_22228759_gene	candidate
p16.dialup	sgRNA_22228595.22228864_22228759_gene	candidate
MTAP	sgRNA_22228595.22228864_22228759_gene	candidate
DMRTA1	sgRNA_22228595.22228864_22228759_gene	candidate
IFNB1	sgRNA_22228595.22228864_22228759_gene	candidate
IFNE	sgRNA_22228595.22228864_22228759_gene	candidate
IFNWP19	sgRNA_22228595.22228864_22228759_gene	candidate
p14.dialup	sgRNA_22228595.22228864_22228759_gene	candidate
CDKN2B	sgRNA_22237537.22237902_22237673_gene	candidate
CDKN2B-AS1	sgRNA_22237537.22237902_22237673_gene	candidate
p16.dialup	sgRNA_22237537.22237902_22237673_gene	candidate
MTAP	sgRNA_22237537.22237902_22237673_gene	candidate
DMRTA1	sgRNA_22237537.22237902_22237673_gene	candidate
IFNB1	sgRNA_22237537.22237902_22237673_gene	candidate
IFNE	sgRNA_22237537.22237902_22237673_gene	candidate
IFNWP19	sgRNA_22237537.22237902_22237673_gene	candidate
p14.dialup	sgRNA_22237537.22237902_22237673_gene	candidate
CDKN2B	sgRNA_22237537.22237902_22237711_gene	candidate
CDKN2B-AS1	sgRNA_22237537.22237902_22237711_gene	candidate
p16.dialup	sgRNA_22237537.22237902_22237711_gene	candidate
MTAP	sgRNA_22237537.22237902_22237711_gene	candidate
DMRTA1	sgRNA_22237537.22237902_22237711_gene	candidate
IFNB1	sgRNA_22237537.22237902_22237711_gene	candidate
IFNE	sgRNA_22237537.22237902_22237711_gene	candidate
IFNWP19	sgRNA_22237537.22237902_22237711_gene	candidate
p14.dialup	sgRNA_22237537.22237902_22237711_gene	candidate
CDKN2B	sgRNA_22237537.22237902_22237786_gene	candidate
CDKN2B-AS1	sgRNA_22237537.22237902_22237786_gene	candidate
p16.dialup	sgRNA_22237537.22237902_22237786_gene	candidate
MTAP	sgRNA_22237537.22237902_22237786_gene	candidate
DMRTA1	sgRNA_22237537.22237902_22237786_gene	candidate
IFNB1	sgRNA_22237537.22237902_22237786_gene	candidate
IFNE	sgRNA_22237537.22237902_22237786_gene	candidate
IFNWP19	sgRNA_22237537.22237902_22237786_gene	candidate
p14.dialup	sgRNA_22237537.22237902_22237786_gene	candidate
CDKN2B	sgRNA_22237908.22238257_22238011_gene	candidate
CDKN2B-AS1	sgRNA_22237908.22238257_22238011_gene	candidate
p16.dialup	sgRNA_22237908.22238257_22238011_gene	candidate
MTAP	sgRNA_22237908.22238257_22238011_gene	candidate
DMRTA1	sgRNA_22237908.22238257_22238011_gene	candidate
IFNB1	sgRNA_22237908.22238257_22238011_gene	candidate
IFNE	sgRNA_22237908.22238257_22238011_gene	candidate
IFNWP19	sgRNA_22237908.22238257_22238011_gene	candidate
p14.dialup	sgRNA_22237908.22238257_22238011_gene	candidate
CDKN2B	sgRNA_22237908.22238257_22238085_gene	candidate
CDKN2B-AS1	sgRNA_22237908.22238257_22238085_gene	candidate
p16.dialup	sgRNA_22237908.22238257_22238085_gene	candidate
MTAP	sgRNA_22237908.22238257_22238085_gene	candidate
DMRTA1	sgRNA_22237908.22238257_22238085_gene	candidate
IFNB1	sgRNA_22237908.22238257_22238085_gene	candidate
IFNE	sgRNA_22237908.22238257_22238085_gene	candidate
IFNWP19	sgRNA_22237908.22238257_22238085_gene	candidate
p14.dialup	sgRNA_22237908.22238257_22238085_gene	candidate
CDKN2B	sgRNA_22237908.22238257_22238141_gene	candidate
CDKN2B-AS1	sgRNA_22237908.22238257_22238141_gene	candidate
p16.dialup	sgRNA_22237908.22238257_22238141_gene	candidate
MTAP	sgRNA_22237908.22238257_22238141_gene	candidate
DMRTA1	sgRNA_22237908.22238257_22238141_gene	candidate
IFNB1	sgRNA_22237908.22238257_22238141_gene	candidate
IFNE	sgRNA_22237908.22238257_22238141_gene	candidate
IFNWP19	sgRNA_22237908.22238257_22238141_gene	candidate
p14.dialup	sgRNA_22237908.22238257_22238141_gene	candidate
CDKN2B	sgRNA_22240607.22241123_22240742_gene	candidate
CDKN2B-AS1	sgRNA_22240607.22241123_22240742_gene	candidate
p16.dialup	sgRNA_22240607.22241123_22240742_gene	candidate
MTAP	sgRNA_22240607.22241123_22240742_gene	candidate
DMRTA1	sgRNA_22240607.22241123_22240742_gene	candidate
IFNB1	sgRNA_22240607.22241123_22240742_gene	candidate
IFNE	sgRNA_22240607.22241123_22240742_gene	candidate
IFNWP19	sgRNA_22240607.22241123_22240742_gene	candidate
p14.dialup	sgRNA_22240607.22241123_22240742_gene	candidate
CDKN2B	sgRNA_22240607.22241123_22240901_gene	candidate
CDKN2B-AS1	sgRNA_22240607.22241123_22240901_gene	candidate
p16.dialup	sgRNA_22240607.22241123_22240901_gene	candidate
MTAP	sgRNA_22240607.22241123_22240901_gene	candidate
DMRTA1	sgRNA_22240607.22241123_22240901_gene	candidate
IFNB1	sgRNA_22240607.22241123_22240901_gene	candidate
IFNE	sgRNA_22240607.22241123_22240901_gene	candidate
IFNWP19	sgRNA_22240607.22241123_22240901_gene	candidate
p14.dialup	sgRNA_22240607.22241123_22240901_gene	candidate
CDKN2B	sgRNA_22240607.22241123_22241076_gene	candidate
CDKN2B-AS1	sgRNA_22240607.22241123_22241076_gene	candidate
p16.dialup	sgRNA_22240607.22241123_22241076_gene	candidate
MTAP	sgRNA_22240607.22241123_22241076_gene	candidate
DMRTA1	sgRNA_22240607.22241123_22241076_gene	candidate
IFNB1	sgRNA_22240607.22241123_22241076_gene	candidate
IFNE	sgRNA_22240607.22241123_22241076_gene	candidate
IFNWP19	sgRNA_22240607.22241123_22241076_gene	candidate
p14.dialup	sgRNA_22240607.22241123_22241076_gene	candidate
CDKN2B	sgRNA_22240607.22241123_22241093_gene	candidate
CDKN2B-AS1	sgRNA_22240607.22241123_22241093_gene	candidate
p16.dialup	sgRNA_22240607.22241123_22241093_gene	candidate
MTAP	sgRNA_22240607.22241123_22241093_gene	candidate
DMRTA1	sgRNA_22240607.22241123_22241093_gene	candidate
IFNB1	sgRNA_22240607.22241123_22241093_gene	candidate
IFNE	sgRNA_22240607.22241123_22241093_gene	candidate
IFNWP19	sgRNA_22240607.22241123_22241093_gene	candidate
p14.dialup	sgRNA_22240607.22241123_22241093_gene	candidate
CDKN2B	sgRNA_22244141.22244453_22244290_gene	candidate
CDKN2B-AS1	sgRNA_22244141.22244453_22244290_gene	candidate
p16.dialup	sgRNA_22244141.22244453_22244290_gene	candidate
MTAP	sgRNA_22244141.22244453_22244290_gene	candidate
DMRTA1	sgRNA_22244141.22244453_22244290_gene	candidate
IFNB1	sgRNA_22244141.22244453_22244290_gene	candidate
IFNE	sgRNA_22244141.22244453_22244290_gene	candidate
IFNWP19	sgRNA_22244141.22244453_22244290_gene	candidate
p14.dialup	sgRNA_22244141.22244453_22244290_gene	candidate
CDKN2B	sgRNA_22244141.22244453_22244317_gene	candidate
CDKN2B-AS1	sgRNA_22244141.22244453_22244317_gene	candidate
p16.dialup	sgRNA_22244141.22244453_22244317_gene	candidate
MTAP	sgRNA_22244141.22244453_22244317_gene	candidate
DMRTA1	sgRNA_22244141.22244453_22244317_gene	candidate
IFNB1	sgRNA_22244141.22244453_22244317_gene	candidate
IFNE	sgRNA_22244141.22244453_22244317_gene	candidate
IFNWP19	sgRNA_22244141.22244453_22244317_gene	candidate
p14.dialup	sgRNA_22244141.22244453_22244317_gene	candidate
CDKN2B	sgRNA_22244141.22244453_22244320_gene	candidate
CDKN2B-AS1	sgRNA_22244141.22244453_22244320_gene	candidate
p16.dialup	sgRNA_22244141.22244453_22244320_gene	candidate
MTAP	sgRNA_22244141.22244453_22244320_gene	candidate
DMRTA1	sgRNA_22244141.22244453_22244320_gene	candidate
IFNB1	sgRNA_22244141.22244453_22244320_gene	candidate
IFNE	sgRNA_22244141.22244453_22244320_gene	candidate
IFNWP19	sgRNA_22244141.22244453_22244320_gene	candidate
p14.dialup	sgRNA_22244141.22244453_22244320_gene	candidate
CDKN2B	sgRNA_22244141.22244453_22244333_gene	candidate
CDKN2B-AS1	sgRNA_22244141.22244453_22244333_gene	candidate
p16.dialup	sgRNA_22244141.22244453_22244333_gene	candidate
MTAP	sgRNA_22244141.22244453_22244333_gene	candidate
DMRTA1	sgRNA_22244141.22244453_22244333_gene	candidate
IFNB1	sgRNA_22244141.22244453_22244333_gene	candidate
IFNE	sgRNA_22244141.22244453_22244333_gene	candidate
IFNWP19	sgRNA_22244141.22244453_22244333_gene	candidate
p14.dialup	sgRNA_22244141.22244453_22244333_gene	candidate
CDKN2B	sgRNA_22244669.22245061_22244764_gene	candidate
CDKN2B-AS1	sgRNA_22244669.22245061_22244764_gene	candidate
p16.dialup	sgRNA_22244669.22245061_22244764_gene	candidate
MTAP	sgRNA_22244669.22245061_22244764_gene	candidate
DMRTA1	sgRNA_22244669.22245061_22244764_gene	candidate
IFNB1	sgRNA_22244669.22245061_22244764_gene	candidate
IFNE	sgRNA_22244669.22245061_22244764_gene	candidate
IFNWP19	sgRNA_22244669.22245061_22244764_gene	candidate
p14.dialup	sgRNA_22244669.22245061_22244764_gene	candidate
CDKN2B	sgRNA_22244669.22245061_22244805_gene	candidate
CDKN2B-AS1	sgRNA_22244669.22245061_22244805_gene	candidate
p16.dialup	sgRNA_22244669.22245061_22244805_gene	candidate
MTAP	sgRNA_22244669.22245061_22244805_gene	candidate
DMRTA1	sgRNA_22244669.22245061_22244805_gene	candidate
IFNB1	sgRNA_22244669.22245061_22244805_gene	candidate
IFNE	sgRNA_22244669.22245061_22244805_gene	candidate
IFNWP19	sgRNA_22244669.22245061_22244805_gene	candidate
p14.dialup	sgRNA_22244669.22245061_22244805_gene	candidate
CDKN2B	sgRNA_22244669.22245061_22244881_gene	candidate
CDKN2B-AS1	sgRNA_22244669.22245061_22244881_gene	candidate
p16.dialup	sgRNA_22244669.22245061_22244881_gene	candidate
MTAP	sgRNA_22244669.22245061_22244881_gene	candidate
DMRTA1	sgRNA_22244669.22245061_22244881_gene	candidate
IFNB1	sgRNA_22244669.22245061_22244881_gene	candidate
IFNE	sgRNA_22244669.22245061_22244881_gene	candidate
IFNWP19	sgRNA_22244669.22245061_22244881_gene	candidate
p14.dialup	sgRNA_22244669.22245061_22244881_gene	candidate
CDKN2B	sgRNA_22244669.22245061_22244922_gene	candidate
CDKN2B-AS1	sgRNA_22244669.22245061_22244922_gene	candidate
p16.dialup	sgRNA_22244669.22245061_22244922_gene	candidate
MTAP	sgRNA_22244669.22245061_22244922_gene	candidate
DMRTA1	sgRNA_22244669.22245061_22244922_gene	candidate
IFNB1	sgRNA_22244669.22245061_22244922_gene	candidate
IFNE	sgRNA_22244669.22245061_22244922_gene	candidate
IFNWP19	sgRNA_22244669.22245061_22244922_gene	candidate
p14.dialup	sgRNA_22244669.22245061_22244922_gene	candidate
CDKN2B	sgRNA_22256470.22256708_22256530_gene	candidate
CDKN2B-AS1	sgRNA_22256470.22256708_22256530_gene	candidate
p16.dialup	sgRNA_22256470.22256708_22256530_gene	candidate
MTAP	sgRNA_22256470.22256708_22256530_gene	candidate
DMRTA1	sgRNA_22256470.22256708_22256530_gene	candidate
IFNB1	sgRNA_22256470.22256708_22256530_gene	candidate
IFNE	sgRNA_22256470.22256708_22256530_gene	candidate
IFNWP19	sgRNA_22256470.22256708_22256530_gene	candidate
p14.dialup	sgRNA_22256470.22256708_22256530_gene	candidate
CDKN2B	sgRNA_22256470.22256708_22256640_gene	candidate
CDKN2B-AS1	sgRNA_22256470.22256708_22256640_gene	candidate
p16.dialup	sgRNA_22256470.22256708_22256640_gene	candidate
MTAP	sgRNA_22256470.22256708_22256640_gene	candidate
DMRTA1	sgRNA_22256470.22256708_22256640_gene	candidate
IFNB1	sgRNA_22256470.22256708_22256640_gene	candidate
IFNE	sgRNA_22256470.22256708_22256640_gene	candidate
IFNWP19	sgRNA_22256470.22256708_22256640_gene	candidate
p14.dialup	sgRNA_22256470.22256708_22256640_gene	candidate
CDKN2B	sgRNA_22256470.22256708_22256661_gene	candidate
CDKN2B-AS1	sgRNA_22256470.22256708_22256661_gene	candidate
p16.dialup	sgRNA_22256470.22256708_22256661_gene	candidate
MTAP	sgRNA_22256470.22256708_22256661_gene	candidate
DMRTA1	sgRNA_22256470.22256708_22256661_gene	candidate
IFNB1	sgRNA_22256470.22256708_22256661_gene	candidate
IFNE	sgRNA_22256470.22256708_22256661_gene	candidate
IFNWP19	sgRNA_22256470.22256708_22256661_gene	candidate
p14.dialup	sgRNA_22256470.22256708_22256661_gene	candidate
CDKN2B	sgRNA_22256470.22256708_22256688_gene	candidate
CDKN2B-AS1	sgRNA_22256470.22256708_22256688_gene	candidate
p16.dialup	sgRNA_22256470.22256708_22256688_gene	candidate
MTAP	sgRNA_22256470.22256708_22256688_gene	candidate
DMRTA1	sgRNA_22256470.22256708_22256688_gene	candidate
IFNB1	sgRNA_22256470.22256708_22256688_gene	candidate
IFNE	sgRNA_22256470.22256708_22256688_gene	candidate
IFNWP19	sgRNA_22256470.22256708_22256688_gene	candidate
p14.dialup	sgRNA_22256470.22256708_22256688_gene	candidate
CDKN2B	sgRNA_22257028.22257383_22257036_gene	candidate
CDKN2B-AS1	sgRNA_22257028.22257383_22257036_gene	candidate
p16.dialup	sgRNA_22257028.22257383_22257036_gene	candidate
MTAP	sgRNA_22257028.22257383_22257036_gene	candidate
DMRTA1	sgRNA_22257028.22257383_22257036_gene	candidate
IFNB1	sgRNA_22257028.22257383_22257036_gene	candidate
IFNE	sgRNA_22257028.22257383_22257036_gene	candidate
IFNWP19	sgRNA_22257028.22257383_22257036_gene	candidate
p14.dialup	sgRNA_22257028.22257383_22257036_gene	candidate
CDKN2B	sgRNA_22257028.22257383_22257071_gene	candidate
CDKN2B-AS1	sgRNA_22257028.22257383_22257071_gene	candidate
p16.dialup	sgRNA_22257028.22257383_22257071_gene	candidate
MTAP	sgRNA_22257028.22257383_22257071_gene	candidate
DMRTA1	sgRNA_22257028.22257383_22257071_gene	candidate
IFNB1	sgRNA_22257028.22257383_22257071_gene	candidate
IFNE	sgRNA_22257028.22257383_22257071_gene	candidate
IFNWP19	sgRNA_22257028.22257383_22257071_gene	candidate
p14.dialup	sgRNA_22257028.22257383_22257071_gene	candidate
CDKN2B	sgRNA_22257028.22257383_22257132_gene	candidate
CDKN2B-AS1	sgRNA_22257028.22257383_22257132_gene	candidate
p16.dialup	sgRNA_22257028.22257383_22257132_gene	candidate
MTAP	sgRNA_22257028.22257383_22257132_gene	candidate
DMRTA1	sgRNA_22257028.22257383_22257132_gene	candidate
IFNB1	sgRNA_22257028.22257383_22257132_gene	candidate
IFNE	sgRNA_22257028.22257383_22257132_gene	candidate
IFNWP19	sgRNA_22257028.22257383_22257132_gene	candidate
p14.dialup	sgRNA_22257028.22257383_22257132_gene	candidate
CDKN2B	sgRNA_22257028.22257383_22257283_gene	candidate
CDKN2B-AS1	sgRNA_22257028.22257383_22257283_gene	candidate
p16.dialup	sgRNA_22257028.22257383_22257283_gene	candidate
MTAP	sgRNA_22257028.22257383_22257283_gene	candidate
DMRTA1	sgRNA_22257028.22257383_22257283_gene	candidate
IFNB1	sgRNA_22257028.22257383_22257283_gene	candidate
IFNE	sgRNA_22257028.22257383_22257283_gene	candidate
IFNWP19	sgRNA_22257028.22257383_22257283_gene	candidate
p14.dialup	sgRNA_22257028.22257383_22257283_gene	candidate
CDKN2B	sgRNA_22257406.22257722_22257612_gene	candidate
CDKN2B-AS1	sgRNA_22257406.22257722_22257612_gene	candidate
p16.dialup	sgRNA_22257406.22257722_22257612_gene	candidate
MTAP	sgRNA_22257406.22257722_22257612_gene	candidate
DMRTA1	sgRNA_22257406.22257722_22257612_gene	candidate
IFNB1	sgRNA_22257406.22257722_22257612_gene	candidate
IFNE	sgRNA_22257406.22257722_22257612_gene	candidate
IFNWP19	sgRNA_22257406.22257722_22257612_gene	candidate
p14.dialup	sgRNA_22257406.22257722_22257612_gene	candidate
CDKN2B	sgRNA_22257406.22257722_22257633_gene	candidate
CDKN2B-AS1	sgRNA_22257406.22257722_22257633_gene	candidate
p16.dialup	sgRNA_22257406.22257722_22257633_gene	candidate
MTAP	sgRNA_22257406.22257722_22257633_gene	candidate
DMRTA1	sgRNA_22257406.22257722_22257633_gene	candidate
IFNB1	sgRNA_22257406.22257722_22257633_gene	candidate
IFNE	sgRNA_22257406.22257722_22257633_gene	candidate
IFNWP19	sgRNA_22257406.22257722_22257633_gene	candidate
p14.dialup	sgRNA_22257406.22257722_22257633_gene	candidate
CDKN2B	sgRNA_22257406.22257722_22257636_gene	candidate
CDKN2B-AS1	sgRNA_22257406.22257722_22257636_gene	candidate
p16.dialup	sgRNA_22257406.22257722_22257636_gene	candidate
MTAP	sgRNA_22257406.22257722_22257636_gene	candidate
DMRTA1	sgRNA_22257406.22257722_22257636_gene	candidate
IFNB1	sgRNA_22257406.22257722_22257636_gene	candidate
IFNE	sgRNA_22257406.22257722_22257636_gene	candidate
IFNWP19	sgRNA_22257406.22257722_22257636_gene	candidate
p14.dialup	sgRNA_22257406.22257722_22257636_gene	candidate
CDKN2B	sgRNA_22257406.22257722_22257661_gene	candidate
CDKN2B-AS1	sgRNA_22257406.22257722_22257661_gene	candidate
p16.dialup	sgRNA_22257406.22257722_22257661_gene	candidate
MTAP	sgRNA_22257406.22257722_22257661_gene	candidate
DMRTA1	sgRNA_22257406.22257722_22257661_gene	candidate
IFNB1	sgRNA_22257406.22257722_22257661_gene	candidate
IFNE	sgRNA_22257406.22257722_22257661_gene	candidate
IFNWP19	sgRNA_22257406.22257722_22257661_gene	candidate
p14.dialup	sgRNA_22257406.22257722_22257661_gene	candidate
